# Blender 5.2.2 LTS
# www.blender.org
mtllib Gravitygun5.mtl
o graphys
v 0.049320 0.910787 -2.700562
v 0.060420 1.105992 -2.576398
v 0.059786 1.113031 -2.584991
v -0.461253 0.077690 -2.755213
v -0.460941 0.079558 -2.771600
v -0.468743 0.071591 -2.781096
v -0.536780 -0.057384 -3.210960
v -0.528561 -0.044263 -3.251925
v -0.549783 -0.070687 -3.226815
v -0.478106 0.034928 -2.749601
v -0.429940 0.019001 -2.730564
v -0.459693 0.053687 -2.727246
v 0.214698 0.715761 -2.218151
v 0.210142 0.580253 -0.697703
v 0.201518 0.741825 -2.220051
v 0.564127 -0.068299 -3.222440
v 0.576517 -0.082090 -3.238580
v 0.555794 -0.054861 -3.263218
v 0.275577 0.220037 -2.439630
v 0.396149 0.151486 -3.411259
v 0.390031 0.144837 -3.411782
v 0.209518 0.497335 -0.706627
v 0.224124 0.450254 -0.711846
v 0.247915 0.632912 -2.223713
v -0.013920 -0.168492 -2.314014
v -0.005389 -0.329850 -0.793685
v -0.040655 -0.368606 -0.797510
v 0.119490 -0.126153 -2.303322
v 0.115017 -0.222101 -0.783227
v 0.087105 -0.260481 -0.787086
v 0.388575 0.334657 -2.256259
v 0.339120 0.172324 -0.742881
v 0.366408 0.133414 -0.747331
v -0.348378 0.262881 -0.117849
v -0.375946 0.394531 -0.715784
v -0.383333 0.351883 -0.720316
v 0.096136 0.412270 -0.005663
v 0.184864 0.377412 0.009397
v 0.185935 0.543393 -0.069292
v 0.405565 0.269794 -0.037623
v 0.387433 0.332578 -0.126766
v 0.394070 0.298470 -0.054609
v -0.026820 -0.017317 -2.253936
v -0.018497 -0.174196 -0.776782
v -0.031292 -0.260575 -0.785968
v -0.255271 0.292811 -2.218341
v -0.323411 0.132859 -0.740782
v -0.331943 0.292267 -2.242325
v 0.366200 0.032618 0.238676
v 0.380109 0.115271 0.165417
v 0.246731 0.103549 0.275807
v 0.335427 -0.158383 -0.779159
v 0.228556 -0.260978 -0.789180
v 0.227183 -0.252609 -0.841610
v 0.357356 0.650464 -2.274109
v 0.381221 0.645971 -2.313301
v 0.356014 0.654302 -2.312851
v -0.291057 -0.069171 -0.826796
v -0.277742 -0.087892 -0.812347
v -0.277637 -0.086009 -0.828731
v 0.281986 -0.164330 -0.842534
v 0.295896 -0.149576 -0.824492
v 0.295635 -0.147662 -0.840859
v -0.453763 -0.084489 -1.917285
v -0.438990 -0.067786 -1.916445
v -0.446064 -0.077884 -1.893929
v -0.435661 -0.035087 -2.224952
v -0.407573 -0.003078 -2.225429
v -0.382190 0.032725 -2.298725
v 0.491119 -0.085656 -1.903569
v 0.484087 -0.075289 -1.925926
v 0.476867 -0.068395 -1.902403
v 0.477491 -0.042400 -2.234323
v 0.424935 0.027448 -2.306903
v 0.450318 -0.009330 -2.234178
v 0.497923 -0.042269 -1.946500
v 0.490703 -0.035374 -1.922979
v 0.504955 -0.052634 -1.924144
v 0.065716 0.746235 -2.084012
v 0.023219 0.654117 -2.081721
v 0.065768 0.654152 -2.082124
v 0.531098 -0.033039 -1.951320
v 0.523254 -0.003480 -2.199596
v 0.522245 -0.022320 -1.950594
v 0.517605 -0.029908 -2.201508
v 0.483265 0.019871 -2.300245
v 0.490900 0.011282 -2.309157
v 0.024468 0.893624 -1.836322
v 0.024468 0.869933 -1.838875
v 0.024675 0.879401 -1.814717
v 0.012920 0.621337 -1.934703
v 0.019891 0.489041 -0.694442
v 0.031127 0.487744 -0.694677
v 0.044962 0.888888 -2.148748
v 0.022699 0.843915 -2.155476
v 0.044962 0.843933 -2.155686
v 0.022803 0.888870 -2.148537
v 0.022283 0.808950 -2.234713
v 0.022075 0.831116 -2.279421
v 0.490485 -0.057796 -1.939378
v 0.486000 -0.053548 -1.924332
v 0.524742 -0.011488 -1.921025
v 0.080009 0.788252 -2.308589
v 0.060150 0.786818 -2.291963
v 0.060046 0.788235 -2.308400
v -0.223230 0.212631 -2.435510
v -0.226143 0.206492 -2.405750
v -0.239771 0.189270 -2.387328
v -0.383958 0.077722 -2.413063
v -0.433164 0.014056 -2.330168
v -0.388535 0.067928 -2.363728
v -0.423385 -0.076852 -1.903628
v -0.386038 -0.120373 -1.907792
v -0.381668 -0.114137 -1.921335
v -0.115246 0.591583 -2.364674
v -0.115350 0.049094 -2.423113
v -0.188276 0.118956 -2.414890
v 0.279104 0.427779 -2.386097
v 0.279073 0.213534 -2.409175
v 0.231489 0.119293 -2.418873
v 0.022803 0.888870 -2.148537
v 0.022283 0.808950 -2.234713
v 0.022699 0.843915 -2.155476
v 0.024675 0.855710 -1.817267
v 0.024468 0.846242 -1.841426
v 0.435556 0.018350 -2.354450
v 0.498338 -0.092548 -1.927091
v 0.491119 -0.085656 -1.903569
v 0.484087 -0.075289 -1.925926
v 0.476867 -0.068395 -1.902403
v 0.469834 -0.058030 -1.924761
v -0.393737 0.024052 -2.346023
v -0.446064 -0.077884 -1.893929
v -0.431292 -0.061180 -1.893090
v -0.438990 -0.067786 -1.916445
v -0.431292 -0.061180 -1.893090
v -0.424217 -0.051084 -1.915606
v -0.556335 0.013082 0.396075
v -0.445438 -0.034359 0.414907
v -0.464268 0.047852 0.392533
v -0.556335 0.013082 0.396075
v -0.505464 0.091748 0.351288
v -0.464268 0.047852 0.392533
v -0.450640 0.077729 0.437014
v -0.463852 0.123982 0.405274
v -0.436388 0.108940 0.419734
v -0.450640 0.077729 0.437014
v -0.463852 0.123982 0.405274
v -0.505464 0.091748 0.351288
v -0.450640 0.077729 0.437014
v -0.418702 0.040941 0.462277
v -0.436388 0.108940 0.419734
v -0.374385 0.020656 0.476060
v -0.418702 0.040941 0.462277
v -0.374385 0.020656 0.476060
v -0.445438 -0.034359 0.414907
v -0.450640 0.077729 0.437014
v -0.326427 0.020694 0.475615
v -0.374385 0.020656 0.476060
v -0.373241 0.079546 0.436996
v -0.373241 0.079546 0.436996
v -0.258495 0.081177 0.437179
v -0.270978 0.086957 0.433286
v -0.295634 0.068902 0.444699
v -0.258495 0.081177 0.437179
v -0.286271 0.045576 0.462153
v -0.295634 0.068902 0.444699
v -0.332044 0.066614 0.446874
v -0.286271 0.045576 0.462153
v -0.332044 0.066614 0.446874
v -0.326427 0.020694 0.475615
v -0.373241 0.079546 0.436996
v -0.281798 0.036523 0.459853
v -0.258495 0.081177 0.437179
v -0.252045 0.074594 0.433128
v 0.259943 0.554120 -0.233325
v 0.211652 0.547854 -0.152745
v 0.231158 0.525483 -0.150575
v 0.255906 0.528752 -0.193663
v 0.413784 0.326392 -0.144481
v 0.218528 0.624817 -0.696669
v 0.405565 0.269794 -0.037623
v 0.413784 0.326392 -0.144481
v 0.413139 0.263494 -0.125086
v 0.413139 0.263494 -0.125086
v 0.433851 0.395183 -0.723479
v 0.269888 0.612404 -0.698501
v -0.274515 0.154421 0.360925
v -0.271811 0.076262 0.414404
v -0.264009 0.115210 0.387565
v -0.295946 0.045217 0.436124
v -0.416414 0.185963 0.340851
v -0.440445 0.154288 0.362502
v -0.447519 0.115062 0.389303
v -0.380210 0.203638 0.328631
v -0.339015 0.203671 0.328240
v -0.301252 0.186055 0.339759
v -0.331733 0.028048 0.448401
v -0.372200 0.028016 0.448778
v -0.409547 0.045125 0.437202
v -0.436388 0.076129 0.415967
v -0.339848 0.269194 -0.030548
v -0.328612 0.297888 -0.047749
v -0.322786 0.332007 -0.120014
v -0.349314 0.325779 -0.137244
v -0.349314 0.325779 -0.137244
v -0.192228 0.528391 -0.189418
v -0.322786 0.332007 -0.120014
v -0.349314 0.325779 -0.137244
v -0.192228 0.528391 -0.189418
v -0.196701 0.553751 -0.228986
v -0.166948 0.525164 -0.146801
v -0.147494 0.547566 -0.149335
v -0.339848 0.269194 -0.030548
v -0.348378 0.262881 -0.117849
v -0.349314 0.325779 -0.137244
v -0.264945 -0.024530 -0.192138
v -0.279613 0.121784 -0.220987
v -0.277533 0.073387 -0.153080
v -0.349314 0.325779 -0.137244
v -0.211890 0.612014 -0.693933
v -0.196701 0.553751 -0.228986
v -0.349314 0.325779 -0.137244
v -0.160602 0.624502 -0.693071
v -0.375946 0.394531 -0.715784
v -0.147494 0.547566 -0.149335
v 0.617465 -0.242303 -1.869116
v 0.613647 -0.237673 -1.868869
v 0.613731 -0.236174 -1.888690
v 0.617465 -0.242303 -1.869116
v 0.617548 -0.240804 -1.888933
v 0.613731 -0.236174 -1.888690
v -0.576415 -0.229604 -1.856591
v -0.572461 -0.225124 -1.856432
v -0.572774 -0.223618 -1.876247
v -0.576415 -0.229604 -1.856591
v -0.576726 -0.228098 -1.876402
v -0.572774 -0.223618 -1.876247
v 0.564127 -0.068299 -3.222440
v 0.576517 -0.082090 -3.238580
v 0.549054 -0.051220 -3.206557
v -0.536780 -0.057384 -3.210960
v -0.549783 -0.070687 -3.226815
v -0.520967 -0.040897 -3.195424
v 0.024884 1.085122 -1.747369
v 0.024884 1.078776 -1.748119
v 0.024780 1.080829 -1.767888
v 0.024884 1.085122 -1.747369
v 0.024780 1.087165 -1.767136
v 0.024780 1.080829 -1.767888
v 0.017185 1.127904 -3.112605
v 0.016977 1.118060 -3.155498
v 0.017185 1.149969 -3.125491
v 0.017185 1.127904 -3.112605
v 0.017288 1.101422 -3.100676
v 0.017185 1.149969 -3.125491
v 0.014896 0.553563 -3.573463
v 0.015000 0.658146 -3.553600
v 0.014896 0.527249 -3.571958
v 0.042049 1.127914 -3.112842
v 0.049580 1.118077 -3.155808
v 0.017185 1.149969 -3.125491
v 0.049851 1.075544 -3.110820
v 0.038199 0.662041 -3.549635
v 0.037991 0.679133 -3.566918
v 0.047385 0.617393 -3.587687
v 0.047489 0.553589 -3.573772
v 0.049892 1.101449 -3.100984
v -0.019123 0.617339 -3.587057
v -0.019018 0.553536 -3.573141
v -0.009447 0.662003 -3.549184
v -0.009656 0.679094 -3.566464
v -0.016938 1.118032 -3.155176
v -0.016625 1.075489 -3.110190
v -0.008927 1.127882 -3.112357
v 0.017185 1.149969 -3.125491
v -0.016625 1.101394 -3.100354
v 0.076514 0.907964 -2.687748
v 0.076503 0.933583 -2.686710
v 0.076556 0.920366 -2.678992
v 0.076421 0.934398 -2.703184
v 0.076368 0.922006 -2.711941
v 0.076421 0.908789 -2.704223
v -0.038367 0.907879 -2.686656
v -0.038575 0.921910 -2.710849
v -0.038471 0.908693 -2.703133
v -0.038471 0.934313 -2.702091
v -0.038367 0.933488 -2.685620
v -0.038367 0.920271 -2.677901
v -0.009447 0.662003 -3.549184
v 0.014896 0.527249 -3.571958
v 0.015000 0.658146 -3.553600
v -0.019018 0.553536 -3.573141
v 0.047489 0.553589 -3.573772
v 0.038199 0.662041 -3.549635
v 0.017288 1.075517 -3.110512
v -0.016625 1.075489 -3.110190
v 0.049851 1.075544 -3.110820
v 0.017288 1.075517 -3.110512
v 0.049892 1.101449 -3.100984
v 0.017288 1.101422 -3.100676
v 0.049851 1.075544 -3.110820
v 0.042049 1.127914 -3.112842
v 0.017185 1.149969 -3.125491
v -0.008927 1.127882 -3.112357
v 0.017185 1.149969 -3.125491
v -0.016625 1.101394 -3.100354
v -0.016625 1.075489 -3.110190
v 0.017185 1.127904 -3.112605
v 0.017185 1.149969 -3.125491
v 0.017288 1.101422 -3.100676
v 0.017185 1.127904 -3.112605
v 0.017185 1.149969 -3.125491
v 0.016977 1.118060 -3.155498
v -0.016938 1.118032 -3.155176
v 0.017185 1.149969 -3.125491
v 0.016977 1.118060 -3.155498
v 0.049580 1.118077 -3.155808
v 0.016977 1.118060 -3.155498
v 0.017185 1.149969 -3.125491
v 0.014792 0.617367 -3.587379
v 0.047385 0.617393 -3.587687
v 0.047489 0.553589 -3.573772
v 0.014896 0.527249 -3.571958
v -0.019018 0.553536 -3.573141
v -0.019123 0.617339 -3.587057
v 0.014896 0.676512 -3.569222
v -0.009656 0.679094 -3.566464
v -0.016938 1.118032 -3.155176
v 0.037991 0.679133 -3.566918
v 0.049580 1.118077 -3.155808
v 0.029044 0.574682 -2.406260
v 0.029253 0.597419 -2.354209
v 0.029149 0.577056 -2.375786
v 0.029149 0.628470 -2.382858
v 0.023635 0.868255 -3.345016
v 0.023635 0.882260 -3.336435
v -0.038471 0.908693 -2.703133
v -0.024219 0.908705 -2.703269
v -0.038367 0.907879 -2.686656
v -0.024115 0.907890 -2.686792
v -0.011319 0.910736 -2.699985
v -0.011423 0.917742 -2.713331
v -0.020683 1.112964 -2.584227
v -0.030045 1.112110 -2.585093
v -0.019018 0.917735 -2.713259
v -0.030773 1.105101 -2.576472
v -0.018914 0.910730 -2.699914
v -0.021202 1.105924 -2.575622
v -0.041279 1.100249 -1.754119
v -0.055532 1.100237 -1.753983
v -0.041176 1.098224 -1.734547
v -0.055428 1.098229 -1.734610
v -0.041176 1.085085 -1.746937
v -0.041279 1.087121 -1.766509
v -0.055636 1.087109 -1.766373
v -0.055532 1.085090 -1.746999
v 0.043506 1.080833 -1.767930
v 0.036015 1.078791 -1.748287
v 0.033935 0.621354 -1.934902
v 0.043506 1.080833 -1.767930
v 0.033935 0.621354 -1.934902
v 0.033726 0.591663 -1.947015
v 0.033622 0.605718 -1.959216
v 0.024051 0.591611 -1.946885
v 0.033622 0.605718 -1.959216
v 0.033726 0.591663 -1.947015
v 0.023947 0.605806 -1.959207
v 0.024051 0.591611 -1.946885
v 0.012920 0.605702 -1.959017
v 0.023947 0.605806 -1.959207
v 0.012920 0.591647 -1.946816
v 0.004806 1.080801 -1.767564
v 0.012920 0.605702 -1.959017
v 0.012920 0.591647 -1.946816
v 0.012920 0.621337 -1.934703
v 0.004806 1.080801 -1.767564
v 0.012920 0.621337 -1.934703
v 0.012504 1.078771 -1.748064
v 0.024780 1.087165 -1.767136
v 0.024884 1.100304 -1.754747
v 0.089664 1.100358 -1.755362
v 0.089778 1.098322 -1.735790
v 0.024988 1.098251 -1.734979
v 0.024780 1.080829 -1.767888
v 0.089602 1.087219 -1.767751
v 0.024884 1.085122 -1.747369
v 0.024780 1.080829 -1.767888
v 0.024780 1.087165 -1.767136
v 0.024884 1.085122 -1.747369
v 0.024780 1.080829 -1.767888
v 0.024884 1.078776 -1.748119
v 0.103906 1.087231 -1.767886
v 0.104083 1.098362 -1.736124
v 0.104020 1.085222 -1.748512
v 0.089706 1.085193 -1.748180
v 0.103968 1.100370 -1.755498
v 0.069149 1.112193 -2.586035
v 0.049248 0.917792 -2.713907
v 0.056862 0.910793 -2.700633
v 0.069898 1.105184 -2.577426
v 0.056779 0.917798 -2.713978
v 0.021555 0.628464 -2.382787
v 0.013128 0.628457 -2.382707
v 0.013336 0.597406 -2.354058
v 0.021555 0.628464 -2.382787
v 0.029253 0.597419 -2.354209
v 0.029149 0.628470 -2.382858
v -0.001332 0.909377 -2.281483
v -0.006534 1.011206 -3.204873
v -0.001748 0.795779 -2.353925
v -0.006534 1.044234 -3.201507
v 0.022179 0.909386 -2.281708
v 0.016977 1.044254 -3.201731
v 0.039239 1.044272 -3.201941
v 0.044441 0.909405 -2.281919
v 0.039239 1.011244 -3.205308
v 0.044025 0.795817 -2.354360
v 0.021451 0.574676 -2.406188
v 0.023635 0.868255 -3.345016
v 0.029044 0.574682 -2.406260
v 0.016040 0.868249 -3.344944
v 0.007614 0.868242 -3.344864
v 0.013024 0.574669 -2.406108
v 0.016040 0.882254 -3.336363
v 0.029149 0.628470 -2.382858
v 0.023635 0.882260 -3.336435
v 0.021555 0.628464 -2.382787
v 0.013128 0.628457 -2.382707
v 0.007614 0.882247 -3.336284
v 0.013024 0.574669 -2.406108
v 0.013232 0.577043 -2.375634
v 0.013336 0.597406 -2.354058
v 0.013128 0.628457 -2.382707
v 0.007614 0.868242 -3.344864
v 0.007614 0.882247 -3.336284
v -0.001748 0.795779 -2.353925
v -0.001228 0.867949 -2.259626
v -0.001332 0.909377 -2.281483
v -0.001436 0.799177 -2.303483
v 0.044025 0.795817 -2.354360
v 0.044545 0.867987 -2.260060
v 0.044337 0.799215 -2.303917
v 0.044441 0.909405 -2.281919
v 0.039239 1.011244 -3.205308
v -0.001748 0.795779 -2.353925
v -0.006534 1.011206 -3.204873
v 0.044025 0.795817 -2.354360
v -0.024427 0.923028 -2.733296
v 0.019577 0.891953 -2.715545
v -0.024324 0.891917 -2.715128
v 0.019786 0.890022 -2.676760
v -0.024115 0.889986 -2.676343
v -0.024011 0.919166 -2.655726
v 0.019890 0.919202 -2.656143
v -0.024115 0.950288 -2.673894
v 0.019786 0.950314 -2.674311
v -0.024324 0.952219 -2.712679
v 0.019577 0.952255 -2.713095
v 0.019473 0.923065 -2.733713
v 0.062085 0.952291 -2.713500
v 0.061981 0.923100 -2.734116
v 0.062096 0.891989 -2.715947
v 0.062314 0.890057 -2.677162
v 0.062418 0.919238 -2.656547
v 0.062303 0.950349 -2.674716
v -0.024115 0.920282 -2.678037
v -0.038367 0.907879 -2.686656
v -0.024115 0.907890 -2.686792
v -0.038367 0.920271 -2.677901
v -0.024115 0.933499 -2.685755
v -0.038367 0.933488 -2.685620
v -0.024219 0.934324 -2.702227
v -0.038471 0.934313 -2.702091
v -0.038575 0.921910 -2.710849
v -0.024324 0.921922 -2.710986
v -0.038471 0.908693 -2.703133
v -0.024219 0.908705 -2.703269
v 0.062105 0.921994 -2.711804
v 0.076421 0.908789 -2.704223
v 0.062158 0.908777 -2.704088
v 0.076368 0.922006 -2.711941
v 0.062147 0.934386 -2.703047
v 0.076421 0.934398 -2.703184
v 0.076503 0.933583 -2.686710
v 0.062240 0.933571 -2.686574
v 0.076556 0.920366 -2.678992
v 0.062293 0.920354 -2.678856
v 0.076514 0.907964 -2.687748
v 0.062251 0.907952 -2.687612
v -0.159564 0.406516 -3.584653
v -0.235714 0.321158 -3.597901
v -0.225208 0.331508 -3.579868
v -0.198367 0.364602 -3.607444
v -0.554152 -0.037162 -3.209026
v -0.551448 -0.017690 -3.249382
v -0.549783 -0.070687 -3.226815
v -0.527313 0.004980 -3.198920
v -0.244037 0.347100 -3.574478
v -0.253712 0.337875 -3.593971
v -0.221150 0.391175 -3.604901
v -0.182451 0.433089 -3.582111
v -0.543854 -0.014325 -3.192880
v -0.174544 0.336931 -3.610091
v -0.135741 0.378846 -3.587301
v -0.210539 0.308237 -3.578197
v -0.220318 0.299011 -3.597688
v -0.504842 -0.071934 -3.254572
v -0.480707 -0.049264 -3.204110
v -0.518470 -0.078705 -3.213000
v -0.549783 -0.070687 -3.226815
v -0.497143 -0.068567 -3.198070
v -0.477170 0.059884 -2.757820
v -0.469367 0.067852 -2.748323
v -0.476858 0.061752 -2.774205
v -0.380629 -0.016050 -2.764181
v -0.388120 -0.022149 -2.790065
v -0.380317 -0.014181 -2.780568
v -0.396234 -0.031988 -2.783174
v -0.396546 -0.033856 -2.766788
v -0.388744 -0.025887 -2.757292
v -0.210539 0.308237 -3.578197
v -0.143440 0.424429 -3.579436
v -0.225208 0.331508 -3.579868
v -0.135741 0.378846 -3.587301
v -0.182451 0.433089 -3.582111
v -0.244037 0.347100 -3.574478
v -0.504530 -0.021593 -3.201464
v -0.480707 -0.049264 -3.204110
v -0.527313 0.004980 -3.198920
v -0.518470 -0.078705 -3.213000
v -0.520967 -0.040897 -3.195424
v -0.549783 -0.070687 -3.226815
v -0.497143 -0.068567 -3.198070
v -0.504530 -0.021593 -3.201464
v -0.480707 -0.049264 -3.204110
v -0.536780 -0.057384 -3.210960
v -0.520967 -0.040897 -3.195424
v -0.549783 -0.070687 -3.226815
v -0.527313 0.004980 -3.198920
v -0.543854 -0.014325 -3.192880
v -0.554152 -0.037162 -3.209026
v -0.549783 -0.070687 -3.226815
v -0.234361 0.225665 -2.434262
v -0.251006 0.202306 -2.386081
v -0.237378 0.219526 -2.404503
v -0.268796 0.185138 -2.418778
v -0.370330 0.162036 -3.403007
v -0.379485 0.151120 -3.396518
v -0.399147 -0.016783 -2.733988
v -0.390616 -0.004415 -2.763068
v -0.380109 0.006375 -2.750210
v -0.379381 0.010776 -2.788787
v -0.390304 -0.002546 -2.779455
v -0.397794 -0.007983 -2.811142
v -0.398106 -0.010514 -2.788950
v -0.416727 -0.031142 -2.794920
v -0.406221 -0.020352 -2.782061
v -0.406532 -0.022220 -2.765675
v -0.417456 -0.035540 -2.756343
v -0.398730 -0.014252 -2.756179
v -0.458756 0.059954 -2.782209
v -0.460941 0.079558 -2.771600
v -0.450954 0.067923 -2.772712
v -0.468743 0.071591 -2.781096
v -0.466871 0.050117 -2.775318
v -0.476858 0.061752 -2.774205
v -0.477170 0.059884 -2.757820
v -0.467079 0.048249 -2.758933
v -0.469367 0.067852 -2.748323
v -0.459381 0.056216 -2.749436
v -0.461253 0.077690 -2.755213
v -0.451266 0.066055 -2.756326
v 0.195629 0.409911 -3.587753
v 0.269064 0.321682 -3.602683
v 0.232809 0.366540 -3.611398
v 0.259036 0.332427 -3.584418
v 0.545152 -0.088904 -3.224061
v 0.531160 -0.081603 -3.265323
v 0.576517 -0.082090 -3.238580
v 0.508439 -0.058034 -3.214334
v 0.243795 0.309729 -3.582411
v 0.252970 0.300141 -3.602114
v 0.208175 0.339798 -3.613499
v 0.171005 0.383170 -3.589856
v 0.524418 -0.077961 -3.208659
v 0.256466 0.392220 -3.609377
v 0.219285 0.435592 -3.585732
v 0.278396 0.347286 -3.579456
v 0.287571 0.337699 -3.599162
v 0.579440 -0.029181 -3.261199
v 0.556721 -0.005613 -3.210211
v 0.582125 -0.048755 -3.220902
v 0.576517 -0.082090 -3.238580
v 0.572710 -0.025539 -3.204537
v 0.533064 -0.031292 -3.212231
v 0.524418 -0.077961 -3.208659
v 0.549054 -0.051220 -3.206557
v 0.508439 -0.058034 -3.214334
v 0.545152 -0.088904 -3.224061
v 0.576517 -0.082090 -3.238580
v 0.582125 -0.048755 -3.220902
v 0.576517 -0.082090 -3.238580
v 0.572710 -0.025539 -3.204537
v 0.556721 -0.005613 -3.210211
v 0.564127 -0.068299 -3.222440
v 0.549054 -0.051220 -3.206557
v 0.576517 -0.082090 -3.238580
v 0.259036 0.332427 -3.584418
v 0.533064 -0.031292 -3.212231
v 0.278396 0.347286 -3.579456
v 0.556721 -0.005613 -3.210211
v 0.219285 0.435592 -3.585732
v 0.180056 0.428433 -3.582177
v 0.243795 0.309729 -3.582411
v 0.508439 -0.058034 -3.214334
v 0.171005 0.383170 -3.589856
v -0.159564 0.406516 -3.584653
v -0.225208 0.331508 -3.579868
v -0.143440 0.424429 -3.579436
v 0.314433 0.184159 -2.424440
v 0.410463 0.146174 -3.404504
v 0.401631 0.157433 -3.410791
v 0.281060 0.225985 -2.439162
v 0.297600 0.201990 -2.391354
v 0.284233 0.219729 -2.409472
v 0.302823 0.171562 -2.425431
v 0.390031 0.144837 -3.411782
v 0.398853 0.133576 -3.405493
v 0.269460 0.213389 -2.440154
v 0.285991 0.189393 -2.392344
v 0.272623 0.207132 -2.410462
v -0.459693 0.053687 -2.727246
v -0.440655 0.076843 -2.743468
v -0.451266 0.066055 -2.756326
v -0.440031 0.081245 -2.782045
v -0.450954 0.067923 -2.772712
v -0.458341 0.062486 -2.804400
v -0.458756 0.059954 -2.782209
v -0.477378 0.039327 -2.788177
v -0.466871 0.050117 -2.775318
v -0.467079 0.048249 -2.758933
v -0.478106 0.034928 -2.749601
v -0.459381 0.056216 -2.749436
v -0.536780 -0.057384 -3.210960
v -0.549783 -0.070687 -3.226815
v -0.528561 -0.044263 -3.251925
v -0.504842 -0.071934 -3.254572
v -0.549783 -0.070687 -3.226815
v -0.528561 -0.044263 -3.251925
v -0.551448 -0.017690 -3.249382
v -0.528561 -0.044263 -3.251925
v -0.549783 -0.070687 -3.226815
v -0.198367 0.364602 -3.607444
v -0.221150 0.391175 -3.604901
v -0.182451 0.433089 -3.582111
v -0.143440 0.424429 -3.579436
v -0.135741 0.378846 -3.587301
v -0.174544 0.336931 -3.610091
v -0.235714 0.321158 -3.597901
v -0.220318 0.299011 -3.597688
v -0.504842 -0.071934 -3.254572
v -0.253712 0.337875 -3.593971
v -0.551448 -0.017690 -3.249382
v 0.269064 0.321682 -3.602683
v 0.256466 0.392220 -3.609377
v 0.287571 0.337699 -3.599162
v 0.232809 0.366540 -3.611398
v 0.219285 0.435592 -3.585732
v 0.180056 0.428433 -3.582177
v 0.171005 0.383170 -3.589856
v 0.208175 0.339798 -3.613499
v 0.252970 0.300141 -3.602114
v 0.531160 -0.081603 -3.265323
v 0.579440 -0.029181 -3.261199
v 0.531160 -0.081603 -3.265323
v 0.555794 -0.054861 -3.263218
v 0.576517 -0.082090 -3.238580
v 0.579440 -0.029181 -3.261199
v 0.576517 -0.082090 -3.238580
v 0.555794 -0.054861 -3.263218
v -0.380317 -0.014181 -2.780568
v -0.390304 -0.002546 -2.779455
v -0.380629 -0.016050 -2.764181
v -0.390616 -0.004415 -2.763068
v -0.400811 0.006043 -2.775376
v -0.404452 0.003186 -2.789550
v -0.524400 -0.158498 -2.690598
v -0.517222 -0.165416 -2.692153
v -0.399147 -0.002960 -2.790138
v -0.512853 -0.162431 -2.682706
v -0.395506 -0.000105 -2.775964
v -0.520030 -0.155399 -2.681154
v -0.538964 -0.292927 -1.871191
v -0.528977 -0.304596 -1.872308
v -0.538652 -0.294418 -1.851573
v -0.528664 -0.306073 -1.852890
v -0.530017 -0.283534 -1.861948
v -0.530329 -0.282043 -1.881565
v -0.520238 -0.293712 -1.882681
v -0.519926 -0.295190 -1.863261
v -0.585882 -0.208400 -1.874655
v -0.580264 -0.216051 -1.855628
v -0.287625 0.125721 -1.975169
v -0.585882 -0.208400 -1.874655
v -0.287625 0.125721 -1.975169
v -0.268691 0.147904 -1.982929
v -0.276702 0.139995 -1.996974
v -0.261825 0.139980 -1.983646
v -0.276702 0.139995 -1.996974
v -0.268691 0.147904 -1.982929
v -0.269939 0.132018 -1.997830
v -0.261825 0.139980 -1.983646
v -0.262137 0.123051 -1.998595
v -0.269939 0.132018 -1.997830
v -0.254023 0.130909 -1.984556
v -0.558729 -0.239953 -1.877675
v -0.262137 0.123051 -1.998595
v -0.254023 0.130909 -1.984556
v -0.272956 0.108589 -1.976809
v -0.558729 -0.239953 -1.877675
v -0.272956 0.108589 -1.976809
v -0.563723 -0.235285 -1.857467
v -0.576726 -0.228098 -1.876402
v -0.585362 -0.238982 -1.866032
v -0.630822 -0.186134 -1.860975
v -0.630511 -0.187627 -1.841357
v -0.585049 -0.240488 -1.846216
v -0.572774 -0.223618 -1.876247
v -0.443360 0.055548 -2.770640
v -0.577352 -0.088782 -2.674781
v -0.580889 -0.092839 -2.684318
v -0.622188 -0.175251 -1.871347
v -0.576415 -0.229604 -1.856591
v -0.572774 -0.223618 -1.876247
v -0.576726 -0.228098 -1.876402
v -0.576415 -0.229604 -1.856591
v -0.572774 -0.223618 -1.876247
v -0.572461 -0.225124 -1.856432
v -0.632176 -0.163581 -1.870232
v -0.640602 -0.175941 -1.840440
v -0.631863 -0.165058 -1.850811
v -0.621877 -0.176742 -1.851731
v -0.640914 -0.174465 -1.859859
v -0.586819 -0.084473 -2.684410
v -0.447001 0.052692 -2.784813
v -0.448665 0.061695 -2.770052
v -0.583489 -0.080342 -2.674852
v -0.452307 0.058839 -2.784225
v -0.263490 0.178984 -2.419368
v -0.257560 0.172104 -2.420026
v -0.239771 0.189270 -2.387328
v -0.263490 0.178984 -2.419368
v -0.251006 0.202306 -2.386081
v -0.268796 0.185138 -2.418778
v -0.477378 0.039327 -2.788177
v -0.448249 0.000243 -2.752918
v -0.410902 0.042157 -2.746786
v -0.440655 0.076843 -2.743468
v -0.440031 0.081245 -2.782045
v -0.410174 0.046560 -2.785363
v -0.458341 0.062486 -2.804400
v -0.428483 0.027800 -2.807719
v -0.447521 0.004641 -2.791496
v -0.416727 -0.031142 -2.794920
v -0.417456 -0.035540 -2.756343
v -0.399147 -0.016783 -2.733988
v -0.380109 0.006375 -2.750210
v -0.379381 0.010776 -2.788787
v -0.397794 -0.007983 -2.811142
v 0.393257 0.036295 -2.424117
v 0.441663 -0.029244 -2.342318
v 0.398199 0.026318 -2.374888
v 0.465060 -0.055482 -2.370318
v 0.426495 0.072380 -2.421279
v 0.474900 0.006842 -2.339481
v 0.498297 -0.019397 -2.367480
v 0.431437 0.062404 -2.372051
v 0.393257 0.036295 -2.424117
v 0.426495 0.072380 -2.421279
v 0.505621 0.046356 -3.294146
v 0.472382 0.010271 -3.296983
v 0.514588 0.026091 -2.759865
v 0.497122 0.045536 -2.737106
v 0.466245 0.012016 -2.739743
v 0.483711 -0.007429 -2.762501
v 0.513506 0.030523 -2.798422
v 0.482630 -0.002998 -2.801059
v 0.432216 -0.013698 -2.819577
v 0.414739 0.005748 -2.796819
v 0.446593 0.040329 -2.794101
v 0.447685 0.035893 -2.755543
v 0.415832 0.001312 -2.758263
v 0.434391 -0.022566 -2.742462
v 0.451868 -0.042011 -2.765219
v 0.450776 -0.037578 -2.803778
v 0.464060 0.020883 -2.816858
v 0.494937 0.054404 -2.814221
v 0.477470 0.073850 -2.791464
v 0.478562 0.069414 -2.752906
v -0.398730 -0.014252 -2.756179
v -0.380629 -0.016050 -2.764181
v -0.390616 -0.004415 -2.763068
v -0.388744 -0.025887 -2.757292
v -0.406532 -0.022220 -2.765675
v -0.396546 -0.033856 -2.766788
v -0.406221 -0.020352 -2.782061
v -0.396234 -0.031988 -2.783174
v -0.388120 -0.022149 -2.790065
v -0.398106 -0.010514 -2.788950
v -0.380317 -0.014181 -2.780568
v -0.390304 -0.002546 -2.779455
v -0.193581 -0.072519 -2.395629
v -0.069577 -0.179047 -2.399099
v -0.188484 -0.129158 -2.392584
v -0.035975 -0.137249 -2.404111
v -0.079563 -0.105503 -2.404707
v -0.140109 -0.080126 -2.401394
v 0.267921 0.605788 -0.656303
v 0.424124 0.459200 -0.673594
v 0.383344 0.516557 -0.667028
v 0.469492 0.322281 -0.688777
v 0.217280 0.595856 -0.656886
v 0.448915 0.273301 -0.693850
v 0.434391 -0.022566 -2.742462
v 0.415832 0.001312 -2.758263
v 0.425881 -0.009872 -2.771352
v 0.414739 0.005748 -2.796819
v 0.425423 -0.007989 -2.787731
v 0.432216 -0.013698 -2.819577
v 0.432840 -0.016249 -2.797397
v 0.450776 -0.037578 -2.803778
v 0.440726 -0.026394 -2.790687
v 0.441184 -0.028277 -2.774311
v 0.451868 -0.042011 -2.765219
v 0.433766 -0.020017 -2.764642
v 0.195629 0.409911 -3.587753
v 0.180056 0.428433 -3.582177
v 0.259036 0.332427 -3.584418
v 0.232519 -0.082095 -2.304090
v 0.108472 -0.186935 -2.323392
v 0.227432 -0.136856 -2.319137
v 0.074944 -0.147078 -2.309582
v 0.118563 -0.116172 -2.302238
v 0.179078 -0.090698 -2.300073
v -0.249966 0.182247 -2.230300
v -0.228326 0.153380 -0.739488
v -0.267235 0.294320 -2.218063
v -0.212930 0.053088 -0.750435
v -0.200239 0.083718 -2.241392
v -0.168404 -0.035083 -0.760362
v -0.100161 -0.100496 -0.768066
v -0.123984 0.010619 -2.249997
v -0.016415 -0.135264 -0.772616
v 0.497122 0.045536 -2.737106
v 0.488611 0.058230 -2.765996
v 0.478562 0.069414 -2.752906
v 0.477470 0.073850 -2.791464
v 0.488143 0.060113 -2.782374
v 0.494937 0.054404 -2.814221
v 0.495571 0.051853 -2.792042
v 0.513506 0.030523 -2.798422
v 0.503456 0.041708 -2.785331
v 0.503914 0.039825 -2.768954
v 0.514588 0.026091 -2.759865
v 0.496487 0.048086 -2.759286
v 0.223292 0.554680 -0.700578
v 0.344716 0.591118 -2.232823
v 0.365097 0.484328 -0.709516
v 0.356441 0.646383 -2.236545
v 0.353321 0.430045 -0.715256
v 0.344175 0.600999 -2.328045
v 0.381221 0.645971 -2.313301
v 0.369382 0.592669 -2.328496
v 0.356014 0.654302 -2.312851
v -0.031397 -0.009964 -2.431135
v 0.087927 -0.141087 -2.410145
v -0.050851 -0.141198 -2.408829
v 0.068129 -0.009884 -2.432080
v 0.088509 -0.151914 -2.305800
v -0.030461 -0.028234 -2.255079
v -0.050226 -0.152026 -2.304483
v 0.069128 -0.028153 -2.256024
v 0.087927 -0.141087 -2.410145
v 0.218912 -0.097553 -2.301193
v 0.088509 -0.151914 -2.305800
v 0.218318 -0.086726 -2.405538
v -0.050851 -0.141198 -2.408829
v 0.088509 -0.151914 -2.305800
v -0.050226 -0.152026 -2.304483
v 0.087927 -0.141087 -2.410145
v -0.050226 -0.152026 -2.304483
v -0.181202 -0.087047 -2.401746
v -0.050851 -0.141198 -2.408829
v -0.180578 -0.097874 -2.297401
v -0.297923 0.434593 -0.757947
v -0.320602 0.423129 -0.710227
v -0.323202 0.426222 -0.757919
v -0.295323 0.431429 -0.709569
v -0.295323 0.431429 -0.709569
v -0.356804 0.318045 -0.770113
v -0.349626 0.310844 -0.722046
v -0.297923 0.434593 -0.757947
v -0.356804 0.318045 -0.770113
v -0.410276 0.330462 -0.757663
v -0.363255 0.346954 -0.765533
v -0.403827 0.301554 -0.762242
v -0.297923 0.434593 -0.757947
v -0.334855 0.479505 -0.742492
v -0.309679 0.487875 -0.742520
v -0.323202 0.426222 -0.757919
v -0.167885 0.559435 -0.745735
v -0.199406 0.606184 -0.726006
v -0.154777 0.584539 -0.738326
v -0.212618 0.581081 -0.733416
v -0.192332 0.357419 -0.808141
v -0.154257 0.503780 -0.768090
v -0.115973 0.430638 -0.800976
v -0.251005 0.410973 -0.777146
v -0.200758 0.510899 -0.755263
v -0.250069 0.463489 -0.759900
v -0.259432 0.146706 -0.830201
v -0.314152 0.285970 -0.789997
v -0.242059 0.258810 -0.818289
v -0.336103 0.143833 -0.805093
v -0.354412 0.256901 -0.781150
v -0.365647 0.184314 -0.788872
v -0.439198 0.132855 -0.777097
v -0.386349 0.126902 -0.790420
v -0.399666 0.100902 -0.790114
v -0.425881 0.158856 -0.777401
v 0.255750 0.511266 -0.759602
v 0.276119 0.458553 -0.764540
v 0.256197 0.477664 -0.762284
v 0.305123 0.463935 -0.765169
v -0.274515 0.154421 0.360925
v -0.295946 0.045217 0.436124
v -0.331733 0.028048 0.448401
v -0.271811 0.076262 0.414404
v -0.264009 0.115210 0.387565
v -0.339015 0.203671 0.328240
v -0.301252 0.186055 0.339759
v -0.380210 0.203638 0.328631
v -0.416414 0.185963 0.340851
v -0.440445 0.154288 0.362502
v -0.447519 0.115062 0.389303
v -0.436388 0.076129 0.415967
v -0.409547 0.045125 0.437202
v -0.372200 0.028016 0.448778
v 0.498963 0.069474 -2.765112
v 0.505923 0.063097 -2.791157
v 0.498505 0.071358 -2.781491
v 0.513808 0.052953 -2.784446
v 0.514276 0.051070 -2.768069
v 0.506848 0.059330 -2.758402
v 0.033726 0.602370 -1.957130
v 0.040905 0.499764 -0.704758
v 0.040801 0.469157 -0.708047
v 0.033726 0.602370 -1.957130
v 0.033831 0.632061 -1.945017
v 0.040905 0.499764 -0.704758
v 0.305841 0.411420 -0.782429
v 0.255750 0.511266 -0.759602
v 0.305123 0.463935 -0.765169
v 0.209154 0.504072 -0.771540
v 0.246877 0.357771 -0.812306
v 0.170621 0.430869 -0.803698
v 0.564127 -0.068299 -3.222440
v 0.555794 -0.054861 -3.263218
v 0.576517 -0.082090 -3.238580
v 0.415062 -0.019233 -2.788614
v 0.415519 -0.021117 -2.772235
v 0.425423 -0.007989 -2.787731
v 0.425881 -0.009872 -2.771352
v 0.415519 -0.021117 -2.772235
v 0.430832 -0.039521 -2.775193
v 0.423405 -0.031260 -2.765526
v 0.430365 -0.037638 -2.791569
v 0.422479 -0.027493 -2.798282
v 0.415062 -0.019233 -2.788614
v 0.390897 0.144417 -0.811993
v 0.410881 0.255163 -0.788674
v 0.422064 0.182593 -0.796598
v 0.368956 0.286519 -0.796479
v 0.313914 0.147167 -0.835632
v 0.296645 0.259243 -0.823397
v 0.436149 0.000193 -2.783890
v 0.556024 -0.169019 -2.701849
v 0.439550 -0.002799 -2.798142
v 0.548658 -0.175659 -2.703241
v 0.434079 -0.008739 -2.798609
v 0.544476 -0.172509 -2.693696
v 0.430677 -0.005748 -2.784357
v 0.551904 -0.165759 -2.692309
v 0.578068 -0.304151 -1.882854
v 0.567676 -0.315429 -1.883740
v 0.577985 -0.305636 -1.863231
v 0.567603 -0.316899 -1.864318
v 0.569454 -0.294421 -1.873412
v 0.569528 -0.292937 -1.893033
v 0.559145 -0.304215 -1.893920
v 0.559062 -0.305684 -1.874496
v 0.627285 -0.221469 -1.887397
v 0.337705 0.123932 -1.981305
v 0.621720 -0.228905 -1.868243
v 0.627285 -0.221469 -1.887397
v 0.319270 0.146834 -1.988643
v 0.337705 0.123932 -1.981305
v 0.326917 0.138622 -2.002866
v 0.312176 0.139178 -1.989203
v 0.319270 0.146834 -1.988643
v 0.326917 0.138622 -2.002866
v 0.319915 0.130910 -2.003566
v 0.312176 0.139178 -1.989203
v 0.319915 0.130910 -2.003566
v 0.311833 0.122247 -2.004153
v 0.304145 0.130408 -1.989937
v 0.599197 -0.251962 -1.889794
v 0.304145 0.130408 -1.989937
v 0.311833 0.122247 -2.004153
v 0.322454 0.107375 -1.982607
v 0.599197 -0.251962 -1.889794
v 0.604596 -0.247492 -1.869705
v 0.322454 0.107375 -1.982607
v 0.626078 -0.252018 -1.878754
v 0.673122 -0.200946 -1.874738
v 0.673038 -0.202431 -1.855115
v 0.626006 -0.253517 -1.858936
v 0.617548 -0.240804 -1.888933
v 0.613731 -0.236174 -1.888690
v 0.617465 -0.242303 -1.869116
v 0.613731 -0.236174 -1.888690
v 0.617548 -0.240804 -1.888933
v 0.617465 -0.242303 -1.869116
v 0.613731 -0.236174 -1.888690
v 0.613647 -0.237673 -1.868869
v 0.480216 0.048036 -2.780128
v 0.614468 -0.105565 -2.696858
v 0.611201 -0.101379 -2.687246
v 0.664590 -0.189732 -1.884916
v 0.674973 -0.178454 -1.884030
v 0.674901 -0.179923 -1.864606
v 0.683431 -0.191137 -1.854429
v 0.617548 -0.093177 -2.687457
v 0.485688 0.053976 -2.779659
v 0.483608 0.045044 -2.794381
v 0.620710 -0.097435 -2.697088
v 0.683514 -0.189668 -1.873851
v 0.664508 -0.191215 -1.865296
v 0.489080 0.050985 -2.793914
v 0.308950 0.178211 -2.424908
v 0.285991 0.189393 -2.392344
v 0.302823 0.171562 -2.425431
v 0.308950 0.178211 -2.424908
v 0.314433 0.184159 -2.424440
v 0.297600 0.201990 -2.391354
v 0.269460 0.213389 -2.440154
v 0.401631 0.157433 -3.410791
v 0.281060 0.225985 -2.439162
v -0.184738 -0.238402 -0.831706
v -0.060629 -0.344931 -0.835175
v -0.179640 -0.295041 -0.828665
v -0.027131 -0.303130 -0.840192
v -0.070720 -0.271387 -0.840782
v -0.131266 -0.246008 -0.837476
v -0.210121 0.618303 -0.729887
v -0.370849 0.467278 -0.744621
v -0.328821 0.526337 -0.738667
v -0.417454 0.326385 -0.759350
v -0.158002 0.608167 -0.731480
v -0.396336 0.276043 -0.764976
v 0.404980 0.140226 -3.404972
v 0.302823 0.171562 -2.425431
v 0.398853 0.133576 -3.405493
v 0.308950 0.178211 -2.424908
v 0.314433 0.184159 -2.424440
v 0.410463 0.146174 -3.404504
v -0.396129 0.271907 -0.725114
v -0.157585 0.599897 -0.651754
v -0.395921 0.267771 -0.685251
v -0.157794 0.604032 -0.691618
v -0.209914 0.614168 -0.690024
v -0.328404 0.518063 -0.658928
v -0.209601 0.610033 -0.650162
v -0.328612 0.522200 -0.698790
v -0.370329 0.459005 -0.664882
v -0.370537 0.463142 -0.704758
v -0.417038 0.318111 -0.679625
v -0.417247 0.322247 -0.719487
v -0.395921 0.267771 -0.685251
v -0.396129 0.271907 -0.725114
v -0.396336 0.276043 -0.764976
v -0.417454 0.326385 -0.759350
v -0.370849 0.467278 -0.744621
v -0.328821 0.526337 -0.738667
v -0.210121 0.618303 -0.729887
v 0.498297 -0.019397 -2.367480
v 0.505621 0.046356 -3.294146
v 0.426495 0.072380 -2.421279
v 0.525480 0.022319 -3.295958
v 0.482173 -0.036909 -2.368857
v 0.509344 0.004806 -3.297335
v 0.492242 -0.013767 -3.298796
v 0.465060 -0.055482 -2.370318
v 0.472382 0.010271 -3.296983
v 0.393257 0.036295 -2.424117
v -0.209602 0.676783 -2.319190
v -0.229992 0.624037 -2.323744
v -0.258912 0.629371 -2.323824
v -0.210018 0.643179 -2.321872
v -0.176728 0.725323 -2.309663
v -0.318523 0.653759 -2.306448
v -0.221462 0.746969 -2.297338
v -0.306871 0.600476 -2.321867
v -0.365752 0.483928 -2.334036
v -0.363256 0.422784 -2.345081
v -0.374491 0.350195 -2.352793
v -0.322996 0.451852 -2.353924
v -0.259849 0.576856 -2.341074
v -0.258912 0.629371 -2.323824
v -0.209602 0.676783 -2.319190
v -0.163101 0.669661 -2.332009
v -0.050746 0.758467 -2.311912
v -0.031293 0.635526 -2.361601
v 0.088052 0.758572 -2.313230
v 0.068233 0.635606 -2.362546
v -0.124921 0.596521 -2.364906
v -0.201176 0.523301 -2.372063
v -0.250902 0.424692 -2.382210
v -0.434725 0.324738 -2.341329
v -0.412775 0.467437 -2.326166
v -0.395193 0.292785 -2.354345
v -0.344947 0.309714 -2.369012
v -0.356909 0.152162 -2.374294
v -0.268276 0.312590 -2.394119
v -0.251006 0.200516 -2.406358
v -0.287521 0.014837 -2.389753
v -0.201176 0.101988 -2.417450
v -0.124921 0.028889 -2.426054
v -0.181202 -0.087047 -2.401746
v -0.031397 -0.009964 -2.431135
v -0.050851 -0.141198 -2.408829
v 0.023947 0.602317 -1.957000
v 0.033622 0.616425 -1.969331
v 0.033726 0.602370 -1.957130
v 0.023843 0.616513 -1.969323
v 0.023947 0.602317 -1.957000
v 0.012817 0.616408 -1.969133
v 0.023843 0.616513 -1.969323
v 0.012920 0.602353 -1.956933
v -0.306247 0.590594 -2.226645
v -0.309470 0.483786 -0.703114
v -0.297715 0.429521 -0.709071
v -0.318106 0.645841 -2.230144
v -0.365752 0.483928 -2.334036
v -0.419120 0.496347 -2.321593
v -0.372099 0.512837 -2.329463
v -0.412775 0.467437 -2.326166
v -0.306871 0.600476 -2.321867
v -0.343697 0.645388 -2.306421
v -0.318523 0.653759 -2.306448
v -0.332046 0.592105 -2.321839
v -0.176728 0.725323 -2.309663
v -0.208250 0.772062 -2.289925
v -0.163620 0.750416 -2.302250
v -0.221462 0.746969 -2.297338
v -0.201176 0.523301 -2.372063
v -0.163101 0.669661 -2.332009
v -0.124921 0.596521 -2.364906
v -0.259849 0.576856 -2.341074
v -0.209602 0.676783 -2.319190
v -0.258912 0.629371 -2.323824
v -0.268276 0.312590 -2.394119
v -0.322996 0.451852 -2.353924
v -0.250902 0.424692 -2.382210
v -0.344947 0.309714 -2.369012
v -0.363256 0.422784 -2.345081
v -0.374491 0.350195 -2.352793
v -0.407989 0.257478 -2.264352
v -0.394673 0.282866 -2.258768
v -0.386037 0.121814 -0.741381
v -0.399457 0.096119 -0.744022
v -0.448041 0.298738 -2.341025
v -0.395193 0.292785 -2.354345
v -0.408509 0.266784 -2.354041
v -0.434725 0.324738 -2.341329
v 0.247479 0.666321 -2.219179
v 0.267837 0.613801 -2.225961
v 0.296851 0.618990 -2.224751
v 0.247915 0.632912 -2.223713
v 0.306048 0.294782 -2.223505
v 0.268442 0.254084 -0.733393
v 0.283900 0.153792 -0.744353
v 0.288779 0.406856 -2.211266
v 0.288779 0.406856 -2.211266
v 0.223906 0.342256 -0.723466
v 0.268442 0.254084 -0.733393
v 0.239010 0.505386 -2.200175
v 0.239010 0.505386 -2.200175
v 0.155672 0.407670 -0.715775
v 0.223906 0.342256 -0.723466
v 0.162756 0.578484 -2.191571
v 0.369913 0.582929 -2.234635
v 0.390304 0.476071 -0.710646
v 0.378516 0.421787 -0.716386
v 0.381637 0.638195 -2.238358
v 0.365097 0.484328 -0.709516
v 0.356441 0.646383 -2.236545
v 0.405064 0.472276 -2.246022
v 0.474058 0.315086 -2.272815
v 0.452076 0.457748 -2.257235
v 0.433017 0.283531 -2.266623
v 0.201008 0.656744 -2.208157
v 0.069232 0.617336 -2.186488
v 0.162756 0.578484 -2.191571
v 0.088634 0.747751 -2.208885
v 0.214698 0.715761 -2.218151
v 0.247479 0.666321 -2.219179
v 0.296851 0.618990 -2.224751
v 0.344716 0.591118 -2.232823
v 0.297695 0.564096 -2.219072
v 0.360820 0.439195 -2.233141
v 0.402610 0.410218 -2.248252
v 0.413793 0.337648 -2.256177
v 0.382761 0.297095 -2.248671
v 0.394619 0.141939 -2.277077
v 0.306048 0.294782 -2.223505
v 0.288748 0.182680 -2.235414
v 0.325221 0.004500 -2.291219
v 0.238958 0.084071 -2.245560
v 0.239010 0.505386 -2.200175
v 0.288779 0.406856 -2.211266
v 0.356441 0.646383 -2.236545
v 0.259380 0.739428 -2.225593
v 0.162683 0.010850 -2.252717
v 0.218912 -0.097553 -2.301193
v 0.069128 -0.028153 -2.256024
v 0.088509 -0.151914 -2.305800
v 0.432840 -0.016249 -2.797397
v 0.415062 -0.019233 -2.788614
v 0.425423 -0.007989 -2.787731
v 0.422479 -0.027493 -2.798282
v 0.440726 -0.026394 -2.790687
v 0.430365 -0.037638 -2.791569
v 0.430832 -0.039521 -2.775193
v 0.441184 -0.028277 -2.774311
v 0.423405 -0.031260 -2.765526
v 0.433766 -0.020017 -2.764642
v 0.415519 -0.021117 -2.772235
v 0.425881 -0.009872 -2.771352
v 0.162756 0.578484 -2.191571
v 0.071959 0.442437 -0.711226
v 0.155672 0.407670 -0.715775
v 0.069232 0.617336 -2.186488
v 0.162683 0.010850 -2.252717
v 0.155600 -0.100290 -0.770492
v 0.071875 -0.135193 -0.773451
v 0.238958 0.084071 -2.245560
v 0.223855 -0.034768 -0.764081
v 0.268411 0.053475 -0.755003
v 0.288748 0.182680 -2.235414
v 0.283900 0.153792 -0.744353
v 0.306048 0.294782 -2.223505
v 0.259380 0.739428 -2.225593
v 0.254876 0.602958 -0.695689
v 0.268036 0.577384 -0.698565
v 0.246199 0.765503 -2.227495
v 0.210142 0.580253 -0.697703
v 0.201518 0.741825 -2.220051
v 0.162756 0.578484 -2.191571
v 0.171131 0.421605 -0.714420
v 0.201008 0.656744 -2.208157
v 0.247479 0.666321 -2.219179
v 0.263157 0.412858 -0.716244
v 0.306205 0.404687 -0.717530
v 0.296851 0.618990 -2.224751
v 0.297695 0.564096 -2.219072
v 0.239010 0.505386 -2.200175
v 0.247385 0.348507 -0.723028
v 0.267837 0.613801 -2.225961
v 0.496487 0.048086 -2.759286
v 0.498963 0.069474 -2.765112
v 0.488611 0.058230 -2.765996
v 0.506848 0.059330 -2.758402
v 0.503914 0.039825 -2.768954
v 0.514276 0.051070 -2.768069
v 0.503456 0.041708 -2.785331
v 0.513808 0.052953 -2.784446
v 0.505923 0.063097 -2.791157
v 0.495571 0.051853 -2.792042
v 0.498505 0.071358 -2.781491
v 0.488143 0.060113 -2.782374
v 0.267703 0.609816 -0.695062
v 0.217280 0.595856 -0.656886
v 0.267921 0.605788 -0.656303
v 0.213472 0.604329 -0.695135
v 0.448915 0.273301 -0.693850
v 0.448696 0.277324 -0.732622
v 0.448696 0.277324 -0.732622
v 0.469492 0.322281 -0.688777
v 0.448915 0.273301 -0.693850
v 0.469273 0.326303 -0.727536
v 0.424124 0.459200 -0.673594
v 0.423906 0.463223 -0.712354
v 0.383344 0.516557 -0.667028
v 0.383126 0.520579 -0.705788
v 0.267921 0.605788 -0.656303
v 0.267703 0.609816 -0.695062
v 0.267474 0.613835 -0.733835
v 0.382906 0.524602 -0.744548
v 0.423687 0.467245 -0.751113
v 0.469055 0.330327 -0.766310
v 0.448478 0.281346 -0.771382
v -0.180578 -0.097874 -2.297401
v -0.182034 -0.095418 -2.349294
v -0.181202 -0.087047 -2.401746
v 0.246885 0.677152 -2.323523
v 0.267265 0.624436 -2.328463
v 0.247333 0.643546 -2.326212
v 0.296259 0.629817 -2.329094
v 0.404524 0.482194 -2.341600
v 0.473621 0.323116 -2.350204
v 0.432477 0.293450 -2.362201
v 0.451639 0.465779 -2.334624
v 0.200290 0.669953 -2.335459
v 0.161768 0.596752 -2.367626
v 0.068233 0.635606 -2.362546
v 0.088052 0.758572 -2.313230
v 0.214158 0.725637 -2.313373
v 0.246885 0.677152 -2.323523
v 0.296259 0.629817 -2.329094
v 0.344175 0.600999 -2.328045
v 0.296976 0.577304 -2.346359
v 0.360103 0.452401 -2.360406
v 0.402017 0.421045 -2.352598
v 0.413200 0.348477 -2.360523
v 0.382032 0.310299 -2.375912
v 0.394027 0.152767 -2.381420
v 0.305049 0.313051 -2.399560
v 0.287749 0.200949 -2.411470
v 0.324628 0.015329 -2.395562
v 0.237959 0.102341 -2.421618
v 0.161684 0.029118 -2.428775
v 0.218318 -0.086726 -2.405538
v 0.238022 0.523654 -2.376231
v 0.287780 0.425125 -2.387322
v 0.356014 0.654302 -2.312851
v 0.258943 0.747347 -2.301898
v 0.218318 -0.086726 -2.405538
v 0.068129 -0.009884 -2.432080
v 0.161684 0.029118 -2.428775
v 0.087927 -0.141087 -2.410145
v 0.404264 0.504046 -2.290331
v 0.458027 0.494700 -2.330171
v 0.410911 0.511115 -2.337146
v 0.459348 0.490644 -2.292303
v 0.451639 0.465779 -2.334624
v 0.452971 0.461581 -2.295373
v 0.473621 0.323116 -2.350204
v 0.475067 0.318163 -2.311033
v 0.486969 0.297137 -2.350152
v 0.488404 0.292490 -2.313926
v 0.447322 0.265119 -2.362417
v 0.435410 0.263420 -2.316552
v 0.432477 0.293450 -2.362201
v 0.422073 0.289092 -2.313658
v 0.433017 0.283531 -2.266623
v 0.447832 0.255812 -2.272728
v 0.487373 0.289717 -2.278651
v 0.474058 0.315086 -2.272815
v 0.452076 0.457748 -2.257235
v 0.458453 0.486956 -2.255548
v 0.411442 0.501483 -2.244338
v 0.420575 0.291445 -2.313390
v 0.394027 0.152767 -2.381420
v 0.432477 0.293450 -2.362201
v 0.396337 0.145664 -2.328861
v 0.324628 0.015329 -2.395562
v 0.326563 0.007499 -2.343078
v 0.218318 -0.086726 -2.405538
v 0.219691 -0.095095 -2.353106
v 0.218912 -0.097553 -2.301193
v 0.325221 0.004500 -2.291219
v 0.394619 0.141939 -2.277077
v 0.433017 0.283531 -2.266623
v 0.447832 0.255812 -2.272728
v 0.441622 0.122478 -0.749238
v 0.433017 0.283531 -2.266623
v 0.456446 0.094453 -0.752396
v 0.486969 0.297137 -2.350152
v 0.432477 0.293450 -2.362201
v 0.473621 0.323116 -2.350204
v 0.447322 0.265119 -2.362417
v 0.404524 0.482194 -2.341600
v 0.404264 0.504046 -2.290331
v 0.410911 0.511115 -2.337146
v 0.397876 0.474982 -2.293401
v -0.060421 -0.349077 -0.795218
v -0.005389 -0.329850 -0.793685
v -0.026819 -0.308221 -0.791141
v -0.040655 -0.368606 -0.797510
v -0.069056 -0.187078 -2.321707
v -0.026819 -0.308221 -0.791141
v -0.035454 -0.147167 -2.308534
v -0.060421 -0.349077 -0.795218
v -0.049394 -0.206304 -2.326943
v 0.451639 0.465779 -2.334624
v 0.404524 0.482194 -2.341600
v 0.458027 0.494700 -2.330171
v 0.410911 0.511115 -2.337146
v 0.405064 0.472276 -2.246022
v 0.413658 0.311222 -0.728625
v 0.411442 0.501483 -2.244338
v 0.420046 0.340287 -0.725567
v 0.411442 0.501483 -2.244338
v 0.404264 0.504046 -2.290331
v 0.405064 0.472276 -2.246022
v 0.397876 0.474982 -2.293401
v -0.192957 -0.082437 -2.300052
v -0.219173 -0.084358 -2.301409
v -0.184425 -0.243492 -0.782654
v -0.210538 -0.245556 -0.782631
v -0.362942 0.342010 -0.717881
v -0.356597 0.312958 -0.721074
v -0.371578 0.503207 -2.236652
v -0.365128 0.474011 -2.238459
v -0.219173 -0.084358 -2.301409
v -0.192957 -0.082437 -2.300052
v -0.216364 -0.072202 -2.346464
v -0.190149 -0.070137 -2.346492
v -0.154464 0.579961 -0.694239
v -0.167676 0.554366 -0.696872
v -0.176208 0.715436 -2.214441
v -0.214180 -0.139108 -2.316549
v -0.210538 -0.245556 -0.782631
v -0.219173 -0.084358 -2.301409
v -0.205544 -0.301249 -0.788684
v -0.188067 -0.137189 -2.315194
v -0.179432 -0.299187 -0.788708
v 0.226995 -0.128825 -2.396526
v 0.231978 -0.072177 -2.399668
v 0.253149 -0.130989 -2.395611
v 0.258131 -0.074343 -2.398753
v 0.232519 -0.082095 -2.304090
v 0.241123 -0.243149 -0.786697
v 0.258662 -0.083974 -2.305943
v 0.267266 -0.245171 -0.787173
v -0.163101 0.741533 -2.216590
v -0.192957 -0.082437 -2.300052
v -0.179432 -0.299187 -0.788708
v -0.188067 -0.137189 -2.315194
v -0.184425 -0.243492 -0.782654
v -0.205544 -0.301249 -0.788684
v -0.210538 -0.245556 -0.782631
v -0.192957 -0.082437 -2.300052
v -0.079044 -0.116331 -2.300363
v -0.139485 -0.090954 -2.297051
v -0.035454 -0.147167 -2.308534
v -0.069056 -0.187078 -2.321707
v -0.188067 -0.137189 -2.315194
v -0.216364 -0.072202 -2.346464
v -0.214595 -0.131365 -2.391172
v -0.214491 -0.136570 -2.353416
v -0.219693 -0.074727 -2.394217
v -0.188067 -0.137189 -2.315194
v -0.188380 -0.134507 -2.353444
v -0.214180 -0.139108 -2.316549
v -0.219173 -0.084358 -2.301409
v -0.188484 -0.129158 -2.392584
v -0.069577 -0.179047 -2.399099
v -0.068744 -0.184659 -2.359992
v -0.049811 -0.198884 -2.398444
v -0.048979 -0.204190 -2.362286
v -0.014440 -0.159185 -2.403703
v -0.014648 -0.149664 -2.356740
v -0.035975 -0.137249 -2.404111
v -0.034414 -0.130134 -2.354447
v -0.035454 -0.147167 -2.308534
v -0.013920 -0.168492 -2.314014
v -0.049394 -0.206304 -2.326943
v -0.069056 -0.187078 -2.321707
v -0.119094 0.101646 0.412240
v -0.119613 0.103738 0.392114
v -0.142812 0.103328 0.392526
v -0.205544 0.096510 0.396450
v -0.261512 0.096463 0.396989
v -0.261095 0.095266 0.408614
v -0.205127 0.095311 0.408088
v -0.149366 0.096553 0.395924
v -0.149054 0.095356 0.407549
v -0.142292 0.101284 0.412181
v -0.141981 0.084762 0.420333
v -0.118885 0.084732 0.420589
v -0.119094 0.069868 0.408808
v -0.142292 0.070240 0.408841
v -0.119613 0.071878 0.388688
v -0.142812 0.072205 0.389178
v -0.149054 0.076977 0.405574
v -0.149366 0.078149 0.393934
v -0.205127 0.076933 0.406100
v -0.205544 0.078104 0.394473
v -0.261095 0.076887 0.406639
v -0.261512 0.078059 0.394998
v -0.148950 0.085573 0.412381
v -0.204918 0.085528 0.412907
v -0.260784 0.085482 0.413445
v -0.029835 0.412092 -0.005095
v -0.028587 0.423241 0.090571
v 0.033728 0.325103 0.059422
v 0.096147 0.412194 -0.006294
v 0.033728 0.325103 0.059422
v 0.095990 0.423341 0.089385
v -0.324243 0.018492 -0.345703
v -0.319145 -0.019760 -0.355579
v -0.341616 0.150677 -0.286582
v -0.193581 -0.072519 -2.395629
v -0.214595 -0.131365 -2.391172
v -0.219693 -0.074727 -2.394217
v -0.188484 -0.129158 -2.392584
v -0.013920 -0.168492 -2.314014
v -0.035454 -0.147167 -2.308534
v -0.026819 -0.308221 -0.791141
v -0.005389 -0.329850 -0.793685
v -0.049811 -0.198884 -2.398444
v -0.035975 -0.137249 -2.404111
v -0.014440 -0.159185 -2.403703
v -0.069577 -0.179047 -2.399099
v -0.193581 -0.072519 -2.395629
v -0.216364 -0.072202 -2.346464
v -0.190149 -0.070137 -2.346492
v -0.219693 -0.074727 -2.394217
v 0.117129 -0.348934 -0.796902
v 0.062023 -0.329797 -0.794318
v 0.097374 -0.368495 -0.798831
v 0.083547 -0.308132 -0.792192
v 0.053409 -0.168438 -2.314653
v 0.097374 -0.368495 -0.798831
v 0.062023 -0.329797 -0.794318
v 0.088706 -0.206192 -2.328254
v 0.117129 -0.348934 -0.796902
v 0.108472 -0.186935 -2.323392
v 0.083547 -0.308132 -0.792192
v 0.074944 -0.147078 -2.309582
v 0.227432 -0.136856 -2.319137
v 0.262221 -0.300873 -0.793118
v 0.236077 -0.298852 -0.792657
v 0.253564 -0.138733 -2.320988
v 0.267266 -0.245171 -0.787173
v 0.258662 -0.083974 -2.305943
v 0.231978 -0.072177 -2.399668
v 0.117971 -0.105345 -2.406582
v 0.178485 -0.079870 -2.404417
v 0.074402 -0.137160 -2.405159
v 0.108036 -0.178905 -2.400784
v 0.226995 -0.128825 -2.396526
v 0.255292 -0.071822 -2.350940
v 0.253149 -0.130989 -2.395611
v 0.258131 -0.074343 -2.398753
v 0.253450 -0.136193 -2.357857
v 0.226995 -0.128825 -2.396526
v 0.227307 -0.134172 -2.357389
v 0.108036 -0.178905 -2.400784
v 0.107723 -0.184517 -2.361667
v 0.088301 -0.198773 -2.399755
v 0.087968 -0.204081 -2.363585
v 0.052899 -0.159131 -2.404342
v 0.053617 -0.149609 -2.357389
v 0.074402 -0.137160 -2.405159
v 0.073372 -0.130046 -2.355469
v 0.074944 -0.147078 -2.309582
v 0.053409 -0.168438 -2.314653
v 0.088706 -0.206192 -2.328254
v 0.108472 -0.186935 -2.323392
v 0.227432 -0.136856 -2.319137
v 0.253564 -0.138733 -2.320988
v 0.258662 -0.083974 -2.305943
v 0.313280 -0.319900 0.175647
v 0.200926 -0.314091 0.185835
v 0.357971 -0.429125 0.000305
v 0.034769 -0.324893 0.186641
v 0.357150 -0.429126 0.000318
v 0.034769 -0.324893 0.186641
v -0.290745 -0.429647 0.006464
v -0.131785 -0.314359 0.188988
v -0.244346 -0.320350 0.180943
v -0.131785 -0.314359 0.188988
v 0.200926 -0.314091 0.185835
v -0.142812 -0.399982 0.228347
v 0.212422 -0.399696 0.224978
v 0.267807 0.581469 -0.737970
v 0.223022 0.559750 -0.749455
v 0.254679 0.606540 -0.730306
v 0.209893 0.584831 -0.741789
v 0.460493 0.299895 -0.770696
v 0.413388 0.316311 -0.777677
v 0.466891 0.328817 -0.766251
v 0.419776 0.345231 -0.773219
v 0.235849 -0.294707 -0.832600
v 0.240842 -0.238060 -0.835749
v 0.262002 -0.296872 -0.831690
v 0.266996 -0.240226 -0.834825
v -0.157794 0.604032 -0.691618
v -0.209601 0.610033 -0.650162
v -0.157585 0.599897 -0.651754
v -0.209914 0.614168 -0.690024
v -0.210121 0.618303 -0.729887
v -0.158002 0.608167 -0.731480
v 0.053409 -0.168438 -2.314653
v 0.083547 -0.308132 -0.792192
v 0.074944 -0.147078 -2.309582
v 0.062023 -0.329797 -0.794318
v 0.088301 -0.198773 -2.399755
v 0.074402 -0.137160 -2.405159
v 0.108036 -0.178905 -2.400784
v 0.052899 -0.159131 -2.404342
v 0.231978 -0.072177 -2.399668
v 0.255292 -0.071822 -2.350940
v 0.258131 -0.074343 -2.398753
v 0.229148 -0.069799 -2.350472
v 0.205919 -0.211684 -0.782967
v 0.159728 0.021227 -2.251571
v 0.168104 -0.135652 -0.774414
v 0.197409 -0.052276 -2.284501
v 0.180181 -0.101244 -2.301219
v 0.154641 -0.084715 -2.300127
v 0.162975 -0.202399 -0.781557
v 0.130142 -0.094765 -2.300974
v 0.078595 -0.101071 -2.288630
v 0.066007 -0.017244 -2.254817
v 0.074372 -0.174121 -0.777671
v 0.306048 0.294782 -2.223505
v 0.360820 0.439195 -2.233141
v 0.288779 0.406856 -2.211266
v 0.382761 0.297095 -2.248671
v 0.402610 0.410218 -2.248252
v 0.413793 0.337648 -2.256177
v 0.348462 0.276220 -0.731783
v 0.267338 0.405893 -2.211164
v 0.275703 0.249014 -0.734013
v 0.339952 0.435630 -2.233307
v 0.379421 0.407599 -2.248312
v 0.360207 0.382369 -2.251780
v 0.331880 0.229971 -0.736602
v 0.363900 0.352924 -2.254986
v 0.357897 0.292822 -2.248872
v 0.281466 0.293243 -2.223434
v 0.289841 0.136364 -0.746285
v -0.150094 0.142841 0.376067
v -0.206375 0.142795 0.376606
v -0.206583 0.134189 0.369799
v -0.150302 0.134234 0.369259
v -0.143125 0.141974 0.384028
v -0.143437 0.127437 0.372520
v -0.143437 0.158647 0.375888
v -0.150302 0.152710 0.371256
v -0.206583 0.152667 0.371781
v -0.263384 0.153899 0.360703
v -0.262864 0.152620 0.372320
v -0.262656 0.142751 0.377132
v -0.262864 0.134143 0.370338
v -0.207000 0.135439 0.358178
v -0.150615 0.135484 0.357639
v -0.143957 0.129534 0.352870
v -0.120654 0.129206 0.352379
v -0.120133 0.127060 0.372500
v -0.119926 0.141942 0.384269
v -0.120133 0.159010 0.375934
v -0.143957 0.160823 0.356245
v -0.120654 0.161237 0.355833
v -0.263384 0.135394 0.358704
v -0.150615 0.153989 0.359638
v -0.207000 0.153944 0.360164
v -0.211890 0.612014 -0.693933
v -0.375946 0.394531 -0.715784
v -0.349314 0.325779 -0.137244
v -0.196701 0.553751 -0.228986
v -0.160602 0.624502 -0.693071
v -0.147494 0.547566 -0.149335
v -0.118574 0.649179 -0.690817
v -0.196701 0.553751 -0.228986
v -0.147494 0.547566 -0.149335
v -0.166948 0.525164 -0.146801
v -0.192228 0.528391 -0.189418
v -0.349314 0.325779 -0.137244
v -0.349314 0.325779 -0.137244
v -0.322786 0.332007 -0.120014
v -0.192228 0.528391 -0.189418
v -0.348378 0.262881 -0.117849
v -0.375946 0.394531 -0.715784
v -0.349314 0.325779 -0.137244
v -0.383333 0.351883 -0.720316
v -0.348378 0.262881 -0.117849
v -0.383333 0.351883 -0.720316
v -0.498598 0.042257 -0.752563
v -0.474047 0.117556 -0.282610
v -0.339848 0.269194 -0.030548
v -0.349314 0.325779 -0.137244
v -0.348378 0.262881 -0.117849
v -0.339848 0.269194 -0.030548
v -0.349314 0.325779 -0.137244
v -0.322786 0.332007 -0.120014
v -0.328612 0.297888 -0.047749
v -0.145622 0.537091 -0.079618
v -0.166948 0.525164 -0.146801
v -0.328612 0.297888 -0.047749
v -0.329444 0.313640 -0.199532
v 0.171298 0.562579 -0.093788
v 0.218528 0.624817 -0.696669
v 0.176739 0.649414 -0.693620
v 0.029358 0.649302 -0.692218
v -0.106506 0.562348 -0.091146
v -0.330796 0.281929 0.083502
v -0.339848 0.269194 -0.030548
v -0.307494 0.237827 0.078531
v -0.120862 0.543138 -0.066382
v -0.118366 0.376872 0.010871
v -0.035453 0.543209 -0.067190
v 0.097270 0.543320 -0.068457
v -0.184737 0.245449 0.078179
v -0.029835 0.412092 -0.005095
v 0.210570 0.537376 -0.083000
v 0.033728 0.325103 0.059422
v 0.387069 0.282097 0.076647
v 0.250986 0.247025 0.074176
v 0.361134 0.149057 0.114790
v 0.216947 -0.216745 0.384642
v 0.180402 -0.071214 0.457243
v 0.187246 -0.084387 0.510854
v 0.234767 -0.228325 0.407101
v 0.200926 -0.314091 0.185835
v 0.212422 -0.399696 0.224978
v 0.210425 -0.492145 0.381088
v 0.232167 -0.322734 0.563012
v 0.185790 -0.172390 0.652338
v 0.106758 -0.041174 0.536750
v 0.106904 -0.138551 0.692306
v 0.036641 -0.040760 0.541321
v 0.095336 -0.161164 0.688441
v 0.178206 -0.198734 0.662157
v 0.213765 -0.340915 0.589930
v 0.180849 -0.471544 0.421608
v 0.232063 -0.639755 0.843267
v 0.273666 -0.572963 1.103574
v 0.224480 -0.532405 1.242376
v 0.114852 -0.520350 1.288734
v 0.037369 -0.155007 0.665833
v 0.037474 -0.139298 0.681611
v -0.032228 -0.138662 0.693627
v -0.033996 -0.041288 0.538084
v -0.111499 -0.172630 0.655168
v -0.114620 -0.084630 0.513726
v -0.158729 -0.323049 0.566718
v -0.163202 -0.228645 0.410888
v -0.138964 -0.492427 0.384402
v -0.142812 -0.399982 0.228347
v -0.131785 -0.314359 0.188988
v -0.145622 -0.217037 0.388092
v -0.108482 -0.071447 0.459992
v -0.022968 -0.032925 0.484757
v 0.036225 -0.025125 0.476330
v 0.095148 -0.032830 0.483639
v -0.020680 -0.161258 0.689546
v -0.103801 -0.198961 0.664839
v -0.140107 -0.341199 0.593286
v -0.108899 -0.471778 0.424370
v -0.155191 -0.640067 0.846947
v -0.193995 -0.573339 1.108021
v -0.143228 -0.532700 1.245867
v -0.033163 -0.520468 1.290135
v 0.040387 -0.543966 1.163346
v -0.351706 0.089791 0.413429
v -0.351810 0.087020 0.408802
v -0.355244 0.178172 0.353433
v -0.353163 0.084141 0.410572
v -0.355244 0.180942 0.358060
v -0.357740 0.089785 0.413496
v -0.353163 0.086911 0.415200
v -0.356388 0.084138 0.410600
v -0.357844 0.087017 0.408856
v -0.356388 0.086908 0.415227
v -0.679196 0.004005 0.200890
v -0.709157 -0.057556 0.244676
v -0.669418 -0.045854 0.245563
v -0.678884 -0.007806 0.185222
v -0.669105 -0.057664 0.229896
v -0.708845 -0.069384 0.229020
v -0.719144 -0.007759 0.199997
v -0.718936 -0.019586 0.184342
v -0.446375 0.125725 0.408183
v -0.436388 0.108940 0.419734
v -0.436388 0.076129 0.415967
v -0.463852 0.123982 0.405274
v -0.454385 0.147760 0.339178
v -0.469886 0.113486 0.347040
v -0.505464 0.091748 0.351288
v -0.426713 0.184246 0.314309
v -0.459170 0.170506 0.369283
v -0.429730 0.209531 0.342668
v -0.451992 0.170792 0.377494
v -0.439301 0.164921 0.381366
v -0.447519 0.115062 0.389303
v -0.300420 0.196664 0.358634
v -0.274515 0.154421 0.360925
v -0.273683 0.165054 0.379803
v -0.301252 0.186055 0.339759
v -0.339015 0.203671 0.328240
v -0.440445 0.154288 0.362502
v -0.416414 0.185963 0.340851
v -0.415373 0.196571 0.359725
v -0.380210 0.203638 0.328631
v -0.379171 0.214231 0.347492
v -0.338078 0.214263 0.347114
v -0.335582 0.227604 0.338127
v -0.292201 0.207330 0.351368
v -0.261512 0.170944 0.375689
v -0.382812 0.227566 0.338571
v -0.424424 0.207224 0.352621
v -0.295634 0.068902 0.444699
v -0.270978 0.086957 0.433286
v -0.271811 0.076262 0.414404
v -0.295946 0.045217 0.436124
v -0.264009 0.115210 0.387565
v -0.263281 0.125872 0.406445
v -0.249652 0.125884 0.406310
v -0.242474 0.122429 0.400102
v -0.255269 0.170671 0.367343
v -0.288040 0.209646 0.341320
v -0.334437 0.231369 0.327147
v -0.385101 0.231329 0.327633
v -0.258495 0.081177 0.437179
v -0.252045 0.074594 0.433128
v -0.260055 0.058015 0.398838
v -0.251109 0.102787 0.367988
v -0.263072 0.147913 0.337372
v -0.293866 0.184353 0.313042
v -0.337350 0.204656 0.299804
v -0.384892 0.204618 0.300262
v -0.287936 0.022361 0.423807
v -0.252045 0.074594 0.433128
v -0.260055 0.058015 0.398838
v -0.281798 0.036523 0.459853
v -0.288040 0.023102 0.409291
v -0.252045 0.074594 0.433128
v -0.281798 0.036523 0.459853
v -0.260055 0.058015 0.398838
v 0.223292 0.554680 -0.700578
v 0.254876 0.602958 -0.695689
v 0.210142 0.580253 -0.697703
v 0.268036 0.577384 -0.698565
v 0.214698 0.715761 -2.218151
v 0.259380 0.739428 -2.225593
v 0.024051 0.630781 -1.945385
v 0.031023 0.498452 -0.704805
v 0.012920 0.602353 -1.956933
v 0.012920 0.602353 -1.956933
v 0.023947 0.602317 -1.957000
v 0.019995 0.469139 -0.707845
v 0.023843 0.616513 -1.969323
v 0.019891 0.499747 -0.704556
v 0.012817 0.616408 -1.969133
v 0.012920 0.602353 -1.956933
v 0.012920 0.602353 -1.956933
v 0.012817 0.616408 -1.969133
v 0.012817 0.632043 -1.944818
v 0.033726 0.602370 -1.957130
v 0.033831 0.632061 -1.945017
v 0.033622 0.616425 -1.969331
v 0.033622 0.616425 -1.969331
v 0.040905 0.499764 -0.704758
v 0.033726 0.602370 -1.957130
v 0.023843 0.616513 -1.969323
v 0.040801 0.469157 -0.708047
v 0.023947 0.602317 -1.957000
v 0.033726 0.602370 -1.957130
v 0.269888 0.612404 -0.698501
v 0.413784 0.326392 -0.144481
v 0.259943 0.554120 -0.233325
v 0.218528 0.624817 -0.696669
v 0.433851 0.395183 -0.723479
v 0.413139 0.263494 -0.125086
v 0.413139 0.263494 -0.125086
v 0.441216 0.352545 -0.728132
v 0.433851 0.395183 -0.723479
v 0.553768 0.043102 -0.762550
v 0.537112 0.118369 -0.292206
v 0.255906 0.528752 -0.193663
v 0.405565 0.269794 -0.037623
v 0.413139 0.263494 -0.125086
v 0.413784 0.326392 -0.144481
v 0.405565 0.269794 -0.037623
v 0.387433 0.332578 -0.126766
v 0.394070 0.298470 -0.054609
v 0.231158 0.525483 -0.150575
v 0.211652 0.547854 -0.152745
v 0.230439 0.538714 -0.278048
v 0.396765 0.345465 -0.197223
v 0.268255 0.536896 -0.272192
v 0.393206 0.314221 -0.206392
v 0.231158 0.525483 -0.150575
v 0.394070 0.298470 -0.054609
v 0.210570 0.537376 -0.083000
v 0.387069 0.282097 0.076647
v 0.405565 0.269794 -0.037623
v 0.211652 0.547854 -0.152745
v 0.241123 -0.243149 -0.786697
v 0.262221 -0.300873 -0.793118
v 0.267266 -0.245171 -0.787173
v 0.236077 -0.298852 -0.792657
v 0.232519 -0.082095 -2.304090
v 0.227432 -0.136856 -2.319137
v -0.039720 -0.101167 -2.287507
v -0.080812 -0.126314 -2.301423
v -0.059172 -0.222241 -0.781569
v -0.091423 -0.094942 -2.298871
v -0.115974 -0.084932 -2.297559
v -0.107130 -0.202617 -0.778996
v -0.149992 -0.211971 -0.779598
v -0.141461 -0.101503 -2.298167
v -0.158523 -0.052562 -2.281123
v -0.120552 0.021002 -2.248911
v -0.112228 -0.135877 -0.771759
v 0.556847 -0.119592 -0.360648
v 0.553768 0.043102 -0.762550
v 0.537112 0.118369 -0.292206
v 0.333263 -0.393787 -0.807506
v 0.502896 -0.265684 -0.333639
v 0.604254 -0.454438 0.188883
v 0.391990 -0.413925 0.164801
v 0.595516 -0.486587 -0.008157
v 0.621898 -0.331626 0.347656
v 0.367792 -0.274060 0.356291
v 0.643682 -0.161237 0.419147
v 0.386154 -0.101205 0.428078
v 0.664436 0.016637 0.384764
v 0.408707 0.079916 0.394034
v 0.679292 0.159893 0.254346
v 0.389565 0.226393 0.264277
v 0.684295 0.229595 0.068144
v 0.387069 0.282097 0.076647
v 0.387339 0.267246 -0.129414
v 0.677065 0.200746 -0.139346
v 0.404837 0.150675 -0.287859
v 0.660576 0.087396 -0.297128
v 0.381691 -0.019501 -0.359304
v 0.639219 -0.079532 -0.368235
v 0.363922 -0.203301 -0.325602
v 0.618038 -0.260867 -0.334236
v 0.311126 -0.160033 -0.247137
v 0.325586 -0.014101 -0.273549
v 0.343646 0.121272 -0.217136
v 0.360863 0.213320 -0.092645
v 0.360489 0.160884 0.000825
v 0.354747 0.138251 -0.056001
v 0.342440 0.072437 -0.145018
v 0.329415 -0.025332 -0.185448
v 0.317004 -0.156028 -0.152341
v 0.311386 -0.285310 -0.157692
v 0.390107 -0.379328 -0.168604
v 0.602028 -0.413585 -0.204809
v 0.357150 -0.429126 0.000318
v 0.313280 -0.319900 0.175647
v 0.314174 -0.215750 0.289794
v 0.329103 -0.078437 0.346444
v 0.346684 0.065557 0.319781
v 0.362621 0.181152 0.217352
v 0.361134 0.149057 0.114790
v 0.356005 0.115252 0.165646
v 0.344613 0.032601 0.238878
v 0.331922 -0.071330 0.257833
v 0.318991 -0.192367 0.197855
v -0.246844 0.135933 -0.741191
v -0.362735 0.334053 -2.249128
v -0.296155 0.171814 -0.736857
v -0.338080 0.352360 -2.248323
v -0.334335 0.381810 -2.245188
v -0.288872 0.229471 -0.730714
v -0.305414 0.275694 -0.725570
v -0.353581 0.407009 -2.241356
v -0.313945 0.435103 -2.227101
v -0.241019 0.405484 -2.206339
v -0.232695 0.248606 -0.729189
v 0.643682 -0.161237 0.419147
v 0.679916 -0.302193 0.276977
v 0.700243 -0.166239 0.333427
v 0.621898 -0.331626 0.347656
v 0.663656 -0.399463 0.151920
v 0.604254 -0.454438 0.188883
v 0.595516 -0.486587 -0.008157
v 0.655843 -0.432539 -0.002913
v 0.661898 -0.367296 -0.158077
v 0.602028 -0.413585 -0.204809
v 0.618038 -0.260867 -0.334236
v 0.676878 -0.246478 -0.259940
v 0.639219 -0.079532 -0.368235
v 0.696727 -0.101905 -0.286566
v 0.660576 0.087396 -0.297128
v 0.716639 0.031144 -0.230425
v 0.677065 0.200746 -0.139346
v 0.731754 0.120477 -0.106198
v 0.684295 0.229595 0.068144
v 0.738069 0.141603 0.058152
v 0.733513 0.088309 0.203799
v 0.679292 0.159893 0.254346
v 0.719676 -0.024572 0.306506
v 0.664436 0.016637 0.384764
v -0.167676 0.538394 -0.274274
v -0.332877 0.344878 -0.190296
v -0.205440 0.536524 -0.267703
v 0.249218 0.200273 0.192186
v 0.403069 0.238399 0.071793
v 0.253763 0.245801 0.074015
v 0.386569 0.149577 0.110695
v 0.185800 0.402864 0.085992
v 0.184885 0.377116 0.007986
v 0.183127 0.322451 0.288496
v 0.245816 -0.017166 0.297217
v 0.350752 -0.071315 0.257658
v 0.247460 -0.162366 0.211219
v 0.334617 -0.195500 0.197364
v 0.216947 -0.216745 0.384642
v 0.200926 -0.314091 0.185835
v 0.313280 -0.319900 0.175647
v 0.180402 -0.071214 0.457243
v 0.181151 0.163438 0.425940
v 0.095148 -0.032830 0.483639
v 0.096147 0.412194 -0.006294
v 0.095990 0.423341 0.089385
v -0.179744 0.199928 0.196256
v -0.184737 0.245449 0.078179
v -0.307494 0.237827 0.078531
v -0.293449 0.149030 0.117150
v -0.287519 0.114734 0.171751
v -0.176727 0.103209 0.279824
v -0.113476 0.322212 0.291314
v -0.109731 0.163204 0.428703
v -0.025778 0.338332 0.303095
v -0.023697 0.171364 0.447377
v 0.034872 0.263944 0.247213
v 0.036225 -0.025125 0.476330
v 0.095283 0.171461 0.446245
v 0.095584 0.338430 0.301937
v -0.275348 0.032102 0.244768
v -0.262344 -0.071809 0.263479
v -0.175686 -0.017506 0.301219
v 0.033728 0.325103 0.059422
v -0.028587 0.423241 0.090571
v -0.118470 0.402618 0.088889
v -0.118366 0.376872 0.010871
v -0.029835 0.412092 -0.005095
v -0.022968 -0.032925 0.484757
v -0.108482 -0.071447 0.459992
v -0.177767 -0.162708 0.215248
v -0.249548 -0.195970 0.202903
v -0.145622 -0.217037 0.388092
v -0.131785 -0.314359 0.188988
v -0.244346 -0.320350 0.180943
v 0.210425 -0.492145 0.381088
v -0.142812 -0.399982 0.228347
v 0.212422 -0.399696 0.224978
v -0.138964 -0.492427 0.384402
v 0.224480 -0.532405 1.242376
v 0.040387 -0.543966 1.163346
v 0.273666 -0.572963 1.103574
v 0.114852 -0.520350 1.288734
v 0.180849 -0.471544 0.421608
v -0.138964 -0.492427 0.384402
v 0.210425 -0.492145 0.381088
v -0.108899 -0.471778 0.424370
v -0.155191 -0.640067 0.846947
v 0.232063 -0.639755 0.843267
v -0.193995 -0.573339 1.108021
v -0.143228 -0.532700 1.245867
v -0.033163 -0.520468 1.290135
v 0.502896 -0.265684 -0.333639
v -0.275557 -0.394276 -0.801725
v 0.333263 -0.393787 -0.807506
v -0.440029 -0.266443 -0.324691
v -0.290745 -0.429647 0.006464
v 0.357971 -0.429125 0.000305
v -0.498598 0.042257 -0.752563
v 0.333263 -0.393787 -0.807506
v -0.275557 -0.394276 -0.801725
v -0.383333 0.351883 -0.720316
v 0.553768 0.043102 -0.762550
v 0.441216 0.352545 -0.728132
v -0.375946 0.394531 -0.715784
v -0.211890 0.612014 -0.693933
v -0.160602 0.624502 -0.693071
v -0.118574 0.649179 -0.690817
v 0.029358 0.649302 -0.692218
v 0.176739 0.649414 -0.693620
v 0.218528 0.624817 -0.696669
v 0.433851 0.395183 -0.723479
v 0.269888 0.612404 -0.698501
v -0.200758 0.510899 -0.755263
v -0.221044 0.458153 -0.759823
v -0.250069 0.463489 -0.759900
v -0.201175 0.477296 -0.757945
v -0.159874 0.567798 -0.696186
v -0.199406 0.606184 -0.726006
v -0.199822 0.603332 -0.691977
v -0.212618 0.581081 -0.733416
v -0.213034 0.577736 -0.694597
v -0.309679 0.487875 -0.742520
v -0.310615 0.484038 -0.703758
v -0.334855 0.479505 -0.742492
v -0.335790 0.475737 -0.704416
v -0.323202 0.426222 -0.757919
v -0.320602 0.423129 -0.710227
v -0.403827 0.301554 -0.762242
v -0.411109 0.326406 -0.719775
v -0.410276 0.330462 -0.757663
v -0.404763 0.297354 -0.722969
v -0.425881 0.158856 -0.777401
v -0.426922 0.153900 -0.738207
v -0.439198 0.132855 -0.777097
v -0.440237 0.128206 -0.740849
v -0.399666 0.100902 -0.790114
v -0.387286 0.099220 -0.744484
v -0.386349 0.126902 -0.790420
v -0.373866 0.124916 -0.741842
v -0.347962 -0.013720 -0.810365
v -0.349730 -0.020826 -0.757770
v -0.278677 -0.151046 -0.825828
v -0.279926 -0.158879 -0.773310
v -0.172358 -0.252930 -0.837824
v -0.173086 -0.261302 -0.785366
v -0.041904 0.588690 -0.695064
v -0.167885 0.559435 -0.745735
v -0.172982 0.542214 -0.698817
v -0.041799 0.592579 -0.747994
v 0.097561 0.588795 -0.696385
v 0.096905 0.592694 -0.749302
v 0.223022 0.559750 -0.749455
v 0.228671 0.542536 -0.702618
v 0.227183 -0.252609 -0.841610
v 0.076984 -0.175767 -0.868162
v 0.170549 -0.136765 -0.864844
v 0.096780 -0.306969 -0.846217
v 0.333492 -0.150555 -0.831637
v 0.227183 -0.252609 -0.841610
v 0.170549 -0.136765 -0.864844
v 0.246824 -0.063542 -0.857692
v 0.296613 0.035066 -0.847544
v 0.402892 -0.013117 -0.817494
v 0.313914 0.147167 -0.835632
v 0.390897 0.144417 -0.811993
v 0.441341 0.127567 -0.798276
v 0.422064 0.182593 -0.796598
v 0.413388 0.316311 -0.777677
v 0.482485 0.157232 -0.786273
v 0.460493 0.299895 -0.770696
v 0.209154 0.504072 -0.771540
v 0.170621 0.430869 -0.803698
v 0.077098 0.469722 -0.798615
v 0.096905 0.592694 -0.749302
v 0.223022 0.559750 -0.749455
v 0.255750 0.511266 -0.759602
v 0.305123 0.463935 -0.765169
v 0.353040 0.435116 -0.764120
v 0.305841 0.411420 -0.782429
v 0.368956 0.286519 -0.796479
v 0.410881 0.255163 -0.788674
v 0.246877 0.357771 -0.812306
v 0.296645 0.259243 -0.823397
v 0.364879 0.488418 -0.748922
v 0.267807 0.581469 -0.737970
v 0.353040 0.435116 -0.764120
v 0.376176 0.423690 -0.716844
v 0.350969 0.431950 -0.715714
v 0.378247 0.426785 -0.764577
v 0.429440 0.125562 -0.749470
v 0.402892 -0.013117 -0.817494
v 0.441341 0.127567 -0.798276
v 0.405190 -0.020219 -0.764940
v 0.333492 -0.150555 -0.831637
v 0.413128 0.338162 -0.726404
v 0.466891 0.328817 -0.766251
v 0.419776 0.345231 -0.773219
v 0.468213 0.324760 -0.728377
v 0.460493 0.299895 -0.770696
v 0.461835 0.295697 -0.731450
v 0.482485 0.157232 -0.786273
v 0.483932 0.152280 -0.747106
v 0.495832 0.131255 -0.786224
v 0.497268 0.126607 -0.750003
v 0.456186 0.099235 -0.798488
v 0.444264 0.097536 -0.752628
v 0.441341 0.127567 -0.798276
v 0.430938 0.123210 -0.749731
v 0.350969 0.431950 -0.715714
v 0.413388 0.316311 -0.777677
v 0.353040 0.435116 -0.764120
v 0.405242 0.311451 -0.729202
v 0.378247 0.426785 -0.764577
v 0.391417 0.476321 -0.711316
v 0.376176 0.423690 -0.716844
v 0.390074 0.480088 -0.749379
v 0.366220 0.484582 -0.710186
v 0.364879 0.488418 -0.748922
v 0.268640 0.578127 -0.699178
v 0.267807 0.581469 -0.737970
v 0.255490 0.603699 -0.696290
v 0.254679 0.606540 -0.730306
v 0.215511 0.568109 -0.699743
v -0.154257 0.503780 -0.768090
v -0.022449 0.469642 -0.797671
v -0.115973 0.430638 -0.800976
v -0.314152 0.285970 -0.789997
v -0.192332 0.357419 -0.808141
v -0.242059 0.258810 -0.818289
v -0.251005 0.410973 -0.777146
v -0.297923 0.434593 -0.757947
v -0.250069 0.463489 -0.759900
v -0.167885 0.559435 -0.745735
v -0.200758 0.510899 -0.755263
v -0.041799 0.592579 -0.747994
v 0.096905 0.592694 -0.749302
v 0.077098 0.469722 -0.798615
v -0.309679 0.487875 -0.742520
v -0.212618 0.581081 -0.733416
v -0.356804 0.318045 -0.770113
v -0.354412 0.256901 -0.781150
v -0.365647 0.184314 -0.788872
v -0.386349 0.126902 -0.790420
v -0.336103 0.143833 -0.805093
v -0.347962 -0.013720 -0.810365
v -0.259432 0.146706 -0.830201
v -0.242162 0.034634 -0.842436
v -0.278677 -0.151046 -0.825828
v -0.192332 -0.063895 -0.853527
v -0.116077 -0.136994 -0.862135
v -0.172358 -0.252930 -0.837824
v -0.022553 -0.175848 -0.867204
v -0.042007 -0.307080 -0.844909
v -0.425881 0.158856 -0.777401
v -0.403827 0.301554 -0.762242
v -0.207416 -0.238085 -0.782534
v -0.210849 -0.240610 -0.830297
v -0.205752 -0.297249 -0.827243
v -0.205647 -0.302453 -0.789496
v -0.179640 -0.295041 -0.828665
v -0.179432 -0.300389 -0.789519
v -0.060629 -0.344931 -0.835175
v -0.059901 -0.350542 -0.796065
v -0.040863 -0.364767 -0.834521
v -0.040135 -0.370074 -0.798358
v -0.005596 -0.325068 -0.839777
v -0.005805 -0.315547 -0.792814
v -0.027131 -0.303130 -0.840192
v -0.025570 -0.296016 -0.790521
v -0.524086 -0.163726 0.430062
v -0.314671 -0.101769 0.434735
v -0.319873 -0.061975 0.426392
v -0.281798 0.036523 0.459853
v -0.326427 0.020694 0.475615
v -0.288040 0.023102 0.409291
v -0.281798 0.036523 0.459853
v -0.258495 0.081177 0.437179
v -0.252045 0.074594 0.433128
v -0.286271 0.045576 0.462153
v -0.326427 0.020694 0.475615
v -0.332044 0.066614 0.446874
v -0.286271 0.045576 0.462153
v -0.295634 0.068902 0.444699
v -0.332044 0.066614 0.446874
v -0.258495 0.081177 0.437179
v -0.373241 0.079546 0.436996
v -0.374385 0.020656 0.476060
v -0.436388 0.108940 0.419734
v -0.373241 0.079546 0.436996
v -0.326427 0.020694 0.475615
v -0.373241 0.079546 0.436996
v -0.374385 0.020656 0.476060
v -0.258495 0.081177 0.437179
v -0.295634 0.068902 0.444699
v -0.270978 0.086957 0.433286
v -0.418702 0.040941 0.462277
v -0.418702 0.040941 0.462277
v -0.445438 -0.034359 0.414907
v -0.374385 0.020656 0.476060
v -0.450640 0.077729 0.437014
v -0.450640 0.077729 0.437014
v -0.445438 -0.034359 0.414907
v -0.464268 0.047852 0.392533
v -0.450640 0.077729 0.437014
v -0.445438 -0.034359 0.414907
v -0.374385 0.020656 0.476060
v -0.319873 -0.062313 0.433002
v -0.450640 0.077729 0.437014
v -0.436388 0.108940 0.419734
v -0.463852 0.123982 0.405274
v -0.463852 0.123982 0.405274
v -0.505464 0.091748 0.351288
v -0.505464 0.091748 0.351288
v -0.330068 0.225813 0.271109
v -0.580887 0.155547 0.265940
v -0.276492 0.065056 0.325698
v -0.293657 0.180624 0.223579
v -0.736621 -0.005410 0.163101
v -0.718936 -0.019586 0.184342
v -0.678884 -0.007806 0.185222
v -0.674307 0.012715 0.164455
v -0.659534 -0.067071 0.237761
v -0.644346 0.077461 0.215815
v -0.623747 -0.034168 0.318334
v -0.556335 0.013082 0.396075
v -0.464268 0.047852 0.392533
v -0.556335 0.013082 0.396075
v -0.669105 -0.057664 0.229896
v -0.708845 -0.069384 0.229020
v -0.249548 -0.195970 0.202903
v -0.258495 -0.078909 0.352010
v -0.244139 -0.216198 0.295091
v -0.262344 -0.071809 0.263479
v -0.275348 0.032102 0.244768
v -0.287519 0.114734 0.171751
v -0.293449 0.149030 0.117150
v -0.307494 0.237827 0.078531
v -0.330796 0.281929 0.083502
v -0.591186 0.224940 0.079861
v -0.652669 0.130288 0.070249
v -0.680132 0.049366 0.061798
v -0.742550 0.030919 0.060415
v -0.296986 -0.274595 0.362612
v -0.244346 -0.320350 0.180943
v -0.740782 -0.097179 0.046588
v -0.721225 -0.084832 0.236438
v -0.738702 -0.111195 0.089347
v -0.733084 -0.142662 0.118307
v -0.725386 -0.183149 0.125734
v -0.700418 -0.185511 0.255419
v -0.717688 -0.222084 0.109607
v -0.679612 -0.282212 0.214785
v -0.663799 -0.350762 0.125202
v -0.619690 -0.264933 0.216066
v -0.604710 -0.333484 0.126496
v -0.569027 -0.308354 0.288277
v -0.548221 -0.404273 0.162999
v -0.491732 -0.333030 0.358178
v -0.467077 -0.454990 0.199085
v -0.312904 -0.410080 0.179596
v -0.711966 -0.249303 0.074210
v -0.290745 -0.429647 0.006464
v -0.456570 -0.486751 0.001902
v -0.539482 -0.436749 0.008083
v -0.598572 -0.355897 0.017355
v -0.657349 -0.373351 0.016046
v -0.709781 -0.257514 0.029018
v -0.337767 0.079316 0.401122
v -0.596491 -0.174137 0.344995
v -0.639664 -0.168059 0.256729
v -0.281798 0.036523 0.459853
v -0.287936 0.022361 0.423807
v -0.326427 0.020694 0.475615
v -0.374385 0.020656 0.476060
v -0.445438 -0.034359 0.414907
v -0.364920 0.505781 -2.282779
v -0.372099 0.512837 -2.329463
v -0.419120 0.496347 -2.321593
v -0.419952 0.492289 -2.283703
v -0.412775 0.467437 -2.326166
v -0.413607 0.463237 -2.286894
v -0.382814 0.290799 -2.305766
v -0.358574 0.145056 -2.321697
v -0.356285 0.141335 -2.269950
v -0.394673 0.282866 -2.258768
v -0.396130 0.265104 -2.308406
v -0.407989 0.257478 -2.264352
v -0.449081 0.294089 -2.304776
v -0.447625 0.291318 -2.269524
v -0.435765 0.319783 -2.302135
v -0.434308 0.316708 -2.263938
v -0.412255 0.459406 -2.248778
v -0.418704 0.488604 -2.246970
v -0.371578 0.503207 -2.236652
v -0.434725 0.324738 -2.341329
v -0.448041 0.298738 -2.341025
v -0.408509 0.266784 -2.354041
v -0.395193 0.292785 -2.354345
v -0.356909 0.152162 -2.374294
v -0.287521 0.014837 -2.389753
v -0.288873 0.007004 -2.337237
v -0.181202 -0.087047 -2.401746
v -0.182034 -0.095418 -2.349294
v -0.180578 -0.097874 -2.297401
v -0.286897 0.004009 -2.285409
v 0.219807 0.708414 -2.266550
v 0.201518 0.741825 -2.220051
v 0.206657 0.733987 -2.263668
v 0.214698 0.715761 -2.218151
v 0.088696 0.754683 -2.260308
v 0.088634 0.747751 -2.208885
v -0.050122 0.747636 -2.207569
v -0.050746 0.754568 -2.258986
v -0.221878 0.743615 -2.258527
v -0.318523 0.653759 -2.306448
v -0.319459 0.649920 -2.267685
v -0.221462 0.746969 -2.297338
v -0.208665 0.769210 -2.255896
v -0.208250 0.772062 -2.289925
v -0.168718 0.733686 -2.260106
v -0.163620 0.750416 -2.302250
v -0.181930 0.708091 -2.262737
v -0.176728 0.725323 -2.309663
v -0.050746 0.758467 -2.311912
v 0.088052 0.758572 -2.313230
v 0.214158 0.725637 -2.313373
v 0.201029 0.750709 -2.305712
v 0.245814 0.772428 -2.294234
v 0.246625 0.769577 -2.260217
v -0.176208 0.715436 -2.214441
v -0.163101 0.741533 -2.216590
v -0.207937 0.765137 -2.223186
v -0.221045 0.739050 -2.221034
v -0.318106 0.645841 -2.230144
v -0.343282 0.637612 -2.231477
v -0.344634 0.641620 -2.268340
v -0.331526 0.582364 -2.227977
v -0.329446 0.589013 -2.274151
v -0.332046 0.592105 -2.321839
v -0.343697 0.645388 -2.306421
v 0.258943 0.747347 -2.301898
v 0.259775 0.744004 -2.263098
v 0.382562 0.642205 -2.275241
v 0.369382 0.592669 -2.328496
v 0.367312 0.589572 -2.280764
v 0.369913 0.582929 -2.234635
v 0.381637 0.638195 -2.238358
v 0.356441 0.646383 -2.236545
v 0.259380 0.739428 -2.225593
v 0.246199 0.765503 -2.227495
v -0.200135 0.505033 -2.196007
v -0.191811 0.348153 -0.718850
v -0.250589 0.404239 -0.712246
v -0.259121 0.563648 -2.213788
v -0.258392 0.618544 -2.219481
v -0.207521 0.412478 -0.711770
v -0.229368 0.613400 -2.221242
v -0.209394 0.632543 -2.219374
v -0.168509 0.449938 -0.708113
v -0.153840 0.497042 -0.703177
v -0.208978 0.665952 -2.214848
v -0.162372 0.656452 -2.204708
v -0.123880 0.578253 -2.188850
v -0.115557 0.421375 -0.711697
v 0.353040 0.435116 -0.764120
v 0.390074 0.480088 -0.749379
v 0.378247 0.426785 -0.764577
v 0.364879 0.488418 -0.748922
v -0.022553 -0.175848 -0.867204
v 0.096780 -0.306969 -0.846217
v -0.042007 -0.307080 -0.844909
v 0.076984 -0.175767 -0.868162
v 0.495832 0.131255 -0.786224
v 0.441341 0.127567 -0.798276
v 0.482485 0.157232 -0.786273
v 0.456186 0.099235 -0.798488
v 0.413388 0.316311 -0.777677
v 0.413128 0.338162 -0.726404
v 0.419776 0.345231 -0.773219
v 0.406740 0.309099 -0.729476
v -0.225309 -0.153377 -0.819896
v -0.211786 -0.168302 -0.838225
v -0.225309 -0.151464 -0.836290
v -0.211890 -0.170199 -0.821843
v -0.291161 -0.071069 -0.810400
v 0.348982 -0.084751 -0.818005
v 0.362351 -0.066199 -0.832728
v 0.348701 -0.082867 -0.834390
v 0.362621 -0.068098 -0.816345
v 0.282257 -0.166229 -0.826152
v -0.184738 -0.238402 -0.831706
v -0.205752 -0.297249 -0.827243
v -0.210849 -0.240610 -0.830297
v -0.179640 -0.295041 -0.828665
v -0.040863 -0.364767 -0.834521
v -0.027131 -0.303130 -0.840192
v -0.005596 -0.325068 -0.839777
v -0.060629 -0.344931 -0.835175
v -0.184738 -0.238402 -0.831706
v -0.207416 -0.238085 -0.782534
v -0.181305 -0.236020 -0.782571
v -0.210849 -0.240610 -0.830297
v 0.240842 -0.238060 -0.835749
v 0.126834 -0.271228 -0.842656
v 0.187350 -0.245753 -0.840495
v 0.083267 -0.303042 -0.841231
v 0.116900 -0.344788 -0.836859
v 0.235849 -0.294707 -0.832600
v 0.264156 -0.237705 -0.787008
v 0.262002 -0.296872 -0.831690
v 0.266996 -0.240226 -0.834825
v 0.262315 -0.302076 -0.793929
v 0.235849 -0.294707 -0.832600
v 0.236161 -0.300055 -0.793468
v 0.116900 -0.344788 -0.836859
v 0.116588 -0.350402 -0.797737
v 0.097155 -0.364656 -0.835828
v 0.096822 -0.369962 -0.799665
v 0.061763 -0.325014 -0.840424
v 0.062471 -0.315492 -0.793461
v 0.083267 -0.303042 -0.841231
v 0.082237 -0.295929 -0.791545
v 0.097155 -0.364656 -0.835828
v 0.083267 -0.303042 -0.841231
v 0.116900 -0.344788 -0.836859
v 0.061763 -0.325014 -0.840424
v 0.240842 -0.238060 -0.835749
v 0.264156 -0.237705 -0.787008
v 0.266996 -0.240226 -0.834825
v 0.238013 -0.235682 -0.786546
v 0.170621 0.430869 -0.803698
v -0.022449 0.469642 -0.797671
v 0.077098 0.469722 -0.798615
v -0.115973 0.430638 -0.800976
v 0.246877 0.357771 -0.812306
v -0.192332 0.357419 -0.808141
v 0.296645 0.259243 -0.823397
v -0.242059 0.258810 -0.818289
v 0.313914 0.147167 -0.835632
v -0.259432 0.146706 -0.830201
v 0.296613 0.035066 -0.847544
v -0.242162 0.034634 -0.842436
v -0.192332 -0.063895 -0.853527
v 0.246824 -0.063542 -0.857692
v 0.170549 -0.136765 -0.864844
v -0.116077 -0.136994 -0.862135
v 0.076984 -0.175767 -0.868162
v -0.022553 -0.175848 -0.867204
v -0.452098 -0.034249 -1.936716
v -0.459172 -0.044344 -1.914202
v -0.444400 -0.027641 -1.913362
v -0.451370 -0.037737 -1.890848
v -0.466142 -0.054440 -1.891686
v -0.473944 -0.061046 -1.915041
v -0.466870 -0.050952 -1.937555
v 0.213243 0.608465 -0.735011
v 0.469055 0.330327 -0.766310
v 0.448478 0.281346 -0.771382
v 0.267474 0.613835 -0.733835
v 0.423687 0.467245 -0.751113
v 0.382906 0.524602 -0.744548
v 0.097082 -0.312443 -0.793465
v -0.042007 -0.307080 -0.844909
v 0.096780 -0.306969 -0.846217
v -0.041695 -0.312555 -0.792145
v 0.267703 0.609816 -0.695062
v 0.216842 0.603902 -0.734419
v 0.213472 0.604329 -0.695135
v 0.267474 0.613835 -0.733835
v -0.304270 0.597312 -2.273498
v -0.365128 0.474011 -2.238459
v -0.306247 0.590594 -2.226645
v -0.358470 0.476727 -2.285969
v -0.365752 0.483928 -2.334036
v -0.306871 0.600476 -2.321867
v -0.381668 -0.114137 -1.921335
v -0.395609 -0.128580 -1.936799
v -0.386454 -0.118207 -1.936277
v -0.399978 -0.134882 -1.922377
v -0.395193 -0.130746 -1.908313
v -0.386038 -0.120373 -1.907792
v -0.263074 0.081040 -2.129097
v -0.325181 0.043226 -2.477602
v -0.220941 0.162243 -2.483370
v -0.404347 -0.054214 -2.398785
v -0.401747 -0.066899 -2.231993
v -0.319875 0.017857 -2.144021
v -0.380525 0.088326 -2.137279
v -0.293867 0.116823 -2.125674
v -0.323724 0.151508 -2.122355
v -0.350668 0.053640 -2.140597
v -0.462397 0.003570 -2.225251
v -0.432540 -0.031116 -2.228569
v -0.401747 -0.066899 -2.231993
v -0.319875 0.017857 -2.144021
v -0.263074 0.081040 -2.129097
v -0.323724 0.151508 -2.122355
v -0.462397 0.003570 -2.225251
v -0.380525 0.088326 -2.137279
v -0.464998 0.016254 -2.392042
v -0.385727 0.113695 -2.470860
v -0.281591 0.232711 -2.476629
v -0.431292 -0.061180 -1.893090
v -0.424217 -0.051084 -1.915606
v -0.438990 -0.067786 -1.916445
v -0.446064 -0.077884 -1.893929
v -0.438990 -0.067786 -1.916445
v -0.431292 -0.061180 -1.893090
v -0.453763 -0.084489 -1.917285
v -0.446064 -0.077884 -1.893929
v -0.410901 -0.082232 -1.941307
v -0.403099 -0.075624 -1.917954
v -0.417872 -0.092327 -1.918792
v -0.410173 -0.085720 -1.895438
v -0.424946 -0.102423 -1.896278
v -0.432644 -0.109029 -1.919632
v -0.425674 -0.098935 -1.942146
v -0.279927 0.118649 -1.976211
v -0.258183 0.026558 -0.732243
v -0.254023 0.130909 -1.984556
v -0.254023 0.130909 -1.984556
v -0.261825 0.139980 -1.983646
v -0.232176 0.038170 -0.732069
v -0.269939 0.132018 -1.997830
v -0.251213 0.016523 -0.733162
v -0.262137 0.123051 -1.998595
v -0.254023 0.130909 -1.984556
v -0.254023 0.130909 -1.984556
v -0.262137 0.123051 -1.998595
v -0.272956 0.108589 -1.976809
v -0.558729 -0.239953 -1.877675
v -0.276702 0.139995 -1.996974
v -0.287625 0.125721 -1.975169
v -0.585882 -0.208400 -1.874655
v -0.268691 0.147904 -1.982929
v -0.276702 0.139995 -1.996974
v -0.265882 0.033656 -0.731527
v -0.268691 0.147904 -1.982929
v -0.269939 0.132018 -1.997830
v -0.246740 0.055166 -0.730446
v -0.261825 0.139980 -1.983646
v -0.268691 0.147904 -1.982929
v -0.464998 0.016254 -2.392042
v -0.432540 -0.031116 -2.228569
v -0.462397 0.003570 -2.225251
v -0.435141 -0.018431 -2.395360
v -0.404347 -0.054214 -2.398785
v -0.401747 -0.066899 -2.231993
v -0.479770 0.005557 -2.189215
v -0.465830 -0.010733 -2.190726
v -0.440551 0.027388 -2.290754
v -0.454491 0.043689 -2.289224
v -0.392489 0.087515 -2.348789
v -0.489029 -0.004817 -2.189738
v -0.485076 -0.023749 -1.940792
v -0.475921 -0.013377 -1.940270
v -0.461981 -0.029667 -1.941778
v -0.482474 -0.006533 -1.925593
v -0.445024 -0.050054 -1.929757
v -0.461981 -0.029667 -1.941778
v -0.475921 -0.013377 -1.940270
v -0.491630 -0.016906 -1.926116
v -0.485076 -0.023749 -1.940792
v -0.454178 -0.060427 -1.930280
v -0.471031 -0.040005 -1.942297
v -0.471031 -0.040005 -1.942297
v -0.474985 -0.021072 -2.191245
v -0.462606 0.035373 -2.297990
v -0.406429 0.103784 -2.347231
v -0.448561 0.019098 -2.299492
v -0.406532 0.105239 -2.363665
v -0.558729 -0.239953 -1.877675
v -0.572774 -0.223618 -1.876247
v -0.585882 -0.208400 -1.874655
v -0.323724 0.151508 -2.122355
v -0.251734 0.198025 -2.479947
v -0.281591 0.232711 -2.476629
v -0.293867 0.116823 -2.125674
v -0.263074 0.081040 -2.129097
v -0.220941 0.162243 -2.483370
v -0.452098 -0.034249 -1.936716
v -0.432020 -0.057691 -1.938958
v -0.466870 -0.050952 -1.937555
v -0.446688 -0.074395 -1.939798
v -0.425674 -0.098935 -1.942146
v -0.410901 -0.082232 -1.941307
v -0.423906 -0.074686 -1.932114
v -0.416624 -0.103349 -1.948408
v -0.433060 -0.085059 -1.932636
v -0.410901 -0.082232 -1.941307
v -0.407468 -0.092976 -1.947885
v -0.407468 -0.092976 -1.947885
v -0.402579 -0.119618 -1.949963
v -0.416624 -0.103349 -1.948408
v -0.393424 -0.109246 -1.949442
v -0.475921 -0.013377 -1.940270
v -0.461981 -0.029667 -1.941778
v -0.485076 -0.023749 -1.940792
v -0.471031 -0.040005 -1.942297
v -0.461981 -0.029667 -1.941778
v -0.452098 -0.034249 -1.936716
v -0.471031 -0.040005 -1.942297
v -0.445960 -0.048957 -1.929654
v -0.455219 -0.059328 -1.930176
v -0.268691 0.147904 -1.982929
v -0.265882 0.033656 -0.731527
v -0.246740 0.055166 -0.730446
v -0.268691 0.147904 -1.982929
v -0.287625 0.125721 -1.975169
v -0.265882 0.033656 -0.731527
v -0.420472 -0.084416 -2.197353
v -0.386038 -0.035910 -2.296840
v -0.394152 -0.044228 -2.305606
v -0.411318 -0.074043 -2.196831
v -0.416624 -0.103349 -1.948408
v -0.407468 -0.092976 -1.947885
v -0.416624 -0.103349 -1.948408
v -0.420472 -0.084416 -2.197353
v -0.406532 -0.100686 -2.198910
v -0.433060 -0.085059 -1.932636
v -0.416624 -0.103349 -1.948408
v -0.402579 -0.119618 -1.949963
v -0.402579 -0.119618 -1.949963
v -0.397378 -0.090311 -2.198388
v -0.372099 -0.052179 -2.298395
v -0.380109 -0.060497 -2.307163
v -0.394152 -0.044228 -2.305606
v -0.395609 -0.128580 -1.936799
v -0.393424 -0.109246 -1.949442
v -0.393424 -0.109246 -1.949442
v -0.411318 -0.074043 -2.196831
v -0.386038 -0.035910 -2.296840
v -0.337976 0.024185 -2.354847
v -0.324036 0.007915 -2.356404
v -0.324140 0.009370 -2.372838
v -0.386454 -0.118207 -1.936277
v -0.407468 -0.092976 -1.947885
v -0.407468 -0.092976 -1.947885
v -0.423906 -0.074686 -1.932114
v -0.287625 0.125721 -1.975169
v -0.258183 0.026558 -0.732243
v -0.265882 0.033656 -0.731527
v -0.585049 -0.240488 -1.846216
v -0.538652 -0.294418 -1.851573
v -0.530017 -0.283534 -1.861948
v -0.576415 -0.229604 -1.856591
v -0.621877 -0.176742 -1.851731
v -0.572461 -0.225124 -1.856432
v -0.580264 -0.216051 -1.855628
v -0.279927 0.118649 -1.976211
v -0.272956 0.108589 -1.976809
v -0.258183 0.026558 -0.732243
v -0.251213 0.016523 -0.733162
v -0.563723 -0.235285 -1.857467
v -0.630511 -0.187627 -1.841357
v -0.471031 -0.040005 -1.942297
v -0.465830 -0.010733 -2.190726
v -0.461981 -0.029667 -1.941778
v -0.474985 -0.021072 -2.191245
v -0.440551 0.027388 -2.290754
v -0.448561 0.019098 -2.299492
v -0.254023 0.130909 -1.984556
v -0.251213 0.016523 -0.733162
v -0.272956 0.108589 -1.976809
v -0.254023 0.130909 -1.984556
v -0.232176 0.038170 -0.732069
v -0.251213 0.016523 -0.733162
v -0.477689 -0.002464 -1.910650
v -0.491214 -0.019073 -1.897627
v -0.482059 -0.008700 -1.897108
v -0.495999 -0.023209 -1.911692
v -0.491630 -0.016906 -1.926116
v -0.482474 -0.006533 -1.925593
v -0.432644 -0.109029 -1.919632
v -0.446688 -0.074395 -1.939798
v -0.425674 -0.098935 -1.942146
v -0.453763 -0.084489 -1.917285
v -0.473944 -0.061046 -1.915041
v -0.446064 -0.077884 -1.893929
v -0.466142 -0.054440 -1.891686
v -0.431292 -0.061180 -1.893090
v -0.451370 -0.037737 -1.890848
v -0.424217 -0.051084 -1.915606
v -0.444400 -0.027641 -1.913362
v -0.452098 -0.034249 -1.936716
v -0.432020 -0.057691 -1.938958
v -0.410901 -0.082232 -1.941307
v -0.403099 -0.075624 -1.917954
v -0.410173 -0.085720 -1.895438
v -0.424946 -0.102423 -1.896278
v -0.466870 -0.050952 -1.937555
v -0.435661 -0.035087 -2.224952
v -0.393737 0.024052 -2.346023
v -0.382190 0.032725 -2.298725
v -0.407573 -0.003078 -2.225429
v -0.419224 -0.054306 -2.226791
v -0.407573 -0.003078 -2.225429
v -0.435661 -0.035087 -2.224952
v -0.391032 -0.022297 -2.227268
v -0.451266 -0.016966 -2.223218
v -0.407573 -0.003078 -2.225429
v -0.423178 0.015042 -2.223696
v -0.435661 -0.035087 -2.224952
v -0.445024 -0.050054 -1.929757
v -0.477689 -0.002464 -1.910650
v -0.440238 -0.045984 -1.914815
v -0.444607 -0.052220 -1.901272
v -0.482059 -0.008700 -1.897108
v -0.453763 -0.062594 -1.901792
v -0.491214 -0.019073 -1.897627
v -0.458548 -0.066730 -1.915856
v -0.495999 -0.023209 -1.911692
v -0.491630 -0.016906 -1.926116
v -0.454178 -0.060427 -1.930280
v -0.454178 -0.060427 -1.930280
v -0.491630 -0.016906 -1.926116
v -0.482474 -0.006533 -1.925593
v -0.445024 -0.050054 -1.929757
v -0.482474 -0.006533 -1.925593
v -0.448561 0.019098 -2.299492
v -0.450954 0.021853 -2.299284
v -0.392593 0.088956 -2.365223
v -0.460213 0.032609 -2.298255
v -0.406532 0.105239 -2.363665
v -0.392489 0.087515 -2.348789
v -0.406429 0.103784 -2.347231
v -0.462606 0.035373 -2.297990
v -0.324036 0.007915 -2.356404
v -0.324140 0.009370 -2.372838
v -0.337976 0.024185 -2.354847
v -0.338080 0.025653 -2.371279
v -0.391760 -0.046976 -2.305869
v -0.382501 -0.057733 -2.306899
v -0.380109 -0.060497 -2.307163
v -0.394152 -0.044228 -2.305606
v 0.443181 -0.060267 -2.407417
v 0.474360 -0.038308 -2.237870
v 0.442505 -0.072889 -2.240588
v 0.475035 -0.025686 -2.404697
v 0.505912 0.007835 -2.402061
v 0.505236 -0.004787 -2.235232
v 0.309752 0.080257 -2.134644
v 0.296935 0.197709 -2.485221
v 0.265081 0.163127 -2.487940
v 0.341606 0.114839 -2.131924
v 0.372472 0.148359 -2.129287
v 0.327800 0.231229 -2.482585
v 0.427182 0.083038 -2.145464
v 0.372472 0.148359 -2.129287
v 0.341606 0.114839 -2.131924
v 0.396305 0.049517 -2.148099
v 0.505236 -0.004787 -2.235232
v 0.474360 -0.038308 -2.237870
v 0.442505 -0.072889 -2.240588
v 0.364461 0.014935 -2.150819
v 0.309752 0.080257 -2.134644
v 0.372472 0.148359 -2.129287
v 0.428534 0.108281 -2.479119
v 0.327800 0.231229 -2.482585
v 0.505912 0.007835 -2.402061
v 0.505236 -0.004787 -2.235232
v 0.427182 0.083038 -2.145464
v 0.309752 0.080257 -2.134644
v 0.442505 -0.072889 -2.240588
v 0.364461 0.014935 -2.150819
v 0.443181 -0.060267 -2.407417
v 0.365803 0.040178 -2.484474
v 0.265081 0.163127 -2.487940
v 0.425341 -0.119412 -1.929513
v 0.438553 -0.136533 -1.916790
v 0.429710 -0.125816 -1.916067
v 0.443036 -0.140848 -1.930959
v 0.438667 -0.134378 -1.945283
v 0.429824 -0.123659 -1.944558
v 0.319270 0.146834 -1.988643
v 0.330549 0.032421 -0.737337
v 0.337705 0.123932 -1.981305
v 0.319270 0.146834 -1.988643
v 0.312073 0.054654 -0.735840
v 0.330549 0.032421 -0.737337
v 0.476867 -0.068395 -1.902403
v 0.484087 -0.075289 -1.925926
v 0.469834 -0.058030 -1.924761
v 0.491119 -0.085656 -1.903569
v 0.476867 -0.068395 -1.902403
v 0.484087 -0.075289 -1.925926
v 0.498338 -0.092548 -1.927091
v 0.491119 -0.085656 -1.903569
v 0.460243 -0.109964 -1.957368
v 0.452398 -0.080406 -2.205645
v 0.451389 -0.099246 -1.956644
v 0.461252 -0.091126 -2.206370
v 0.426859 -0.041299 -2.305084
v 0.434536 -0.049917 -2.314026
v 0.326917 0.138622 -2.002866
v 0.627285 -0.221469 -1.887397
v 0.337705 0.123932 -1.981305
v 0.319270 0.146834 -1.988643
v 0.326917 0.138622 -2.002866
v 0.319270 0.146834 -1.988643
v 0.330549 0.032421 -0.737337
v 0.319915 0.130910 -2.003566
v 0.312073 0.054654 -0.735840
v 0.312176 0.139178 -1.989203
v 0.319270 0.146834 -1.988643
v 0.304145 0.130408 -1.989937
v 0.296947 0.038229 -0.737128
v 0.312176 0.139178 -1.989203
v 0.319915 0.130910 -2.003566
v 0.315298 0.015864 -0.738636
v 0.311833 0.122247 -2.004153
v 0.304145 0.130408 -1.989937
v 0.304145 0.130408 -1.989937
v 0.322454 0.107375 -1.982607
v 0.311833 0.122247 -2.004153
v 0.599197 -0.251962 -1.889794
v 0.329788 0.117159 -1.982171
v 0.304145 0.130408 -1.989937
v 0.322621 0.025623 -0.737877
v 0.460378 -0.060973 -2.235784
v 0.477491 -0.042400 -2.234323
v 0.450318 -0.009330 -2.234178
v 0.433216 -0.027903 -2.235638
v 0.477491 -0.042400 -2.234323
v 0.424935 0.027448 -2.306903
v 0.435556 0.018350 -2.354450
v 0.450318 -0.009330 -2.234178
v 0.493616 -0.024888 -2.232946
v 0.450318 -0.009330 -2.234178
v 0.477491 -0.042400 -2.234323
v 0.466454 0.008182 -2.232800
v 0.420055 -0.065640 -2.315262
v 0.365304 0.004899 -2.363258
v 0.365200 0.006354 -2.379692
v 0.412388 -0.057021 -2.306319
v 0.379785 0.020622 -2.362021
v 0.426859 -0.041299 -2.305084
v 0.437917 -0.096130 -2.206882
v 0.452398 -0.080406 -2.205645
v 0.436909 -0.114969 -1.957881
v 0.445761 -0.125687 -1.958606
v 0.438667 -0.134378 -1.945283
v 0.436909 -0.114969 -1.957881
v 0.445761 -0.125687 -1.958606
v 0.477408 -0.092319 -1.941975
v 0.451389 -0.099246 -1.956644
v 0.429824 -0.123659 -1.944558
v 0.451389 -0.099246 -1.956644
v 0.468555 -0.081600 -1.941252
v 0.460243 -0.109964 -1.957368
v 0.460243 -0.109964 -1.957368
v 0.446760 -0.106848 -2.207607
v 0.461252 -0.091126 -2.206370
v 0.434536 -0.049917 -2.314026
v 0.322454 0.107375 -1.982607
v 0.322621 0.025623 -0.737877
v 0.315298 0.015864 -0.738636
v 0.329788 0.117159 -1.982171
v 0.337705 0.123932 -1.981305
v 0.322621 0.025623 -0.737877
v 0.621720 -0.228905 -1.868243
v 0.613647 -0.237673 -1.868869
v 0.664508 -0.191215 -1.865296
v 0.617465 -0.242303 -1.869116
v 0.626006 -0.253517 -1.858936
v 0.569454 -0.294421 -1.873412
v 0.577985 -0.305636 -1.863231
v 0.604596 -0.247492 -1.869705
v 0.673038 -0.202431 -1.855115
v 0.330549 0.032421 -0.737337
v 0.304145 0.130408 -1.989937
v 0.315298 0.015864 -0.738636
v 0.296947 0.038229 -0.737128
v 0.304145 0.130408 -1.989937
v 0.322454 0.107375 -1.982607
v 0.315298 0.015864 -0.738636
v 0.443181 -0.060267 -2.407417
v 0.428534 0.108281 -2.479119
v 0.505912 0.007835 -2.402061
v 0.365803 0.040178 -2.484474
v 0.327800 0.231229 -2.482585
v 0.265081 0.163127 -2.487940
v 0.627285 -0.221469 -1.887397
v 0.311833 0.122247 -2.004153
v 0.326917 0.138622 -2.002866
v 0.599197 -0.251962 -1.889794
v 0.468555 -0.081600 -1.941252
v 0.429824 -0.123659 -1.944558
v 0.425341 -0.119412 -1.929513
v 0.477408 -0.092319 -1.941975
v 0.429824 -0.123659 -1.944558
v 0.468555 -0.081600 -1.941252
v 0.438667 -0.134378 -1.945283
v 0.481777 -0.098789 -1.927651
v 0.438667 -0.134378 -1.945283
v 0.477408 -0.092319 -1.941975
v 0.443036 -0.140848 -1.930959
v 0.438553 -0.136533 -1.916790
v 0.477294 -0.094474 -1.913481
v 0.429710 -0.125816 -1.916067
v 0.468440 -0.083756 -1.912759
v 0.464071 -0.077351 -1.926203
v 0.497735 -0.045740 -1.900622
v 0.511988 -0.063000 -1.901788
v 0.519208 -0.069893 -1.925310
v 0.512175 -0.059528 -1.947666
v 0.455208 -0.088641 -1.950148
v 0.462240 -0.099005 -1.927791
v 0.447998 -0.081746 -1.926626
v 0.455031 -0.092111 -1.904269
v 0.469273 -0.109372 -1.905435
v 0.476492 -0.116265 -1.928957
v 0.469460 -0.105900 -1.951313
v -0.044609 0.855641 -1.839752
v -0.044713 0.879229 -1.852023
v -0.044713 0.864518 -1.853607
v -0.044609 0.885063 -1.836581
v -0.044505 0.876283 -1.823602
v -0.044505 0.861572 -1.825186
v -0.020578 0.654081 -2.081305
v -0.022555 0.780701 -2.416004
v -0.022659 0.614381 -2.445728
v -0.022035 0.901277 -2.318882
v -0.021098 0.884003 -2.152477
v -0.020682 0.746174 -2.083190
v 0.023219 0.746200 -2.083609
v 0.065258 0.884075 -2.153296
v 0.022699 0.884040 -2.152892
v -0.021098 0.884003 -2.152477
v -0.020682 0.746174 -2.083190
v -0.020578 0.654081 -2.081305
v 0.065768 0.654152 -2.082124
v 0.065258 0.884075 -2.153296
v 0.065716 0.746235 -2.084012
v 0.064322 0.901338 -2.319703
v 0.063833 0.780772 -2.416824
v 0.063739 0.614451 -2.446548
v 0.517605 -0.029908 -2.201508
v 0.490900 0.011282 -2.309157
v 0.505381 0.027009 -2.307977
v 0.450536 0.099002 -2.372405
v 0.450640 0.097547 -2.355972
v 0.497714 0.035627 -2.299033
v 0.436159 0.081825 -2.357208
v 0.532097 -0.014200 -2.200321
v 0.516596 -0.048747 -1.952504
v 0.499337 -0.068514 -1.940104
v 0.516596 -0.048747 -1.952504
v 0.531098 -0.033039 -1.951320
v 0.538069 -0.026455 -1.936797
v 0.522245 -0.022320 -1.950594
v 0.529226 -0.015737 -1.936072
v 0.507775 -0.038064 -1.951784
v 0.490485 -0.057796 -1.939378
v 0.508783 -0.019225 -2.200787
v 0.507775 -0.038064 -1.951784
v 0.483265 0.019871 -2.300245
v 0.599197 -0.251962 -1.889794
v 0.627285 -0.221469 -1.887397
v 0.613731 -0.236174 -1.888690
v 0.064322 0.901338 -2.319703
v 0.022699 0.884040 -2.152892
v 0.065258 0.884075 -2.153296
v 0.021762 0.901313 -2.319299
v -0.022035 0.901277 -2.318882
v -0.021098 0.884003 -2.152477
v 0.497923 -0.042269 -1.946500
v 0.512175 -0.059528 -1.947666
v 0.477055 -0.064923 -1.948283
v 0.491306 -0.082184 -1.949448
v 0.469460 -0.105900 -1.951313
v 0.455208 -0.088641 -1.950148
v 0.436909 -0.114969 -1.957881
v 0.451389 -0.099246 -1.956644
v 0.445761 -0.125687 -1.958606
v 0.460243 -0.109964 -1.957368
v 0.451389 -0.099246 -1.956644
v 0.455208 -0.088641 -1.950148
v 0.460243 -0.109964 -1.957368
v 0.468555 -0.081600 -1.941252
v 0.477408 -0.092319 -1.941975
v 0.522245 -0.022320 -1.950594
v 0.531098 -0.033039 -1.951320
v 0.507775 -0.038064 -1.951784
v 0.516596 -0.048747 -1.952504
v 0.507775 -0.038064 -1.951784
v 0.516596 -0.048747 -1.952504
v 0.497923 -0.042269 -1.946500
v 0.491462 -0.056735 -1.939298
v 0.500316 -0.067453 -1.940021
v 0.065768 0.654152 -2.082124
v 0.021242 0.614416 -2.446144
v 0.063739 0.614451 -2.446548
v 0.023219 0.654117 -2.081721
v -0.020578 0.654081 -2.081305
v -0.022659 0.614381 -2.445728
v 0.508783 -0.019225 -2.200787
v 0.516596 -0.048747 -1.952504
v 0.507775 -0.038064 -1.951784
v 0.033726 0.591663 -1.947015
v 0.040905 0.489057 -0.694630
v 0.040905 0.458451 -0.697933
v 0.033726 0.591663 -1.947015
v 0.033935 0.621354 -1.934902
v 0.040905 0.489057 -0.694630
v 0.024675 0.855710 -1.817267
v 0.024468 0.846242 -1.841426
v 0.024468 0.869933 -1.838875
v 0.024675 0.879401 -1.814717
v 0.024468 0.893624 -1.836322
v -0.016520 0.906470 -2.114563
v -0.017144 0.859142 -2.222096
v -0.017144 0.872697 -2.229026
v -0.016520 0.891758 -2.116148
v -0.015168 0.880699 -1.866192
v -0.015168 0.865987 -1.867777
v 0.524742 -0.011488 -1.921025
v 0.538069 -0.026455 -1.936797
v 0.529226 -0.015737 -1.936072
v 0.542438 -0.032925 -1.922472
v 0.537954 -0.028611 -1.908302
v 0.529111 -0.017892 -1.907579
v 0.092202 0.864632 -1.854907
v 0.038824 0.864587 -1.854399
v 0.062491 0.866068 -1.868462
v 0.082444 0.866058 -1.868703
v 0.092213 0.879343 -1.853323
v 0.082444 0.880769 -1.867118
v 0.038824 0.879299 -1.852816
v 0.062502 0.880728 -1.866882
v 0.062502 0.880728 -1.866882
v 0.082444 0.880769 -1.867118
v 0.081039 0.906551 -2.115490
v 0.061086 0.906499 -2.115256
v 0.080405 0.872768 -2.229953
v 0.080457 0.859212 -2.223023
v 0.080103 0.786835 -2.292152
v 0.060150 0.786818 -2.291963
v 0.080009 0.788252 -2.308589
v 0.060462 0.872746 -2.229708
v 0.060503 0.859245 -2.222800
v 0.081029 0.891839 -2.117074
v 0.082444 0.866058 -1.868703
v 0.061086 0.891839 -2.116835
v 0.062491 0.866068 -1.868462
v 0.062502 0.880728 -1.866882
v 0.061086 0.891839 -2.116835
v 0.062491 0.866068 -1.868462
v 0.061086 0.906499 -2.115256
v 0.060503 0.859245 -2.222800
v 0.060462 0.872746 -2.229708
v 0.008655 0.879274 -1.852529
v -0.015168 0.880699 -1.866192
v -0.035142 0.880682 -1.866002
v -0.015168 0.880699 -1.866192
v -0.036495 0.906453 -2.114374
v -0.035142 0.880682 -1.866002
v -0.036495 0.891742 -2.115960
v -0.037119 0.859125 -2.221906
v -0.037119 0.872680 -2.228837
v -0.016520 0.906470 -2.114563
v -0.017144 0.872697 -2.229026
v -0.044713 0.879229 -1.852023
v -0.035142 0.865971 -1.867587
v -0.035142 0.865971 -1.867587
v -0.016520 0.891758 -2.116148
v -0.017144 0.859142 -2.222096
v -0.017457 0.786764 -2.291225
v -0.037431 0.786747 -2.291037
v -0.037535 0.788154 -2.307474
v -0.044713 0.864518 -1.853607
v -0.015168 0.865987 -1.867777
v -0.015168 0.865987 -1.867777
v 0.008655 0.864562 -1.854114
v -0.041176 1.085085 -1.746937
v 0.024884 1.078776 -1.748119
v 0.024884 1.085122 -1.747369
v 0.012504 1.078771 -1.748064
v 0.024051 0.620075 -1.935269
v 0.024988 1.098251 -1.734979
v -0.041176 1.098224 -1.734547
v 0.089706 1.085193 -1.748180
v 0.036015 1.078791 -1.748287
v 0.033935 0.621354 -1.934902
v 0.031127 0.487744 -0.694677
v 0.040905 0.489057 -0.694630
v 0.089778 1.098322 -1.735790
v 0.519208 -0.069893 -1.925310
v 0.491306 -0.082184 -1.949448
v 0.512175 -0.059528 -1.947666
v 0.476492 -0.116265 -1.928957
v 0.469460 -0.105900 -1.951313
v 0.498338 -0.092548 -1.927091
v 0.491119 -0.085656 -1.903569
v 0.511988 -0.063000 -1.901788
v 0.476867 -0.068395 -1.902403
v 0.497735 -0.045740 -1.900622
v 0.469834 -0.058030 -1.924761
v 0.490703 -0.035374 -1.922979
v 0.497923 -0.042269 -1.946500
v 0.477055 -0.064923 -1.948283
v 0.455208 -0.088641 -1.950148
v 0.447998 -0.081746 -1.926626
v 0.455031 -0.092111 -1.904269
v 0.469273 -0.109372 -1.905435
v 0.012920 0.591647 -1.946816
v 0.019891 0.489041 -0.694442
v 0.012920 0.621337 -1.934703
v 0.012920 0.591647 -1.946816
v 0.019995 0.458433 -0.697731
v 0.019891 0.489041 -0.694442
v 0.092285 0.855754 -1.841051
v 0.092369 0.876397 -1.824899
v 0.092369 0.861675 -1.826487
v 0.092296 0.885176 -1.837881
v 0.092213 0.879343 -1.853323
v 0.092202 0.864632 -1.854907
v 0.022803 0.888870 -2.148537
v 0.022803 0.888870 -2.148537
v 0.022699 0.843915 -2.155476
v 0.022283 0.808950 -2.234713
v -0.000812 0.888850 -2.148315
v 0.022699 0.843915 -2.155476
v 0.022803 0.888870 -2.148537
v -0.000812 0.843895 -2.155252
v 0.022803 0.888870 -2.148537
v 0.022075 0.831116 -2.279421
v 0.022283 0.808950 -2.234713
v -0.022555 0.780701 -2.416004
v 0.063739 0.614451 -2.446548
v -0.022659 0.614381 -2.445728
v 0.063833 0.780772 -2.416824
v -0.022035 0.901277 -2.318882
v 0.064322 0.901338 -2.319703
v 0.490370 -0.059952 -1.910887
v 0.529111 -0.017892 -1.907579
v 0.499224 -0.070670 -1.911610
v 0.537954 -0.028611 -1.908302
v 0.503697 -0.074984 -1.925779
v 0.542438 -0.032925 -1.922472
v 0.538069 -0.026455 -1.936797
v 0.499337 -0.068514 -1.940104
v 0.499337 -0.068514 -1.940104
v 0.529226 -0.015737 -1.936072
v 0.538069 -0.026455 -1.936797
v 0.490485 -0.057796 -1.939378
v 0.529226 -0.015737 -1.936072
v 0.379691 0.022090 -2.378454
v 0.434536 -0.049917 -2.314026
v 0.432082 -0.052575 -2.314235
v 0.420055 -0.065640 -2.315262
v 0.365200 0.006354 -2.379692
v 0.422511 -0.062970 -2.315053
v 0.379785 0.020622 -2.362021
v 0.365304 0.004899 -2.363258
v 0.043506 1.080833 -1.767930
v 0.012920 0.605702 -1.959017
v 0.004806 1.080801 -1.767564
v 0.033622 0.605718 -1.959216
v 0.008655 0.864562 -1.854114
v -0.044609 0.855641 -1.839752
v -0.044713 0.864518 -1.853607
v 0.008759 0.855685 -1.840257
v 0.008863 0.861616 -1.825693
v -0.044505 0.861572 -1.825186
v 0.008863 0.876327 -1.824107
v -0.044505 0.876283 -1.823602
v 0.008759 0.885107 -1.837088
v -0.044609 0.885063 -1.836581
v -0.044713 0.879229 -1.852023
v 0.008655 0.879274 -1.852529
v 0.008655 0.879274 -1.852529
v -0.044713 0.864518 -1.853607
v -0.044713 0.879229 -1.852023
v 0.008655 0.864562 -1.854114
v -0.005597 0.893599 -1.836037
v 0.024364 0.884156 -1.860478
v -0.005701 0.884131 -1.860193
v 0.024468 0.893624 -1.836322
v 0.053253 0.893648 -1.836595
v 0.024675 0.879401 -1.814717
v 0.053378 0.879425 -1.814989
v 0.024675 0.855710 -1.817267
v 0.053378 0.855734 -1.817541
v 0.024468 0.846242 -1.841426
v 0.053243 0.846266 -1.841699
v 0.053117 0.860490 -1.863304
v 0.024364 0.860466 -1.863030
v -0.005701 0.860441 -1.862745
v -0.005597 0.846217 -1.841140
v -0.005493 0.855685 -1.816983
v -0.005493 0.879376 -1.814431
v 0.053117 0.884170 -1.860751
v 0.450536 0.099002 -2.372405
v 0.505381 0.027009 -2.307977
v 0.502927 0.024338 -2.308187
v 0.436159 0.081825 -2.357208
v 0.450640 0.097547 -2.355972
v 0.436034 0.083266 -2.373643
v 0.493356 0.013943 -2.309004
v 0.490900 0.011282 -2.309157
v 0.008655 0.864562 -1.854114
v -0.015168 0.880699 -1.866192
v 0.008655 0.879274 -1.852529
v -0.005701 0.860441 -1.862745
v -0.015168 0.865987 -1.867777
v -0.015168 0.865987 -1.867777
v -0.035142 0.880682 -1.866002
v -0.015168 0.880699 -1.866192
v -0.035142 0.865971 -1.867587
v 0.053117 0.860490 -1.863304
v 0.024364 0.860466 -1.863030
v 0.053117 0.884170 -1.860751
v 0.024364 0.884156 -1.860478
v -0.005701 0.884131 -1.860193
v -0.005701 0.860441 -1.862745
v 0.082444 0.866058 -1.868703
v 0.062491 0.866068 -1.868462
v 0.082444 0.880769 -1.867118
v 0.062502 0.880728 -1.866882
v 0.062491 0.866068 -1.868462
v 0.053117 0.860490 -1.863304
v 0.062502 0.880728 -1.866882
v 0.040176 0.864589 -1.854415
v 0.040176 0.879300 -1.852830
v 0.053117 0.860490 -1.863304
v 0.053253 0.869957 -1.839147
v 0.053243 0.846266 -1.841699
v 0.053378 0.855734 -1.817541
v 0.053378 0.879425 -1.814989
v 0.053253 0.893648 -1.836595
v 0.053117 0.884170 -1.860751
v 0.060462 0.872746 -2.229708
v 0.063833 0.872754 -2.229795
v 0.077024 0.872765 -2.229921
v 0.080103 0.786835 -2.292152
v 0.080405 0.872768 -2.229953
v -0.005701 0.860441 -1.862745
v -0.005597 0.846217 -1.841140
v -0.005597 0.869908 -1.838588
v -0.005493 0.855685 -1.816983
v -0.005493 0.879376 -1.814431
v -0.005597 0.893599 -1.836037
v -0.005701 0.884131 -1.860193
v 0.024051 0.620075 -1.935269
v 0.031127 0.487744 -0.694677
v 0.012920 0.591647 -1.946816
v 0.012920 0.591647 -1.946816
v 0.024051 0.591611 -1.946885
v 0.019995 0.458433 -0.697731
v 0.023947 0.605806 -1.959207
v 0.019891 0.489041 -0.694442
v 0.012920 0.605702 -1.959017
v 0.012920 0.591647 -1.946816
v 0.012920 0.591647 -1.946816
v 0.012920 0.605702 -1.959017
v 0.012920 0.621337 -1.934703
v 0.004806 1.080801 -1.767564
v 0.033622 0.605718 -1.959216
v 0.033935 0.621354 -1.934902
v 0.043506 1.080833 -1.767930
v 0.033726 0.591663 -1.947015
v 0.033622 0.605718 -1.959216
v 0.040905 0.489057 -0.694630
v 0.033726 0.591663 -1.947015
v 0.023947 0.605806 -1.959207
v 0.040905 0.458451 -0.697933
v 0.024051 0.591611 -1.946885
v 0.033726 0.591663 -1.947015
v 0.014896 0.553563 -3.573463
v 0.014896 0.676512 -3.569222
v 0.015000 0.658146 -3.553600
v 0.014792 0.617367 -3.587379
v -0.229056 0.219510 -2.434851
v -0.370330 0.162036 -3.403007
v -0.234361 0.225665 -2.434262
v -0.365129 0.155882 -3.403595
v -0.359199 0.149002 -3.404254
v -0.223230 0.212631 -2.435510
v -0.374180 0.144966 -3.397107
v -0.268796 0.185138 -2.418778
v -0.379485 0.151120 -3.396518
v -0.263490 0.178984 -2.419368
v -0.257560 0.172104 -2.420026
v -0.368250 0.138085 -3.397766
v -0.257560 0.172104 -2.420026
v -0.359199 0.149002 -3.404254
v -0.368250 0.138085 -3.397766
v -0.351916 0.040382 -2.416635
v -0.401019 -0.023283 -2.333740
v -0.425570 -0.048603 -2.361201
v -0.356390 0.030589 -2.367300
v -0.457715 -0.011262 -2.357628
v -0.475921 0.054981 -3.284007
v -0.351916 0.040382 -2.416635
v -0.443776 0.017641 -3.287579
v -0.383958 0.077722 -2.413063
v -0.344218 0.296511 -2.241771
v -0.362632 0.411956 -2.240735
v -0.373867 0.339368 -2.248449
v -0.322268 0.438646 -2.226659
v -0.267235 0.294320 -2.218063
v -0.249966 0.406423 -2.206153
v 0.004806 1.080801 -1.767564
v 0.024780 1.080829 -1.767888
v 0.043506 1.080833 -1.767930
v 0.382032 0.310299 -2.375912
v 0.402017 0.421045 -2.352598
v 0.413200 0.348477 -2.360523
v 0.360103 0.452401 -2.360406
v 0.305049 0.313051 -2.399560
v 0.287780 0.425125 -2.387322
v 0.038824 0.864587 -1.854399
v 0.092285 0.855754 -1.841051
v 0.038928 0.855710 -1.840544
v 0.039032 0.861641 -1.825980
v 0.092369 0.861675 -1.826487
v 0.039032 0.876352 -1.824394
v 0.092369 0.876397 -1.824899
v 0.038928 0.885132 -1.837374
v 0.092296 0.885176 -1.837881
v 0.092213 0.879343 -1.853323
v 0.038824 0.879299 -1.852816
v 0.038824 0.879299 -1.852816
v 0.092213 0.879343 -1.853323
v 0.092202 0.864632 -1.854907
v 0.038824 0.864587 -1.854399
v 0.092202 0.864632 -1.854907
v 0.296976 0.577304 -2.346359
v 0.246885 0.677152 -2.323523
v 0.296259 0.629817 -2.329094
v 0.200290 0.669953 -2.335459
v 0.238022 0.523654 -2.376231
v 0.161768 0.596752 -2.367626
v -0.037431 0.786747 -2.291037
v -0.037535 0.788154 -2.307474
v -0.017457 0.786764 -2.291225
v -0.017561 0.788171 -2.307663
v -0.020578 0.872694 -2.228994
v -0.033790 0.872683 -2.228869
v -0.037119 0.872680 -2.228837
v -0.017144 0.872697 -2.229026
v 0.365097 0.484328 -0.709516
v 0.378516 0.421787 -0.716386
v 0.390304 0.476071 -0.710646
v 0.353321 0.430045 -0.715256
v 0.344716 0.591118 -2.232823
v 0.369913 0.582929 -2.234635
v 0.367312 0.589572 -2.280764
v 0.342116 0.597832 -2.279631
v 0.344175 0.600999 -2.328045
v 0.369382 0.592669 -2.328496
v -0.024011 0.919166 -2.655726
v -0.024115 0.907890 -2.686792
v -0.024115 0.889986 -2.676343
v -0.024324 0.891917 -2.715128
v -0.024219 0.908705 -2.703269
v -0.024427 0.923028 -2.733296
v -0.024324 0.921922 -2.710986
v -0.024324 0.952219 -2.712679
v -0.024219 0.934324 -2.702227
v -0.024115 0.933499 -2.685755
v -0.024115 0.950288 -2.673894
v -0.024115 0.920282 -2.678037
v 0.342116 0.597832 -2.279631
v 0.404524 0.482194 -2.341600
v 0.344175 0.600999 -2.328045
v 0.396378 0.477334 -2.293133
v 0.405064 0.472276 -2.246022
v 0.344716 0.591118 -2.232823
v -0.365752 0.483928 -2.334036
v -0.364920 0.505781 -2.282779
v -0.358470 0.476727 -2.285969
v -0.372099 0.512837 -2.329463
v -0.364920 0.505781 -2.282779
v -0.365128 0.474011 -2.238459
v -0.358470 0.476727 -2.285969
v -0.371578 0.503207 -2.236652
v 0.482714 0.153088 -0.746329
v 0.456446 0.094453 -0.752396
v 0.496040 0.127415 -0.749227
v 0.441622 0.122478 -0.749238
v -0.661719 -0.025788 -0.160087
v -0.737974 0.019497 -0.076924
v -0.675659 0.037622 -0.075570
v -0.723410 -0.043548 -0.161410
v -0.719144 -0.007759 0.199997
v -0.678884 -0.007806 0.185222
v -0.718936 -0.019586 0.184342
v -0.679196 0.004005 0.200890
v 0.033831 0.632061 -1.945017
v 0.031023 0.498452 -0.704805
v 0.040905 0.499764 -0.704758
v 0.024051 0.630781 -1.945385
v 0.012817 0.632043 -1.944818
v 0.031023 0.498452 -0.704805
v 0.024051 0.630781 -1.945385
v 0.019891 0.499747 -0.704556
v -0.425570 -0.048603 -2.361201
v -0.443776 0.017641 -3.287579
v -0.351916 0.040382 -2.416635
v -0.464374 -0.005621 -3.288939
v -0.442111 -0.029384 -2.359363
v -0.480916 0.013598 -3.287099
v -0.496520 0.031718 -3.285366
v -0.457715 -0.011262 -2.357628
v -0.475921 0.054981 -3.284007
v -0.383958 0.077722 -2.413063
v 0.012920 0.602353 -1.956933
v 0.019891 0.499747 -0.704556
v 0.012817 0.632043 -1.944818
v 0.012920 0.602353 -1.956933
v 0.019995 0.469139 -0.707845
v 0.019891 0.499747 -0.704556
v 0.389886 0.135824 -2.317307
v 0.312706 0.007586 -2.381050
v 0.388867 0.140512 -2.370155
v 0.313319 0.002194 -2.328260
v -0.349523 0.135229 -2.310289
v -0.272957 0.007116 -2.375493
v -0.272957 0.001723 -2.322697
v -0.349107 0.139919 -2.363151
v -0.670874 -0.329848 0.011570
v -0.698338 -0.311693 0.097219
v -0.693553 -0.327308 0.011956
v -0.675972 -0.313294 0.102754
v -0.710302 -0.263911 0.162911
v -0.688663 -0.262526 0.172970
v -0.726010 -0.196760 0.191403
v -0.705412 -0.191150 0.203406
v -0.722160 -0.117224 0.185994
v -0.741719 -0.127237 0.175167
v -0.753370 -0.072967 0.118621
v -0.734437 -0.059497 0.125501
v -0.757844 -0.048497 0.036946
v -0.739222 -0.033435 0.038141
v -0.735477 -0.043767 -0.054344
v -0.754306 -0.058258 -0.049557
v -0.723930 -0.090097 -0.124158
v -0.743383 -0.101869 -0.114857
v -0.727986 -0.167492 -0.143215
v -0.707492 -0.159850 -0.154453
v -0.690432 -0.235397 -0.137196
v -0.711861 -0.238543 -0.127113
v -0.677011 -0.297562 -0.077105
v -0.699275 -0.296984 -0.070959
v -0.757844 -0.048497 0.036946
v -0.746504 -0.128942 -0.010900
v -0.748065 -0.124699 0.030184
v -0.754306 -0.058258 -0.049557
v -0.741302 -0.149520 -0.041916
v -0.743383 -0.101869 -0.114857
v -0.733916 -0.180842 -0.055395
v -0.727986 -0.167492 -0.143215
v -0.726322 -0.214739 -0.047758
v -0.711861 -0.238543 -0.127113
v -0.720393 -0.242354 -0.021067
v -0.699275 -0.296984 -0.070959
v -0.717688 -0.256359 0.018380
v -0.693553 -0.327308 0.011956
v -0.698338 -0.311693 0.097219
v -0.719873 -0.249269 0.057990
v -0.710302 -0.263911 0.162911
v -0.725490 -0.226715 0.089165
v -0.726010 -0.196760 0.191403
v -0.733084 -0.194671 0.102720
v -0.741719 -0.127237 0.175167
v -0.740574 -0.161497 0.095020
v -0.753370 -0.072967 0.118621
v -0.746088 -0.135856 0.068156
v 0.258662 -0.083974 -2.305943
v 0.255292 -0.071822 -2.350940
v 0.232519 -0.082095 -2.304090
v 0.229148 -0.069799 -2.350472
v -0.440029 -0.266443 -0.324691
v -0.494333 -0.120437 -0.350675
v -0.275557 -0.394276 -0.801725
v -0.498598 0.042257 -0.752563
v -0.474047 0.117556 -0.282610
v -0.425673 0.154711 -0.737457
v -0.399457 0.096119 -0.744022
v -0.386037 0.121814 -0.741381
v -0.438989 0.129017 -0.740099
v -0.157585 0.599897 -0.651754
v -0.417038 0.318111 -0.679625
v -0.395921 0.267771 -0.685251
v -0.209601 0.610033 -0.650162
v -0.370329 0.459005 -0.664882
v -0.328404 0.518063 -0.658928
v -0.208978 0.665952 -2.214848
v -0.229368 0.613400 -2.221242
v -0.209394 0.632543 -2.219374
v -0.258392 0.618544 -2.219481
v -0.176208 0.715436 -2.214441
v -0.212410 0.576996 -0.694010
v -0.221045 0.739050 -2.221034
v -0.167676 0.554366 -0.696872
v -0.199198 0.602591 -0.691377
v -0.154464 0.579961 -0.694239
v -0.434308 0.316708 -2.263938
v -0.386037 0.121814 -0.741381
v -0.394673 0.282866 -2.258768
v -0.425673 0.154711 -0.737457
v -0.447625 0.291318 -2.269524
v -0.438989 0.129017 -0.740099
v -0.407989 0.257478 -2.264352
v -0.399457 0.096119 -0.744022
v -0.123984 0.010619 -2.249997
v -0.030461 -0.028234 -2.255079
v -0.016415 -0.135264 -0.772616
v 0.069128 -0.028153 -2.256024
v 0.071875 -0.135193 -0.773451
v 0.162683 0.010850 -2.252717
v -0.418704 0.488604 -2.246970
v -0.362942 0.342010 -0.717881
v -0.371578 0.503207 -2.236652
v -0.409965 0.326461 -0.719105
v -0.412255 0.459406 -2.248778
v -0.403618 0.297409 -0.722298
v 0.258943 0.747347 -2.301898
v 0.214158 0.725637 -2.313373
v 0.245814 0.772428 -2.294234
v 0.201029 0.750709 -2.305712
v -0.207937 0.765137 -2.223186
v -0.154464 0.579961 -0.694239
v -0.163101 0.741533 -2.216590
v -0.199198 0.602591 -0.691377
v -0.221045 0.739050 -2.221034
v -0.212410 0.576996 -0.694010
v -0.343282 0.637612 -2.231477
v -0.309470 0.483786 -0.703114
v -0.318106 0.645841 -2.230144
v -0.334646 0.475488 -0.703773
v -0.331526 0.582364 -2.227977
v -0.322891 0.421222 -0.709729
v -0.030356 0.617257 -2.185544
v 0.072760 0.442437 -0.711226
v 0.069232 0.617336 -2.186488
v -0.016312 0.442366 -0.710391
v -0.123880 0.578253 -2.188850
v -0.100057 0.407464 -0.713349
v 0.413658 0.311222 -0.728625
v 0.467109 0.324814 -0.727680
v 0.420046 0.340287 -0.725567
v 0.460722 0.295751 -0.730752
v 0.405064 0.472276 -2.246022
v 0.452076 0.457748 -2.257235
v -0.437429 -0.091362 -1.918213
v -0.433060 -0.085059 -1.932636
v -0.395609 -0.128580 -1.936799
v -0.433060 -0.085059 -1.932636
v -0.386454 -0.118207 -1.936277
v -0.395609 -0.128580 -1.936799
v -0.423906 -0.074686 -1.932114
v -0.423906 -0.074686 -1.932114
v -0.386454 -0.118207 -1.936277
v -0.419016 -0.070616 -1.917172
v -0.432540 -0.087226 -1.904148
v -0.395193 -0.130746 -1.908313
v -0.399978 -0.134882 -1.922377
v -0.365128 0.474011 -2.238459
v -0.403618 0.297409 -0.722298
v -0.412255 0.459406 -2.248778
v -0.356597 0.312958 -0.721074
v -0.409965 0.326461 -0.719105
v -0.362942 0.342010 -0.717881
v -0.267235 0.294320 -2.218063
v -0.212826 0.253697 -0.728825
v -0.249966 0.406423 -2.206153
v -0.228326 0.153380 -0.739488
v -0.249966 0.406423 -2.206153
v -0.168301 0.341941 -0.719747
v -0.200135 0.505033 -2.196007
v -0.212826 0.253697 -0.728825
v -0.200135 0.505033 -2.196007
v -0.100057 0.407464 -0.713349
v -0.123880 0.578253 -2.188850
v -0.168301 0.341941 -0.719747
v -0.365128 0.474011 -2.238459
v -0.434308 0.316708 -2.263938
v -0.394673 0.282866 -2.258768
v -0.412255 0.459406 -2.248778
v -0.180578 -0.097874 -2.297401
v -0.050226 -0.152026 -2.304483
v -0.030461 -0.028234 -2.255079
v -0.123984 0.010619 -2.249997
v -0.286897 0.004009 -2.285409
v -0.200239 0.083718 -2.241392
v -0.249966 0.182247 -2.230300
v -0.356285 0.141335 -2.269950
v -0.267235 0.294320 -2.218063
v -0.344218 0.296511 -2.241771
v -0.373867 0.339368 -2.248449
v -0.362632 0.411956 -2.240735
v -0.322268 0.438646 -2.226659
v -0.306247 0.590594 -2.226645
v -0.249966 0.406423 -2.206153
v -0.200135 0.505033 -2.196007
v -0.259121 0.563648 -2.213788
v -0.258392 0.618544 -2.219481
v -0.176208 0.715436 -2.214441
v -0.318106 0.645841 -2.230144
v -0.221045 0.739050 -2.221034
v -0.208978 0.665952 -2.214848
v -0.162372 0.656452 -2.204708
v -0.050122 0.747636 -2.207569
v 0.088634 0.747751 -2.208885
v -0.030356 0.617257 -2.185544
v 0.069232 0.617336 -2.186488
v -0.123880 0.578253 -2.188850
v -0.325181 0.043226 -2.477602
v -0.281591 0.232711 -2.476629
v -0.220941 0.162243 -2.483370
v -0.385727 0.113695 -2.470860
v -0.404347 -0.054214 -2.398785
v -0.464998 0.016254 -2.392042
v 0.062096 0.891989 -2.715947
v 0.062158 0.908777 -2.704088
v 0.062251 0.907952 -2.687612
v 0.061981 0.923100 -2.734116
v 0.062105 0.921994 -2.711804
v 0.062085 0.952291 -2.713500
v 0.062147 0.934386 -2.703047
v 0.062240 0.933571 -2.686574
v 0.062303 0.950349 -2.674716
v 0.062293 0.920354 -2.678856
v 0.062418 0.919238 -2.656547
v 0.062314 0.890057 -2.677162
v -0.585882 -0.208400 -1.874655
v -0.262137 0.123051 -1.998595
v -0.558729 -0.239953 -1.877675
v -0.276702 0.139995 -1.996974
v 0.447832 0.255812 -2.272728
v 0.496040 0.127415 -0.749227
v 0.456446 0.094453 -0.752396
v 0.487373 0.289717 -2.278651
v 0.482714 0.153088 -0.746329
v 0.474058 0.315086 -2.272815
v 0.441622 0.122478 -0.749238
v 0.433017 0.283531 -2.266623
v 0.452076 0.457748 -2.257235
v 0.467109 0.324814 -0.727680
v 0.460722 0.295751 -0.730752
v 0.458453 0.486956 -2.255548
v 0.420046 0.340287 -0.725567
v 0.411442 0.501483 -2.244338
v -0.306871 0.600476 -2.321867
v -0.329446 0.589013 -2.274151
v -0.332046 0.592105 -2.321839
v -0.304270 0.597312 -2.273498
v -0.306247 0.590594 -2.226645
v -0.331526 0.582364 -2.227977
v -0.322891 0.421222 -0.709729
v -0.297715 0.429521 -0.709071
v -0.309470 0.483786 -0.703114
v -0.334646 0.475488 -0.703773
v -0.235714 0.427366 -2.381212
v -0.235818 0.213120 -2.404289
v -0.252255 0.320229 -2.392593
v -0.188171 0.521605 -2.371513
v -0.025987 0.011963 -2.427968
v -0.025883 0.628859 -2.361515
v 0.069179 0.012040 -2.428872
v 0.069284 0.628936 -2.362418
v 0.158667 0.591803 -2.367274
v 0.158595 0.049315 -2.425713
v 0.231541 0.521943 -2.375497
v 0.295613 0.320669 -2.397792
v -0.250902 0.424692 -2.382210
v -0.251006 0.200516 -2.406358
v -0.268276 0.312590 -2.394119
v -0.201176 0.101988 -2.417450
v -0.201176 0.523301 -2.372063
v -0.124921 0.596521 -2.364906
v -0.124921 0.028889 -2.426054
v -0.031397 -0.009964 -2.431135
v -0.031293 0.635526 -2.361601
v 0.068129 -0.009884 -2.432080
v 0.068233 0.635606 -2.362546
v 0.161768 0.596752 -2.367626
v 0.161684 0.029118 -2.428775
v 0.237959 0.102341 -2.421618
v 0.238022 0.523654 -2.376231
v 0.287780 0.425125 -2.387322
v 0.287749 0.200949 -2.411470
v 0.305049 0.313051 -2.399560
v 0.661898 -0.367296 -0.158077
v 0.663656 -0.399463 0.151920
v 0.655843 -0.432539 -0.002913
v 0.676878 -0.246478 -0.259940
v 0.679916 -0.302193 0.276977
v 0.700243 -0.166239 0.333427
v 0.719676 -0.024572 0.306506
v 0.733513 0.088309 0.203799
v 0.738069 0.141603 0.058152
v 0.731754 0.120477 -0.106198
v 0.716639 0.031144 -0.230425
v 0.696727 -0.101905 -0.286566
v -0.718728 -0.203161 -0.072755
v -0.665152 -0.325856 -0.114823
v -0.712694 -0.236851 -0.045796
v -0.723410 -0.043548 -0.161410
v -0.739326 -0.098741 -0.030672
v -0.734124 -0.123739 -0.064056
v -0.726530 -0.161859 -0.079446
v -0.703020 -0.138233 -0.200185
v -0.681797 -0.240928 -0.183063
v -0.621979 -0.223649 -0.181783
v -0.606062 -0.308577 -0.113528
v -0.661719 -0.025788 -0.160087
v -0.642266 -0.120780 -0.198889
v -0.646218 0.111284 -0.110137
v -0.626869 0.022560 -0.228351
v -0.600029 -0.109023 -0.282491
v -0.572149 -0.251626 -0.258408
v -0.550094 -0.370449 -0.162954
v -0.469365 -0.412717 -0.208289
v -0.314984 -0.372369 -0.183825
v -0.300836 -0.203234 -0.325094
v -0.246324 -0.284168 -0.167732
v -0.247156 -0.159470 -0.251594
v -0.262136 -0.013796 -0.275463
v -0.251629 -0.158087 -0.162159
v -0.583176 0.197819 -0.141433
v -0.560185 0.084443 -0.291617
v -0.468117 0.117562 -0.282678
v -0.332357 0.268085 -0.136263
v -0.341616 0.150677 -0.286582
v -0.319145 -0.019760 -0.355579
v -0.495685 -0.261668 -0.329527
v -0.528559 -0.081719 -0.360239
v -0.295530 0.214450 -0.102387
v -0.324243 0.018492 -0.345703
v -0.449600 0.041994 -0.320893
v -0.468117 0.117562 -0.282678
v -0.288976 0.139641 -0.068273
v -0.294177 0.162288 -0.010618
v -0.307494 0.237827 0.078531
v -0.734095 -0.188840 0.025839
v -0.741499 -0.149106 -0.054908
v -0.734616 -0.180830 -0.065720
v -0.747148 -0.124251 -0.030130
v -0.750537 -0.110564 0.004328
v -0.751048 -0.110414 0.042516
v -0.748683 -0.123823 0.077807
v -0.743749 -0.148474 0.104119
v -0.737172 -0.180105 0.116895
v -0.729979 -0.213247 0.113928
v -0.723611 -0.242168 0.095718
v -0.718989 -0.261869 0.065445
v -0.716936 -0.268943 0.028321
v -0.717863 -0.262166 -0.009234
v -0.721667 -0.242711 -0.040738
v -0.727525 -0.213941 -0.060716
vn -0.6002 -0.7849 0.1539
vn -0.8433 -0.4843 0.2331
vn -0.6365 0.7270 -0.2577
vn -0.3851 0.7710 0.5072
vn -0.3573 0.8720 -0.3346
vn -0.4750 0.5890 -0.6538
vn 0.6992 -0.7116 -0.0683
vn -0.6992 0.7117 0.0683
vn -0.9546 -0.0819 0.2865
vn -0.0307 -0.1277 0.9913
vn -0.5207 0.4113 0.7481
vn -0.4331 -0.3899 0.8127
vn -0.8385 0.2112 0.5024
vn -0.9375 0.3445 -0.0489
vn 0.7266 0.6850 0.0538
vn -0.6750 0.7280 -0.1203
vn -0.9885 0.0824 -0.1271
vn 0.0805 0.9834 -0.1625
vn 0.6877 0.5348 -0.4909
vn 0.7618 0.2881 0.5802
vn 0.9994 -0.0322 0.0093
vn 0.8845 -0.0322 0.4655
vn 0.0252 -0.9215 0.3876
vn 0.4250 -0.9017 -0.0789
vn 0.5745 -0.8163 -0.0597
vn -0.2757 -0.9590 -0.0656
vn 0.9714 0.2344 0.0388
vn 0.9150 0.3981 0.0653
vn 0.8862 -0.4631 -0.0163
vn -0.9987 0.0114 0.0496
vn -0.9813 0.1741 0.0819
vn -0.9796 0.1831 0.0831
vn 0.0094 0.5314 0.8471
vn -0.0668 0.4794 0.8751
vn 0.1990 0.7530 0.6272
vn 0.7254 0.6425 0.2470
vn 0.5084 0.7103 0.4869
vn 0.8684 0.4807 0.1213
vn 0.9862 -0.1645 -0.0205
vn 0.2757 -0.9590 -0.0656
vn 0.0315 -0.9940 -0.1052
vn -0.8860 -0.4635 -0.0103
vn -0.4566 -0.8852 -0.0896
vn 0.4567 0.3689 0.8095
vn 0.4961 0.6636 0.5600
vn 0.7732 0.3231 0.5457
vn 0.7662 -0.6320 -0.1163
vn 0.6398 -0.7579 -0.1273
vn 0.4274 -0.5000 -0.7532
vn 0.4661 0.8802 0.0892
vn 0.7619 0.5135 -0.3947
vn 0.3795 0.7556 -0.5339
vn 0.7377 0.6707 0.0769
vn 0.7377 0.6708 0.0769
vn 0.7376 0.6708 0.0769
vn -0.7299 0.6776 0.0896
vn -0.7300 0.6776 0.0896
vn -0.6992 0.7116 0.0683
vn -0.0394 0.4915 -0.8700
vn -0.1026 0.9919 0.0746
vn 0.7514 0.1932 0.6310
vn 0.0092 -0.7482 0.6634
vn 0.6474 -0.5726 0.5029
vn 0.9995 -0.0319 0.0033
vn 0.1185 0.9748 0.1890
vn 0.0237 0.9969 0.0751
vn 0.0237 -0.9792 -0.2013
vn -0.8695 0.1365 0.4747
vn -0.0400 -0.9490 -0.3127
vn -1.0000 -0.0005 0.0060
vn -0.7009 0.4184 0.5777
vn 0.0863 0.9907 0.1048
vn 0.1026 0.9892 0.1048
vn 0.0102 -0.1581 0.9874
vn 1.0000 0.0004 -0.0060
vn 1.0000 0.0005 -0.0060
vn -0.6306 0.6963 -0.3427
vn -0.6871 0.7238 0.0634
vn -0.1024 0.9910 0.0867
vn 0.6199 -0.3819 -0.6855
vn -0.0000 -0.9586 0.2848
vn -0.0095 -0.4873 -0.8732
vn 0.9561 -0.2671 -0.1210
vn 0.7031 -0.7078 -0.0680
vn 0.6260 -0.7798 0.0051
vn -0.2678 0.9633 0.0173
vn 0.4429 0.3535 0.8240
vn 0.8007 -0.2150 0.5592
vn 0.9930 0.1183 0.0043
vn -0.0102 0.1075 -0.9942
vn -0.0104 0.1076 -0.9941
vn -0.0101 0.1074 -0.9942
vn -0.0100 0.1074 -0.9942
vn -0.0095 0.1071 -0.9942
vn -0.7266 -0.6850 -0.0538
vn 0.6992 -0.7117 -0.0683
vn -0.0596 0.2953 0.9535
vn -0.4541 0.1758 0.8734
vn -0.7713 -0.0023 0.6365
vn 0.1728 -0.6373 -0.7510
vn 0.1389 -0.5903 -0.7952
vn -0.9394 -0.0784 0.3338
vn -0.8618 -0.0866 0.4998
vn -0.7606 -0.1099 0.6399
vn -0.0840 0.5749 0.8139
vn -0.0372 0.5823 0.8121
vn -0.0279 0.5920 0.8054
vn 0.0093 0.6016 0.7987
vn 0.5909 0.3009 -0.7486
vn 0.4224 0.4081 -0.8094
vn 0.5909 0.3008 -0.7486
vn 0.7254 0.1854 -0.6629
vn -0.0092 -0.6163 -0.7875
vn 0.0277 0.6160 0.7872
vn -0.0092 0.6071 0.7946
vn 0.0274 -0.6478 -0.7613
vn 0.0091 -0.6567 -0.7541
vn -0.0090 -0.6614 -0.7500
vn 0.3901 0.1754 0.9039
vn -0.0372 0.5918 0.8052
vn -0.0000 0.5415 0.8407
vn 0.4929 0.0404 0.8692
vn 0.5994 0.1188 0.7915
vn 0.4835 0.8485 0.2150
vn 0.4510 0.8278 0.3336
vn 0.6221 0.6619 0.4182
vn 0.6278 0.6509 0.4269
vn 0.8328 0.4923 0.2533
vn 0.1975 0.9727 0.1217
vn -0.9961 -0.0162 -0.0869
vn -0.9961 -0.0162 -0.0868
vn 0.9993 0.0047 0.0369
vn 0.7878 0.6084 0.0958
vn 0.5117 0.8511 0.1170
vn 0.0092 0.6253 0.7803
vn 0.0185 0.6252 0.7802
vn 0.0183 0.6252 0.7802
vn 0.0092 0.6215 0.7834
vn 0.0091 0.6215 0.7834
vn 0.0091 0.6305 0.7762
vn 0.0092 0.6305 0.7762
vn 0.0091 0.6304 0.7762
vn -0.7198 0.6436 0.2601
vn -0.8676 0.4792 0.1333
vn -0.4877 0.7818 0.3885
vn -0.4270 0.8046 0.4128
vn 0.5076 -0.6309 -0.5867
vn -0.5971 0.6689 0.4428
vn -0.6263 0.6488 0.4322
vn -0.6126 0.6600 0.4349
vn -0.6157 0.6632 0.4257
vn -0.6070 0.6708 0.4261
vn 0.9956 -0.0157 -0.0929
vn 0.9914 0.1222 0.0471
vn 0.9118 0.3293 -0.2453
vn -0.9991 0.0041 0.0429
vn 0.5116 -0.8504 -0.1230
vn 0.4181 -0.8994 -0.1274
vn 0.7628 -0.6381 -0.1044
vn 0.1975 -0.9727 -0.1217
vn 0.7556 -0.6465 -0.1052
vn 0.0947 -0.9863 -0.1350
vn 0.7266 0.6849 0.0546
vn 0.7265 0.6851 0.0538
vn 0.6995 -0.7114 -0.0683
vn -0.6993 0.7116 0.0683
vn 1.0000 0.0006 -0.0056
vn -1.0000 -0.0005 0.0058
vn 0.6220 0.6343 0.4592
vn 0.7505 0.5750 -0.3256
vn 0.3067 0.9458 0.1071
vn 0.7575 -0.3788 0.5318
vn 0.8048 -0.2638 0.5317
vn 0.7222 0.4318 -0.5403
vn 0.8208 0.0672 -0.5672
vn 0.7636 -0.6438 -0.0503
vn 0.8508 0.1262 0.5102
vn -0.8267 0.0663 -0.5587
vn -0.7562 -0.6532 -0.0389
vn -0.7987 -0.2652 0.5401
vn -0.7315 0.4229 -0.5348
vn -0.7559 0.5723 -0.3181
vn -0.7479 -0.3796 0.5445
vn -0.6134 0.6423 0.4596
vn -0.2829 0.9531 0.1076
vn -0.8456 0.1261 0.5187
vn 0.8533 -0.3294 0.4041
vn 0.6314 0.6929 0.3482
vn 0.7115 -0.0248 0.7022
vn 0.6312 0.7239 -0.2785
vn 0.7033 0.0254 -0.7104
vn 0.8421 -0.3043 -0.4453
vn -0.6312 -0.7238 0.2785
vn -0.7115 0.0249 -0.7022
vn -0.6314 -0.6929 -0.3482
vn -0.6374 0.7211 -0.2714
vn -0.6254 0.6946 0.3556
vn -0.7034 -0.0255 0.7103
vn -0.7989 -0.2650 0.5399
vn 0.0079 -0.9998 -0.0207
vn 0.0099 -0.4840 0.8750
vn -0.7563 -0.6530 -0.0389
vn 0.7637 -0.6436 -0.0503
vn 0.8050 -0.2637 0.5314
vn 0.0095 -0.6161 0.7876
vn -0.7482 -0.3793 0.5443
vn 0.7577 -0.3786 0.5316
vn 0.0095 -0.6158 0.7879
vn 0.8507 0.1262 0.5102
vn 0.0102 0.0662 0.9978
vn 0.7577 -0.3787 0.5315
vn 0.6222 0.6343 0.4589
vn 0.3067 0.9458 0.1072
vn -0.6136 0.6423 0.4593
vn -0.2829 0.9531 0.1078
vn -0.8455 0.1261 0.5188
vn -0.7560 0.5722 -0.3178
vn -0.2829 0.9531 0.1075
vn -0.0092 0.7358 -0.6771
vn 0.7507 0.5749 -0.3255
vn -0.0093 0.7358 -0.6771
vn 0.3066 0.9458 0.1069
vn -0.0102 0.0464 -0.9989
vn 0.8209 0.0671 -0.5671
vn 0.7637 -0.6436 -0.0502
vn 0.0078 -0.9998 -0.0206
vn -0.7564 -0.6530 -0.0387
vn -0.8269 0.0664 -0.5585
vn -0.0098 0.5528 -0.8332
vn -0.7318 0.4227 -0.5346
vn -0.7561 0.5721 -0.3179
vn 0.7225 0.4316 -0.5401
vn 0.7507 0.5749 -0.3254
vn 0.8670 -0.4784 -0.1392
vn 0.9944 0.0811 0.0679
vn 0.6661 0.6636 0.3404
vn 0.6674 -0.7162 -0.2038
vn 0.7571 0.6365 0.1471
vn -0.6316 -0.6927 -0.3483
vn -0.8528 -0.4680 -0.2318
vn -0.6314 -0.7237 0.2786
vn -0.8526 -0.4854 0.1935
vn 0.6063 -0.7815 0.1472
vn 0.6718 -0.2394 -0.7010
vn 0.6303 0.7298 -0.2648
vn -0.6372 0.6939 -0.3355
vn -0.6445 -0.2653 -0.7171
vn -0.8699 -0.4634 0.1690
vn -0.5635 -0.8130 0.1465
vn 0.8470 -0.4813 0.2257
vn 0.1514 0.9841 -0.0924
vn -0.6991 0.7137 0.0442
vn -0.0000 -0.0000 -0.0000
vn -0.6250 0.3701 0.6873
vn -0.0331 -0.9555 0.2930
vn 0.4621 -0.8385 -0.2887
vn -0.7303 -0.6806 -0.0595
vn -0.6326 -0.7435 0.2168
vn 0.4710 -0.4043 -0.7840
vn 0.2998 -0.4798 0.8246
vn 0.7050 0.4161 0.5743
vn 0.9997 -0.0239 0.0037
vn 0.9295 -0.1600 0.3323
vn 0.9999 -0.0152 -0.0075
vn 0.9997 -0.0141 -0.0194
vn -0.6494 -0.6978 -0.3023
vn 0.6245 0.4380 -0.6467
vn 0.0082 -0.9133 -0.4071
vn -0.6307 0.4445 -0.6361
vn 0.6438 -0.6998 -0.3096
vn -0.6382 0.4345 -0.6355
vn 0.6223 0.4455 -0.6436
vn -0.0163 -0.9133 -0.4071
vn -0.9995 -0.0253 0.0164
vn -0.9998 -0.0146 -0.0134
vn -0.9999 -0.0162 0.0047
vn -0.9265 -0.1613 0.3400
vn -0.4807 -0.4053 -0.7776
vn -0.7007 0.4186 0.5777
vn -0.2831 -0.4748 0.8333
vn -0.0099 0.4733 -0.8808
vn -0.0000 0.9602 -0.2791
vn -0.1514 0.9841 -0.0924
vn 0.0096 0.4736 0.8807
vn -0.0089 -0.7179 -0.6961
vn -0.4627 -0.8401 -0.2830
vn 1.0000 0.0005 -0.0058
vn -1.0000 -0.0006 0.0056
vn 0.7302 -0.6795 -0.0716
vn 0.6332 0.3703 0.6797
vn 0.6385 -0.7404 0.2098
vn 0.0414 -0.9552 0.2930
vn 0.6989 0.7145 0.0322
vn 0.6306 0.6963 -0.3427
vn -0.6848 -0.2382 -0.6887
vn 0.5699 -0.8097 0.1398
vn 0.8710 -0.4635 0.1631
vn 0.6359 -0.2649 -0.7248
vn 0.0001 0.8971 0.4417
vn -0.6651 0.6618 0.3459
vn -0.9919 0.0867 0.0926
vn 0.0001 0.8971 0.4418
vn 0.9944 0.0810 0.0679
vn 0.6665 0.6634 0.3402
vn -0.8077 0.5830 0.0874
vn -0.7428 -0.6541 -0.1427
vn -0.8748 -0.4736 -0.1023
vn -0.6945 0.7118 0.1049
vn -0.0000 0.9908 0.1353
vn 0.6948 0.7131 0.0929
vn 0.8080 0.5843 0.0754
vn 0.7420 -0.6523 -0.1546
vn 0.8741 -0.4722 -0.1143
vn -0.0000 -0.9630 -0.2694
vn 0.6677 -0.7160 -0.2038
vn -0.6683 -0.7171 -0.1978
vn -0.8680 -0.4800 -0.1273
vn -0.0000 0.9728 0.2318
vn 0.6664 0.6634 0.3404
vn 0.7573 0.6363 0.1470
vn -0.0000 0.8973 0.4415
vn -0.6652 0.6616 0.3460
vn -0.7564 0.6345 0.1589
vn -1.0000 -0.0006 0.0061
vn -0.9919 0.0866 0.0926
vn -0.6649 0.6619 0.3461
vn -0.6680 -0.7174 -0.1979
vn -0.7562 0.6347 0.1590
vn -1.0000 -0.0004 0.0059
vn -0.8078 0.5830 0.0873
vn -1.0000 -0.0010 0.0062
vn 1.0000 0.0004 -0.0059
vn 1.0000 0.0010 -0.0062
vn 0.8081 0.5843 0.0754
vn 0.7422 -0.6520 -0.1546
vn -0.8747 -0.4737 -0.1023
vn -0.7431 -0.6538 -0.1426
vn -0.7117 0.0248 -0.7021
vn -0.0000 -0.8919 -0.4522
vn -0.6316 -0.6927 -0.3482
vn -0.0000 -0.9332 0.3592
vn -0.6314 -0.7237 0.2785
vn -0.7036 -0.0255 0.7101
vn 0.0102 -0.0362 0.9993
vn -0.6256 0.6944 0.3555
vn -0.0000 0.8919 0.4522
vn -0.6377 0.7209 -0.2714
vn -0.0000 0.9332 -0.3592
vn -0.0101 0.0364 -0.9993
vn 0.6314 0.7237 -0.2785
vn 0.7036 0.0255 -0.7101
vn 0.6256 -0.6945 -0.3554
vn 0.6376 -0.7210 0.2713
vn 0.7117 -0.0248 0.7020
vn 0.6317 0.6926 0.3482
vn -0.8913 -0.0143 0.4532
vn -0.6314 -0.7238 0.2784
vn -0.8526 -0.4854 0.1937
vn -0.7037 -0.0254 0.7101
vn -0.8487 0.4688 0.2450
vn -0.6256 0.6945 0.3555
vn -0.8572 0.4822 -0.1805
vn -0.8981 0.0131 -0.4396
vn -0.6316 -0.6928 -0.3480
vn -0.8529 -0.4678 -0.2319
vn 0.8913 0.0144 -0.4532
vn 0.8422 -0.3042 -0.4451
vn 0.9516 -0.1703 -0.2559
vn 0.7036 0.0255 -0.7102
vn 0.8527 0.4853 -0.1936
vn 0.6317 0.6927 0.3481
vn 0.8529 0.4678 0.2318
vn 0.7117 -0.0247 0.7021
vn 0.8981 -0.0132 0.4396
vn 0.8534 -0.3292 0.4041
vn 0.9557 -0.1891 0.2255
vn -0.9125 -0.0604 0.4047
vn -0.9177 0.1870 -0.3506
vn -0.8925 -0.4509 -0.0090
vn -0.2881 0.7159 0.6360
vn -0.4077 0.6689 0.6215
vn -0.7858 0.3013 -0.5401
vn -0.5985 0.6191 -0.5084
vn -0.0784 0.9920 0.0989
vn -0.7106 0.4420 0.5475
vn 0.5585 -0.5501 -0.6209
vn 0.9963 -0.0863 -0.0015
vn 0.7179 -0.4703 0.5133
vn 0.2357 -0.7334 -0.6376
vn 0.1395 -0.8844 -0.4454
vn 0.7675 -0.3531 0.5350
vn -0.0414 -0.9488 0.3130
vn -0.4813 -0.8753 -0.0462
vn 0.4772 -0.7648 0.4329
vn -0.9546 -0.0821 0.2865
vn -0.5206 0.4112 0.7482
vn -0.9420 -0.0036 -0.3356
vn 0.9420 0.0037 0.3356
vn 0.5206 -0.4112 -0.7483
vn 0.9546 0.0821 -0.2865
vn -0.0572 -0.9058 -0.4197
vn -0.0728 -0.9754 0.2079
vn 0.4751 -0.5889 0.6538
vn 0.7179 -0.4704 0.5131
vn 0.7098 0.6939 0.1216
vn 0.2970 0.1965 0.9345
vn 0.9962 -0.0865 -0.0016
vn -0.0785 0.9920 0.0989
vn -0.4080 0.6689 0.6214
vn 0.3940 0.3101 0.8652
vn 0.7676 -0.3534 0.5347
vn -0.2884 0.7160 0.6358
vn -0.0413 -0.9489 0.3128
vn -0.1020 -0.1979 0.9749
vn -0.4815 -0.8752 -0.0460
vn 0.4771 -0.7648 0.4330
vn 0.3937 0.3099 0.8654
vn -0.6995 0.7114 0.0683
vn 0.6997 -0.7112 -0.0682
vn -0.7105 0.4419 0.5476
vn -0.9125 -0.0603 0.4046
vn -0.8924 -0.4512 -0.0088
vn -0.2600 0.9656 -0.0068
vn -0.7584 0.6390 0.1290
vn -0.7031 0.7078 0.0680
vn -0.9561 -0.0338 0.2911
vn 0.0556 0.9970 -0.0533
vn -0.9908 0.0777 0.1109
vn 0.4750 -0.5890 0.6538
vn 0.9343 -0.2977 0.1959
vn 0.9430 -0.2450 -0.2251
vn 0.5205 -0.4111 -0.7484
vn 0.6389 -0.5802 -0.5052
vn -0.0572 -0.9058 -0.4198
vn 0.2641 -0.9137 -0.3088
vn 0.2470 -0.9624 0.1129
vn -0.0727 -0.9754 0.2080
vn 0.6119 -0.6902 0.3863
vn -0.6120 0.6901 -0.3863
vn -0.3574 0.8720 -0.3345
vn -0.5382 0.8280 -0.1573
vn -0.4752 0.5891 -0.6536
vn -0.9343 0.2977 -0.1960
vn -0.9420 -0.0035 -0.3355
vn -0.9430 0.2450 0.2251
vn -0.5206 0.4114 0.7481
vn -0.6389 0.5802 0.5051
vn -0.3852 0.7710 0.5072
vn -0.5484 0.7738 0.3170
vn 0.7266 0.6849 0.0538
vn 0.0249 -0.9493 0.3132
vn -0.1808 -0.8771 -0.4450
vn 0.4501 -0.8914 -0.0536
vn -0.7675 -0.3282 0.5506
vn -0.7229 -0.4481 0.5259
vn -0.2701 -0.7232 -0.6356
vn -0.5899 -0.5301 -0.6091
vn -0.9987 -0.0484 0.0140
vn -0.4944 -0.7489 0.4412
vn 0.6076 0.6030 -0.5170
vn 0.1180 0.9881 0.0986
vn 0.4404 0.6576 0.6113
vn 0.7847 0.2761 -0.5550
vn 0.9185 0.1563 -0.3633
vn 0.3217 0.7044 0.6327
vn 0.9159 -0.0927 0.3905
vn 0.8763 -0.4811 -0.0239
vn 0.7340 0.4157 0.5370
vn -0.3654 0.3191 0.8745
vn -0.4944 -0.7489 0.4413
vn 0.1121 -0.1977 0.9738
vn -0.7676 -0.3285 0.5503
vn 0.0247 -0.9494 0.3130
vn 0.4504 -0.8912 -0.0534
vn 0.9160 -0.0925 0.3904
vn 0.8762 -0.4814 -0.0237
vn 0.7339 0.4157 0.5372
vn 0.3220 0.7045 0.6325
vn -0.7265 -0.6851 -0.0538
vn -0.2669 0.2054 0.9416
vn -0.3655 0.3194 0.8743
vn 0.4406 0.6576 0.6111
vn 0.3221 0.7044 0.6325
vn 0.1182 0.9881 0.0986
vn -0.6774 0.7240 0.1302
vn -0.7230 -0.4483 0.5256
vn -0.7676 -0.3285 0.5504
vn -0.9987 -0.0487 0.0140
vn 0.9591 -0.0726 0.2737
vn 0.9947 0.0390 0.0949
vn -0.0238 0.9983 -0.0533
vn 0.2934 0.9560 -0.0082
vn 0.7799 0.6142 0.1205
vn -0.0081 -0.9792 0.2026
vn -0.9884 0.0827 -0.1272
vn -0.1028 -0.9946 0.0108
vn -0.9657 -0.2370 -0.1063
vn -0.6521 -0.7580 0.0125
vn -0.5205 0.4111 0.7484
vn 0.0572 0.9059 0.4197
vn -0.5486 0.7738 0.3167
vn 0.0727 0.9754 -0.2080
vn -0.5383 0.8280 -0.1570
vn -0.9420 -0.0037 -0.3356
vn -0.9343 0.2977 -0.1959
vn -0.9430 0.2451 0.2251
vn -0.9546 -0.0821 0.2864
vn -0.6389 0.5802 0.5052
vn 0.1398 -0.8845 -0.4451
vn -0.4814 -0.8753 -0.0462
vn -0.4903 -0.4060 -0.7712
vn -0.9177 0.1871 -0.3505
vn -0.4902 -0.4061 -0.7712
vn -0.8924 -0.4511 -0.0090
vn 0.0205 0.1176 -0.9929
vn -0.5985 0.6192 -0.5083
vn -0.0786 0.9920 0.0990
vn 0.7097 0.6939 0.1217
vn 0.9962 -0.0865 -0.0015
vn 0.5585 -0.5502 -0.6207
vn -0.3505 -0.2534 -0.9017
vn 0.2360 -0.7335 -0.6374
vn -0.7859 0.3015 -0.5398
vn -0.9177 0.1870 -0.3505
vn 0.3223 -0.2736 -0.9062
vn 0.6078 0.6029 -0.5169
vn 0.7847 0.2764 -0.5548
vn -0.0409 0.1175 -0.9922
vn 0.1183 0.9881 0.0987
vn -0.6774 0.7239 0.1304
vn -0.9987 -0.0487 0.0139
vn -0.5900 -0.5302 -0.6089
vn -0.2704 -0.7233 -0.6354
vn -0.1810 -0.8771 -0.4448
vn 0.9185 0.1565 -0.3631
vn 0.4620 -0.4235 -0.7792
vn 0.4503 -0.8913 -0.0537
vn 0.9185 0.1565 -0.3632
vn 0.8762 -0.4813 -0.0238
vn 0.4621 -0.4235 -0.7792
vn 0.9546 0.0817 -0.2865
vn 0.9430 -0.2451 -0.2251
vn 0.9420 0.0033 0.3356
vn 0.9343 -0.2978 0.1959
vn 0.1279 0.9438 0.3047
vn -0.2695 0.7474 -0.6073
vn -0.9465 -0.0127 -0.3224
vn -0.0331 -0.8804 -0.4731
vn 0.6800 -0.1650 -0.7144
vn 0.9281 -0.3285 0.1751
vn 0.9661 0.1329 0.2212
vn -0.2579 0.8996 0.3525
vn -0.8023 -0.5548 -0.2203
vn -0.0236 -0.9935 -0.1112
vn -0.3737 -0.4645 0.8028
vn 0.1429 -0.8035 0.5779
vn 0.6841 0.5913 0.4270
vn 0.2876 0.9493 -0.1267
vn 0.9992 -0.0382 -0.0155
vn 0.9603 0.0325 0.2770
vn -0.0092 0.7313 -0.6820
vn 0.0872 0.4170 0.9047
vn -0.8206 0.1246 0.5577
vn -0.6830 0.7258 0.0820
vn -0.5564 0.7190 0.4166
vn -0.6871 0.7238 0.0633
vn -0.6912 0.7209 0.0509
vn 0.9661 0.0701 -0.2486
vn -0.7192 0.2377 -0.6528
vn 0.6625 0.6972 -0.2738
vn 0.1536 -0.6610 -0.7345
vn 0.0563 0.9851 -0.1626
vn 0.1624 -0.6600 -0.7335
vn -0.7204 0.2291 -0.6546
vn 0.6788 0.6808 -0.2751
vn 0.7189 -0.6930 -0.0545
vn 0.7109 -0.6988 -0.0794
vn 0.7149 -0.6960 -0.0670
vn 0.7441 -0.5997 0.2944
vn 0.6656 0.0559 -0.7442
vn 0.1642 -0.8737 0.4579
vn 0.5022 -0.0077 0.8647
vn -0.2879 -0.1970 -0.9372
vn -0.6640 -0.6219 -0.4152
vn -0.5899 -0.7711 -0.2398
vn -0.3833 -0.4551 0.8037
vn -0.3835 -0.4551 0.8036
vn 0.5507 0.5950 -0.5854
vn 0.9700 0.0930 0.2248
vn 0.9260 -0.2954 0.2353
vn -0.0652 -0.9138 -0.4009
vn 0.9377 0.2903 -0.1912
vn -0.0236 0.9964 0.0811
vn -0.7418 0.0944 0.6639
vn 0.0724 0.9298 0.3610
vn 0.6398 0.6375 0.4292
vn -0.9998 -0.0062 -0.0188
vn -0.9187 0.0262 -0.3940
vn 0.6869 -0.2113 -0.6954
vn 0.1761 0.9381 0.2984
vn -0.2949 0.9108 0.2889
vn -0.2177 0.7470 -0.6281
vn -0.6613 -0.6827 0.3107
vn -0.0242 -0.9790 0.2024
vn 0.6261 -0.7797 0.0050
vn -0.6613 -0.6828 0.3107
vn -0.7584 0.6389 0.1291
vn -0.9561 -0.0336 0.2911
vn -0.6598 -0.6817 0.3161
vn 0.6459 0.5891 0.4855
vn 0.0569 0.9059 0.4197
vn 0.0726 0.9755 -0.2079
vn 0.6598 0.6817 -0.3161
vn -0.4751 0.5891 -0.6537
vn 0.0307 0.1277 -0.9913
vn -0.6459 -0.5891 -0.4855
vn -0.0570 -0.9059 -0.4196
vn -0.0725 -0.9755 0.2079
vn 0.4751 -0.5891 0.6537
vn 0.9420 0.0035 0.3355
vn 0.9546 0.0819 -0.2864
vn 0.5207 -0.4114 -0.7481
vn -0.9660 -0.2451 -0.0821
vn -0.1807 -0.9820 -0.0556
vn 0.2990 0.9541 0.0166
vn 0.9907 0.1310 0.0358
vn 0.2988 0.9542 0.0166
vn 0.0868 0.9962 -0.0040
vn -0.9959 -0.0243 -0.0876
vn 0.9541 -0.1135 0.2772
vn 0.5474 0.3933 0.7386
vn 0.0511 -0.1277 0.9905
vn 0.6412 -0.7035 0.3066
vn 0.9355 -0.0351 -0.3516
vn 0.6120 -0.6126 -0.5002
vn -0.5473 -0.3934 -0.7387
vn -0.9541 0.1135 -0.2773
vn -0.6412 0.7034 -0.3066
vn -0.6120 0.6126 0.5002
vn -0.9355 0.0352 0.3516
vn -0.4844 -0.5716 0.6623
vn 0.0403 -0.9772 0.2083
vn 0.0161 -0.9072 -0.4203
vn -0.0511 0.1277 -0.9905
vn 0.4843 0.5716 -0.6623
vn -0.0403 0.9772 -0.2083
vn -0.0162 0.9072 0.4203
vn 0.6120 -0.6901 0.3863
vn 0.9421 0.0035 0.3354
vn 0.4751 -0.5891 0.6536
vn 0.2471 -0.9624 0.1128
vn -0.0725 -0.9754 0.2079
vn 0.2643 -0.9137 -0.3088
vn 0.5207 -0.4113 -0.7481
vn 0.6389 -0.5802 -0.5051
vn 0.9546 0.0819 -0.2863
vn 0.9430 -0.2451 -0.2252
vn -0.0982 0.5180 -0.8497
vn -0.3720 -0.6343 -0.6777
vn -0.1422 -0.7067 -0.6931
vn 0.3157 0.3447 -0.8840
vn -0.1394 -0.2458 -0.9592
vn -0.1304 -0.2277 -0.9650
vn 0.1812 0.7689 0.6132
vn 0.7158 0.3410 0.6093
vn 0.5600 0.5331 0.6342
vn 0.8512 -0.0970 0.5158
vn -0.8132 0.2281 0.5354
vn 0.1090 -0.9243 0.3659
vn -0.4842 -0.5715 0.6625
vn -0.9355 0.0353 0.3517
vn -0.9396 -0.2685 0.2122
vn -0.9540 0.1137 -0.2773
vn -0.9544 -0.2132 -0.2090
vn -0.5473 -0.3932 -0.7388
vn -0.6700 -0.5536 -0.4947
vn 0.0164 -0.9072 -0.4204
vn -0.2958 -0.9044 -0.3077
vn -0.2787 -0.9537 0.1135
vn 0.0405 -0.9772 0.2083
vn -0.6305 -0.6676 0.3960
vn -0.3782 0.8211 0.4276
vn 0.7267 -0.6449 0.2366
vn -0.1866 -0.9567 0.2234
vn -0.2145 0.8627 0.4579
vn 0.1379 -0.4529 0.8808
vn 0.1292 -0.4369 0.8902
vn -0.7730 -0.3431 0.5336
vn -0.9997 -0.0023 0.0241
vn -0.8235 -0.0667 0.5633
vn -0.9402 -0.3406 -0.0054
vn -0.6236 -0.5923 0.5102
vn -0.7636 -0.6446 -0.0382
vn -0.4969 -0.8659 -0.0575
vn -0.4068 -0.7726 0.4874
vn -0.1735 -0.9821 -0.0737
vn 0.5473 0.3932 0.7388
vn 0.5785 0.7553 0.3079
vn -0.0164 0.9072 0.4204
vn -0.0405 0.9772 -0.2084
vn 0.5614 0.8111 -0.1642
vn 0.4842 0.5715 -0.6625
vn 0.6305 0.6676 -0.3960
vn 0.9355 -0.0353 -0.3517
vn 0.9396 0.2684 -0.2122
vn 0.9544 0.2132 0.2090
vn 0.9540 -0.1137 0.2773
vn 0.6700 0.5536 0.4947
vn -0.2618 -0.8818 0.3923
vn -0.1475 -0.4998 0.8535
vn -0.4333 0.7107 0.5542
vn 0.1464 0.9024 0.4052
vn -0.7553 -0.4896 0.4356
vn 0.3776 0.1105 -0.9194
vn 0.7619 0.5136 -0.3946
vn 0.4538 -0.6804 -0.5754
vn 0.3797 0.7557 -0.5336
vn -0.0407 -0.0662 -0.9970
vn 0.1453 -0.8075 -0.5718
vn -0.1536 -0.8064 -0.5710
vn 0.0204 -0.0663 -0.9976
vn 0.1522 -0.9080 0.3903
vn -0.1385 -0.8671 0.4785
vn -0.1434 -0.9070 0.3960
vn 0.1469 -0.8660 0.4779
vn 0.1451 -0.8073 -0.5720
vn 0.4388 -0.7983 0.4124
vn 0.1521 -0.9079 0.3906
vn 0.4276 -0.6965 -0.5762
vn -0.1536 -0.8063 -0.5713
vn -0.1435 -0.9068 0.3963
vn 0.1452 -0.8073 -0.5720
vn -0.1433 -0.9069 0.3963
vn -0.4264 -0.7034 -0.5687
vn -0.1535 -0.8063 -0.5713
vn -0.4166 -0.8051 0.4221
vn -0.3974 0.1096 -0.9111
vn -0.4502 -0.8922 -0.0354
vn -0.4622 -0.6806 -0.5685
vn -0.7825 -0.6218 0.0310
vn -0.7828 -0.6216 0.0311
vn -0.5069 0.3010 -0.8078
vn -0.8792 0.4364 0.1911
vn -0.5065 0.3010 -0.8080
vn -0.8141 -0.1066 -0.5709
vn -0.2036 0.1157 -0.9722
vn -0.7927 0.0619 -0.6065
vn -0.3972 0.1098 -0.9111
vn -0.7676 0.5112 -0.3867
vn -0.3871 0.7532 -0.5318
vn -0.2254 0.6484 -0.7271
vn -0.3483 0.8455 -0.4047
vn -0.1008 0.3644 -0.9258
vn -0.5695 0.6190 -0.5409
vn -0.1418 0.2167 -0.9659
vn -0.1596 0.3704 -0.9150
vn -0.1021 0.2580 -0.9607
vn -0.2399 0.3014 -0.9228
vn -0.2286 0.3586 -0.9051
vn -0.1828 0.1060 -0.9774
vn -0.3001 0.2020 -0.9323
vn -0.1724 0.1663 -0.9709
vn -0.3113 0.1028 -0.9447
vn -0.3395 0.1613 -0.9267
vn -0.8921 -0.1209 -0.4353
vn -0.2676 -0.1958 -0.9434
vn 0.0427 -0.8145 -0.5786
vn -0.7566 0.3066 -0.5775
vn -0.0410 0.0769 -0.9962
vn -0.0408 0.0770 -0.9962
vn -0.0409 0.0769 -0.9962
vn -0.0092 -0.6253 -0.7803
vn -0.0091 -0.6305 -0.7762
vn -0.0184 -0.6252 -0.7802
vn -0.0183 -0.6252 -0.7802
vn -0.0091 -0.6215 -0.7834
vn -0.0092 -0.6215 -0.7833
vn -0.0092 -0.6215 -0.7834
vn -0.0092 -0.6304 -0.7762
vn -0.0092 -0.6305 -0.7762
vn 0.4198 0.7570 0.5008
vn 0.3733 0.8628 -0.3410
vn 0.9355 -0.0353 -0.3516
vn 0.5472 0.3932 0.7389
vn 0.0081 -0.9133 -0.4072
vn 0.0187 0.5575 0.8300
vn 0.0093 -0.7150 0.6990
vn 0.7187 0.6921 0.0666
vn -0.0947 0.9900 0.1049
vn 0.2209 0.3028 -0.9271
vn 0.2097 0.3602 -0.9090
vn 0.2096 0.3601 -0.9091
vn 0.1499 0.3710 -0.9165
vn 0.1219 0.2173 -0.9685
vn 0.0812 0.2572 -0.9629
vn -0.9540 0.1134 -0.2774
vn -0.9355 0.0349 0.3516
vn -0.9355 0.0353 0.3516
vn 0.0406 -0.9772 0.2083
vn -0.4841 -0.5716 0.6625
vn 0.0164 -0.9072 -0.4203
vn -0.5473 -0.3931 -0.7388
vn -0.9540 0.1136 -0.2773
vn 0.2908 0.1034 -0.9512
vn 0.3104 0.1624 -0.9366
vn 0.3307 0.1618 -0.9298
vn 0.2817 0.2032 -0.9377
vn 0.1630 0.1063 -0.9809
vn 0.1526 0.1668 -0.9741
vn -0.0882 0.9479 0.3060
vn 0.9413 -0.0530 -0.3333
vn 0.2795 0.7412 -0.6104
vn -0.0083 -0.8808 -0.4733
vn -0.7001 -0.1395 -0.7003
vn -0.9368 -0.2974 0.1842
vn -0.9564 0.1714 0.2365
vn 0.2976 0.8902 0.3449
vn 0.7777 -0.5854 -0.2289
vn -0.0157 -0.9937 -0.1113
vn 0.3827 -0.4730 0.7936
vn -0.1614 -0.7978 0.5809
vn -0.6583 0.6145 0.4348
vn -0.2560 0.9584 -0.1261
vn -1.0000 -0.0081 -0.0006
vn -0.9541 0.0637 0.2928
vn 0.0185 0.7312 -0.6819
vn 0.8334 0.0903 0.5453
vn -0.0583 0.4178 0.9067
vn 0.7071 0.7039 0.0677
vn 0.7111 0.7010 0.0552
vn 0.5895 0.6965 0.4091
vn 0.7148 0.6980 0.0429
vn -0.9670 0.1013 -0.2337
vn -0.6436 0.7183 -0.2643
vn 0.7148 0.2128 -0.6662
vn -0.1898 -0.6522 -0.7339
vn -0.0319 0.9865 -0.1608
vn 0.7147 0.2128 -0.6663
vn -0.1985 -0.6510 -0.7327
vn -0.6602 0.7024 -0.2659
vn -0.7416 -0.6696 -0.0403
vn -0.7378 -0.6724 -0.0588
vn -0.7378 -0.6713 -0.0708
vn -0.7629 -0.5702 0.3048
vn -0.6740 0.0828 -0.7341
vn -0.4837 0.0108 0.8752
vn -0.1886 -0.8672 0.4608
vn 0.6412 -0.6395 -0.4241
vn 0.5569 -0.7929 -0.2475
vn 0.3924 -0.4634 0.7945
vn 0.3829 -0.4730 0.7935
vn 0.2669 -0.2054 -0.9416
vn -0.5414 0.6117 -0.5768
vn -0.7266 -0.6849 -0.0546
vn -0.9628 0.1240 0.2401
vn 0.0245 -0.9155 -0.4016
vn -0.9306 -0.2657 0.2517
vn -0.9304 0.3214 -0.1762
vn 0.0627 0.9947 0.0812
vn -0.0323 0.9317 0.3617
vn 0.7591 0.0689 0.6473
vn 0.3288 0.9009 0.2832
vn -0.1359 0.9446 0.2986
vn -0.7043 -0.1848 -0.6855
vn 0.9143 -0.0063 -0.4049
vn 0.9988 -0.0365 -0.0335
vn -0.6112 0.6579 0.4400
vn 0.2364 0.7395 -0.6303
vn 0.6427 -0.7045 0.3011
vn -0.6521 -0.7581 0.0125
vn -0.0082 -0.9792 0.2025
vn 0.9591 -0.0724 0.2736
vn 0.7798 0.6142 0.1207
vn -0.0236 0.9983 -0.0533
vn 0.2933 0.9560 -0.0083
vn -0.0982 0.5181 -0.8497
vn 0.3157 0.3448 -0.8840
vn -0.1303 -0.2278 -0.9650
vn -0.1799 0.8806 -0.4384
vn -0.7137 0.4652 -0.5237
vn -0.5547 0.6619 -0.5041
vn -0.8520 0.0198 -0.5231
vn 0.1430 0.9188 -0.3678
vn -0.7935 -0.3231 -0.5158
vn 0.6795 -0.7290 0.0827
vn -0.0083 -0.9792 0.2027
vn -0.1030 -0.9946 0.0108
vn 0.6427 -0.7045 0.3009
vn 0.9591 -0.0723 0.2737
vn 0.9947 0.0395 0.0949
vn -0.5655 -0.8210 -0.0779
vn 0.8394 0.2614 0.4765
vn -0.1005 -0.9251 0.3662
vn 0.6369 0.7674 0.0732
vn -0.2128 0.9723 0.0972
vn -0.5539 0.5354 0.6376
vn -0.1726 0.7699 0.6144
vn -0.6750 0.7339 0.0763
vn -0.7086 0.3411 0.6177
vn -0.8677 0.4940 0.0554
vn -0.8456 -0.0978 0.5247
vn -0.9992 -0.0397 0.0025
vn -0.1009 -0.9251 0.3662
vn -0.5655 -0.8211 -0.0779
vn -0.7934 -0.3231 -0.5159
vn -0.8519 0.0199 -0.5234
vn -0.7136 0.4651 -0.5239
vn -0.5546 0.6618 -0.5044
vn -0.1796 0.8805 -0.4387
vn 0.9908 0.1309 0.0357
vn 0.0864 0.9963 -0.0041
vn 0.2989 0.9541 0.0166
vn 0.9988 -0.0418 0.0267
vn 0.6863 -0.7272 -0.0149
vn -0.0079 -0.9987 -0.0509
vn -0.1806 -0.9820 -0.0555
vn -0.9959 -0.0239 -0.0876
vn 0.0204 0.0770 -0.9968
vn 0.0205 0.0769 -0.9968
vn 0.0976 0.5254 -0.8452
vn -0.5695 0.6189 -0.5409
vn -0.1890 0.4073 -0.8935
vn -0.3396 0.1613 -0.9266
vn -0.1596 0.3705 -0.9150
vn -0.1107 0.9003 -0.4209
vn -0.0408 0.2784 -0.9596
vn 0.1023 0.9012 -0.4212
vn 0.0203 0.2772 -0.9606
vn -0.1019 0.2579 -0.9608
vn -0.1419 0.2166 -0.9659
vn -0.1724 0.1664 -0.9709
vn -0.7927 0.0618 -0.6065
vn -0.2677 -0.1959 -0.9434
vn -0.8120 -0.2454 -0.5295
vn -0.1828 0.1058 -0.9774
vn -0.1728 0.0453 -0.9839
vn -0.6676 -0.4925 -0.5584
vn -0.1425 -0.0053 -0.9898
vn -0.0917 -0.0459 -0.9947
vn -0.4264 -0.7036 -0.5684
vn -0.0408 -0.0662 -0.9970
vn -0.6493 -0.6978 -0.3024
vn 0.0083 -0.9133 -0.4071
vn -0.6383 0.4345 -0.6355
vn 0.6223 0.4454 -0.6437
vn -0.0162 -0.9132 -0.4071
vn 0.1571 -0.4991 0.8522
vn 0.4484 0.7081 0.5454
vn 0.7613 -0.4875 0.4276
vn -0.1385 0.9035 0.4056
vn -0.1889 0.4074 -0.8935
vn -0.7751 0.5096 -0.3736
vn 0.3236 0.8414 -0.4327
vn -0.3973 0.1097 -0.9111
vn -0.7675 0.5112 -0.3867
vn -0.3872 0.7532 -0.5318
vn -0.2145 0.9354 -0.2810
vn 0.8321 0.4354 -0.3437
vn -0.1418 0.2168 -0.9659
vn -0.1020 0.2580 -0.9607
vn -0.2398 0.3014 -0.9228
vn -0.3113 0.1029 -0.9447
vn 0.1491 -0.9856 -0.0802
vn 0.4974 -0.3202 0.8063
vn 0.8618 0.1182 0.4932
vn 0.1854 -0.9050 0.3829
vn -0.7566 0.3067 -0.5775
vn 0.4418 0.3720 0.8163
vn 0.2256 0.7455 0.6272
vn 0.3921 0.4253 0.8157
vn 0.7621 0.2880 0.5799
vn 0.8324 -0.0656 0.5502
vn 0.9404 0.3367 0.0477
vn 0.9999 -0.0009 0.0121
vn 0.7822 0.2194 0.5831
vn 0.7637 0.6413 0.0743
vn 0.9403 0.3371 0.0478
vn 0.9302 0.1509 0.3345
vn 0.9302 0.1508 0.3346
vn 0.4970 0.8620 0.0998
vn 0.7634 0.6416 0.0744
vn 0.0326 0.9093 0.4148
vn 0.4966 -0.8615 -0.1058
vn 0.7650 0.3812 0.5191
vn 0.4400 -0.8073 0.3933
vn 0.8642 0.4993 0.0619
vn -0.4333 0.7106 0.5543
vn 0.1463 0.9025 0.4052
vn -0.4520 -0.0679 0.8894
vn 0.7372 0.5701 0.3627
vn 0.8812 -0.3844 0.2751
vn -0.4448 -0.3160 0.8381
vn -0.2157 0.6487 0.7298
vn 0.1479 0.7565 0.6371
vn 0.0328 0.9093 0.4148
vn 0.1117 0.7924 0.5997
vn -0.4330 -0.3899 0.8127
vn 0.4417 0.3719 0.8165
vn 0.3920 0.4251 0.8158
vn -0.1477 -0.4997 0.8535
vn 0.7535 -0.1637 0.6367
vn 0.2921 -0.0028 0.9564
vn 0.3289 -0.0425 0.9434
vn 0.3405 -0.0520 0.9388
vn 0.3113 -0.1028 0.9447
vn 0.8084 -0.3570 0.4680
vn 0.8326 -0.0655 0.5499
vn 0.7795 -0.3415 0.5252
vn 0.6627 -0.6019 0.4457
vn 0.6313 -0.5909 0.5023
vn 0.9302 0.1508 0.3345
vn 0.7824 0.2195 0.5829
vn 0.1462 0.9025 0.4052
vn 0.8887 0.3058 0.3416
vn 0.4156 -0.7722 0.4805
vn 0.4388 -0.7985 0.4121
vn -0.6700 -0.5536 -0.4946
vn -0.9541 0.1135 -0.2771
vn -0.5474 -0.3934 -0.7386
vn -0.2959 -0.9043 -0.3076
vn 0.0162 -0.9072 -0.4203
vn -0.2789 -0.9536 0.1135
vn -0.6306 -0.6675 0.3960
vn -0.9355 0.0351 0.3515
vn -0.9396 -0.2684 0.2122
vn 0.3397 0.9345 0.1062
vn 0.4967 0.8622 0.0998
vn 0.1478 0.7563 0.6373
vn 0.4155 -0.7721 0.4808
vn 0.5029 -0.8621 -0.0633
vn 0.1735 -0.9821 -0.0737
vn 0.6312 -0.5907 0.5027
vn 0.7636 -0.6441 -0.0440
vn 0.9404 -0.3396 -0.0175
vn 0.7794 -0.3415 0.5253
vn 0.9999 -0.0012 0.0120
vn 0.8325 -0.0655 0.5502
vn 0.8888 0.3057 0.3414
vn 0.2719 0.7778 0.5667
vn 0.8430 -0.3173 0.4343
vn 0.2591 0.9636 0.0661
vn -0.8384 0.2111 0.5025
vn -0.9376 0.3442 -0.0490
vn 0.0325 0.9093 0.4149
vn -0.8643 0.4999 0.0559
vn -0.2155 0.6486 0.7299
vn 0.4416 0.3722 0.8164
vn 0.3444 0.8182 -0.4603
vn 0.9348 0.2635 -0.2383
vn 0.7534 -0.1637 0.6369
vn 0.9302 0.1508 0.3347
vn 0.6409 -0.7629 -0.0851
vn 0.2253 0.7454 0.6274
vn 0.6700 0.5536 0.4946
vn 0.4198 0.7570 0.5007
vn 0.5785 0.7552 0.3082
vn 0.5474 0.3934 0.7387
vn 0.9544 0.2133 0.2091
vn 0.9396 0.2685 -0.2121
vn 0.4844 0.5716 -0.6623
vn 0.3734 0.8627 -0.3410
vn 0.5612 0.8112 -0.1644
vn 0.2275 0.9689 0.0969
vn -0.8132 0.2281 0.5355
vn 0.1811 0.7687 0.6135
vn -0.5510 0.8296 0.0908
vn 0.1088 -0.9243 0.3659
vn 0.5655 -0.8205 -0.0839
vn 0.8510 -0.0970 0.5161
vn 0.1092 -0.9242 0.3659
vn 0.9992 -0.0380 -0.0096
vn 0.7157 0.3408 0.6096
vn 0.8677 0.4951 0.0433
vn 0.5599 0.5328 0.6345
vn 0.6750 0.7345 0.0703
vn 0.1810 0.7687 0.6134
vn 0.2278 0.9689 0.0969
vn 0.1797 0.8734 -0.4527
vn 0.5465 0.6630 -0.5116
vn 0.7065 0.4669 -0.5319
vn 0.8465 0.0205 -0.5320
vn 0.7851 -0.3220 -0.5291
vn 0.2128 -0.9722 -0.0972
vn -0.4264 -0.7036 -0.5685
vn -0.0408 0.0769 -0.9962
vn 0.1589 0.4073 -0.8994
vn 0.7497 0.3080 -0.5858
vn 0.2591 -0.1870 -0.9476
vn 0.7827 0.0631 -0.6192
vn 0.1499 0.3710 -0.9164
vn 0.0810 0.2571 -0.9630
vn 0.1022 0.9012 -0.4213
vn -0.1170 0.5243 -0.8435
vn 0.2096 0.3602 -0.9090
vn 0.3776 0.1105 -0.9193
vn 0.3103 0.1623 -0.9367
vn 0.2908 0.1033 -0.9512
vn 0.8036 -0.2444 -0.5427
vn 0.1630 0.1062 -0.9809
vn 0.1530 0.0454 -0.9872
vn 0.6606 -0.4930 -0.5662
vn 0.1225 -0.0054 -0.9925
vn 0.0817 -0.0460 -0.9956
vn 0.4277 -0.6967 -0.5760
vn 0.1220 0.2172 -0.9685
vn 0.1526 0.1670 -0.9741
vn 0.3796 0.7557 -0.5336
vn 0.5612 0.6201 -0.5482
vn 0.4277 -0.6967 -0.5759
vn 0.0204 -0.0662 -0.9976
vn 0.0815 -0.0459 -0.9956
vn 0.1452 -0.8075 -0.5717
vn -0.5835 0.8072 0.0889
vn 0.7696 0.5120 -0.3815
vn -0.3323 0.8413 -0.4264
vn 0.8533 0.5195 0.0454
vn 0.7825 0.0631 -0.6195
vn 0.9995 -0.0309 -0.0088
vn 0.7495 0.3079 -0.5860
vn 0.9354 0.3523 0.0308
vn 0.8854 -0.1200 -0.4491
vn 0.9697 -0.2430 -0.0273
vn -0.0512 -0.8141 -0.5784
vn -0.4185 -0.9036 -0.0912
vn 0.2592 -0.1872 -0.9475
vn -0.8589 -0.5102 -0.0446
vn -0.4445 -0.3158 0.8383
vn -0.1414 -0.9867 -0.0803
vn 0.9805 -0.1964 -0.0051
vn 0.7372 0.5700 0.3627
vn 0.8588 0.5097 0.0507
vn -0.4566 0.8831 0.1076
vn 0.9590 -0.2809 -0.0367
vn 0.8035 -0.2442 -0.5429
vn 0.2592 -0.1871 -0.9475
vn 0.9379 -0.3444 -0.0423
vn 0.6605 -0.4929 -0.5664
vn 0.7636 -0.6420 -0.0683
vn 0.4275 -0.6966 -0.5762
vn 0.6456 -0.7597 -0.0786
vn 0.4387 -0.7984 0.4124
vn 0.6626 -0.6018 0.4459
vn 0.8083 -0.3570 0.4682
vn -0.4446 -0.3160 0.8381
vn -0.8508 0.1438 0.5054
vn -0.4448 -0.3161 0.8380
vn -0.1691 -0.9077 0.3841
vn 0.8854 -0.1201 -0.4490
vn 0.2590 -0.1870 -0.9476
vn 0.7496 0.3081 -0.5858
vn -0.0512 -0.8142 -0.5784
vn 0.1590 0.4074 -0.8993
vn -0.5832 0.8074 0.0889
vn -0.9696 0.2424 0.0332
vn -0.8737 -0.1013 0.4758
vn -0.0341 0.8205 0.5707
vn 0.0252 -0.9215 0.3875
vn -0.7214 -0.6482 0.2439
vn -0.0340 0.8205 0.5707
vn 0.2222 0.8613 0.4569
vn -0.8737 -0.1012 0.4759
vn 0.0157 -0.9966 -0.0811
vn 0.1588 0.4072 -0.8994
vn 0.7696 0.5121 -0.3814
vn -0.3322 0.8413 -0.4264
vn -0.4522 -0.0678 0.8893
vn -0.7553 -0.4897 0.4356
vn -0.4563 0.8833 0.1077
vn -0.4563 0.8833 0.1076
vn -0.4520 -0.0680 0.8894
vn -0.9696 0.2423 0.0335
vn 0.3862 0.8208 0.4208
vn -0.7950 0.6009 0.0830
vn 0.5683 0.6164 0.5451
vn -0.6726 0.5085 0.5376
vn 0.4416 0.7108 0.5475
vn 0.4563 0.8833 0.1077
vn 0.4521 -0.0580 0.8901
vn 0.3861 0.8209 0.4208
vn -0.6993 0.7110 0.0743
vn -0.0707 0.9919 0.1051
vn 0.8461 0.2120 0.4890
vn 0.2696 -0.8799 0.3914
vn 0.4513 -0.3884 0.8034
vn -0.6624 -0.7458 -0.0713
vn -0.6726 0.5086 0.5375
vn -0.7948 0.6012 0.0830
vn -0.5564 -0.7215 0.4121
vn 0.1949 -0.9565 0.2173
vn 0.6759 -0.6126 0.4097
vn 0.1247 -0.7084 -0.6947
vn 0.0782 0.5161 -0.8530
vn 0.5963 -0.6311 -0.4961
vn 0.7111 0.5227 -0.4703
vn -0.3784 0.8210 0.4275
vn -0.5606 0.6168 0.5525
vn 0.7951 0.6015 0.0769
vn 0.6795 0.5077 0.5296
vn 0.9370 0.3449 -0.0550
vn 0.3863 0.8208 0.4207
vn 0.6760 -0.6126 0.4096
vn 0.1947 -0.9565 0.2173
vn 0.5682 0.6164 0.5451
vn -0.5563 -0.7216 0.4121
vn -0.6727 0.5085 0.5375
vn 0.3862 0.8208 0.4209
vn -0.1185 -0.4540 0.8831
vn -0.1096 -0.4380 0.8923
vn 0.2223 0.8612 0.4571
vn -0.7216 -0.6480 0.2438
vn 0.1948 -0.9565 0.2173
vn -0.6990 0.7112 0.0743
vn -0.6034 -0.6302 -0.4887
vn -0.6623 -0.7458 -0.0714
vn -0.7218 0.5175 -0.4596
vn 0.1949 -0.9564 0.2173
vn -0.1414 -0.9851 -0.0983
vn -0.6624 -0.7457 -0.0713
vn -0.1422 -0.7065 -0.6933
vn -0.3719 -0.6341 -0.6780
vn -0.5122 -0.8551 -0.0809
vn -0.0000 -0.8537 -0.5208
vn 0.0629 -0.9931 -0.0991
vn 0.8616 -0.0500 -0.5050
vn 0.9678 0.2509 0.0220
vn 0.6540 0.7530 0.0720
vn 0.2224 0.8613 0.4569
vn 0.9994 -0.0324 0.0093
vn -0.0167 0.8614 0.5077
vn -0.0157 0.9949 0.0992
vn -0.3067 0.9458 0.1070
vn -0.0000 0.9951 0.0992
vn -0.0000 0.8720 0.4895
vn -0.0000 0.8662 0.4996
vn -0.3699 0.9231 0.1051
vn -0.4373 0.7712 0.4625
vn -0.3559 0.8059 0.4731
vn -0.4058 -0.0994 0.9085
vn -0.0103 -0.1075 0.9941
vn -0.0166 -0.9466 0.3219
vn -0.3544 -0.8864 0.2979
vn -0.0158 -0.9949 -0.0991
vn -0.3068 -0.9482 -0.0830
vn -0.4357 -0.8508 0.2937
vn -0.3700 -0.9255 -0.0810
vn -0.0000 -0.9497 0.3132
vn -0.0000 -0.9951 -0.0994
vn -0.0000 -0.9525 0.3046
vn -0.0000 -0.9951 -0.0993
vn -0.4961 -0.0950 0.8631
vn 0.0096 -0.1083 0.9941
vn 0.0096 -0.1078 0.9941
vn 0.0856 0.8065 0.5850
vn 0.3137 0.9448 0.0948
vn 0.0001 0.9373 0.3486
vn -0.2068 0.9745 -0.0869
vn -0.0002 0.9372 0.3487
vn -0.3160 0.9434 0.1009
vn -0.9885 -0.1513 0.0051
vn -0.0983 0.5180 -0.8497
vn -0.6034 -0.6302 -0.4885
vn -0.7217 0.5176 -0.4596
vn 0.9994 -0.0326 0.0093
vn 0.2222 0.8613 0.4570
vn 0.8845 -0.0323 0.4655
vn -0.0000 -0.8538 -0.5206
vn 0.8617 -0.0501 -0.5050
vn -0.3721 -0.6343 -0.6777
vn -0.0707 0.9920 0.1048
vn 0.8811 -0.0999 0.4622
vn -0.8772 -0.0334 0.4790
vn -0.0168 -0.9217 0.3876
vn 0.0426 0.8235 0.5658
vn -0.9992 -0.0333 0.0214
vn -0.0169 -0.9217 0.3876
vn -0.0158 -0.9966 -0.0811
vn 0.8811 -0.1000 0.4623
vn 0.7266 -0.6450 0.2367
vn 0.0426 0.8234 0.5658
vn -0.2143 0.8628 0.4578
vn -0.1867 -0.9567 0.2234
vn 0.5639 -0.7197 0.4050
vn -0.6693 -0.6148 0.4172
vn 0.6623 -0.7452 -0.0774
vn 0.6794 0.5078 0.5297
vn 0.7949 0.6018 0.0770
vn 0.0782 0.5161 -0.8529
vn 0.1197 -0.2464 -0.9617
vn 0.1098 -0.2260 -0.9679
vn -0.3355 0.3443 -0.8769
vn 0.3628 -0.6330 -0.6838
vn 0.6991 0.7118 0.0683
vn 0.5963 -0.6310 -0.4962
vn 0.7111 0.5228 -0.4702
vn 0.1247 -0.7082 -0.6950
vn 0.1414 -0.9851 -0.0983
vn 0.3627 -0.6329 -0.6841
vn 0.5122 -0.8545 -0.0869
vn -0.0084 -0.8537 -0.5207
vn -0.0629 -0.9931 -0.0991
vn -0.8666 -0.0504 -0.4964
vn -0.9677 0.2499 0.0340
vn -0.3356 0.3442 -0.8769
vn -0.6539 0.7519 0.0840
vn -0.2145 0.8628 0.4578
vn -0.9992 -0.0335 0.0214
vn -0.1867 -0.9567 0.2235
vn 0.6624 -0.7452 -0.0774
vn 0.7949 0.6019 0.0770
vn 0.0381 -0.6497 0.7592
vn 0.5212 -0.8414 0.1429
vn 0.0260 -0.8775 0.4789
vn 0.0523 -0.8664 0.4966
vn 0.0085 -0.9009 0.4339
vn -0.0000 -0.8946 0.4469
vn 0.3489 -0.9357 0.0527
vn -0.5298 -0.8348 0.1499
vn 0.5267 -0.6633 0.5317
vn -0.5297 -0.8348 0.1502
vn 0.5211 -0.8414 0.1432
vn -0.6773 -0.5241 -0.5163
vn 0.6706 -0.5249 -0.5242
vn 0.5613 0.6201 -0.5482
vn 0.2064 0.6479 -0.7332
vn 0.3398 0.8459 -0.4111
vn 0.0802 0.3630 -0.9283
vn 0.7697 0.5120 -0.3814
vn 0.5963 -0.6312 -0.4961
vn 0.7111 0.5227 -0.4702
vn 0.6371 0.7673 0.0732
vn -0.1728 0.7698 0.6144
vn 0.8393 0.2618 0.4765
vn -0.2126 0.9723 0.0973
vn -0.1798 0.8805 -0.4387
vn 0.1431 0.9188 -0.3678
vn -0.9992 -0.0336 0.0214
vn 0.0427 0.8235 0.5657
vn -0.2144 0.8628 0.4579
vn -0.8771 -0.0334 0.4791
vn -0.0085 -0.8538 -0.5206
vn 0.3628 -0.6331 -0.6838
vn -0.8666 -0.0503 -0.4964
vn 0.0783 0.5161 -0.8529
vn 0.6993 0.7115 0.0684
vn 0.0707 0.9926 0.0988
vn 0.8184 -0.5734 -0.0380
vn 0.8678 0.4951 0.0433
vn 1.0000 0.0084 -0.0053
vn 0.2444 -0.9665 -0.0785
vn -0.0785 -0.9941 -0.0749
vn 0.0785 -0.9936 -0.0809
vn 0.6951 -0.7166 -0.0566
vn -0.7778 -0.6256 -0.0608
vn -0.9862 -0.1651 -0.0144
vn -0.9862 -0.1650 -0.0144
vn 0.7823 0.2195 0.5829
vn 0.3290 -0.0425 0.9434
vn 0.7261 0.6808 0.0961
vn -0.3067 0.9464 0.1010
vn 0.1961 0.9757 0.0975
vn 0.9987 0.0454 0.0222
vn 0.9611 -0.2762 -0.0059
vn 0.9919 -0.1271 0.0071
vn 0.8436 0.5315 0.0765
vn 0.4566 -0.8845 -0.0956
vn -0.0315 -0.9940 -0.1052
vn -0.4961 -0.0950 0.8630
vn 0.0102 -0.1078 0.9941
vn -0.4060 -0.0994 0.9084
vn -0.4306 0.7740 0.4642
vn -0.0000 0.8645 0.5027
vn -0.0000 0.9944 0.1052
vn -0.0000 0.8691 0.4946
vn 0.0101 -0.1080 0.9941
vn -0.0000 -0.9543 0.2990
vn -0.0000 -0.9944 -0.1054
vn -0.3700 -0.9249 -0.0870
vn -0.3068 -0.9476 -0.0890
vn -0.0162 -0.9943 -0.1056
vn -0.0166 -0.9466 0.3218
vn -0.0103 -0.1077 0.9941
vn -0.0167 0.8614 0.5076
vn -0.3067 0.9451 0.1130
vn -0.0157 0.9943 0.1052
vn -0.3699 0.9224 0.1111
vn -0.4374 0.7795 -0.4485
vn -0.4778 0.4871 -0.7311
vn -0.7628 0.6381 0.1044
vn -0.4181 0.8994 0.1274
vn -0.2657 0.7945 -0.5461
vn -0.4338 0.8903 0.1388
vn -0.2067 0.8691 -0.4494
vn 0.6126 -0.6600 -0.4349
vn 0.6070 -0.6708 -0.4261
vn 0.6157 -0.6631 -0.4257
vn 0.6263 -0.6488 -0.4322
vn 0.5972 -0.6689 -0.4428
vn -0.5076 0.6309 0.5867
vn 0.9987 -0.0115 -0.0496
vn 0.9813 -0.1741 -0.0819
vn 0.9991 -0.0041 -0.0429
vn 0.9796 -0.1831 -0.0831
vn -0.8221 0.5685 0.0314
vn -0.4894 0.3026 -0.8178
vn -0.8467 0.0635 -0.5283
vn -0.8195 0.5723 -0.0291
vn -0.9956 0.0157 0.0929
vn 0.7198 -0.6436 -0.2601
vn 0.4270 -0.8046 -0.4128
vn 0.4877 -0.7818 -0.3885
vn 0.8676 -0.4792 -0.1333
vn -0.5503 0.7672 0.3296
vn -0.7333 0.6713 0.1074
vn -0.7885 0.6116 0.0657
vn -0.5820 0.6687 0.4628
vn 0.1850 0.9341 0.3053
vn 0.2314 0.5538 -0.7998
vn 0.1977 0.8682 -0.4552
vn -0.0088 0.8622 -0.5065
vn -0.1848 0.9323 0.3111
vn -0.1551 0.6392 0.7533
vn -0.9021 0.4298 0.0376
vn 0.5191 0.6076 0.6011
vn -0.2094 0.7413 0.6376
vn -0.3678 0.7874 0.4947
vn 0.0090 0.6863 0.7273
vn -0.4690 0.7301 0.4970
vn 0.0855 0.8064 0.5851
vn 0.5544 0.7817 0.2857
vn -0.0000 0.9373 0.3486
vn -0.0979 0.9161 0.3887
vn -0.1064 0.4163 0.9030
vn -0.9210 0.2732 0.2776
vn 0.9240 0.3778 -0.0585
vn 0.8714 0.3775 0.3134
vn 0.7658 0.6185 0.1760
vn 0.9526 0.2811 -0.1164
vn 0.5213 -0.8413 0.1430
vn 0.6703 -0.5251 -0.5244
vn 0.5684 -0.8225 -0.0232
vn 0.9634 -0.1100 0.2445
vn 0.7626 0.3794 0.5239
vn 0.2563 0.9237 0.2849
vn 0.2104 0.4522 0.8667
vn -0.0000 0.9393 0.3432
vn 0.0565 0.5406 0.8394
vn 0.7741 0.3555 0.5238
vn 0.9832 -0.0934 0.1571
vn 0.2739 -0.9399 0.2040
vn 0.6004 -0.7909 -0.1179
vn 0.8464 -0.4642 0.2611
vn 0.6574 -0.1574 0.7369
vn -0.2516 -0.0944 0.9632
vn 0.0101 0.1779 0.9840
vn 0.0099 0.1372 0.9905
vn -0.2000 0.4497 0.8705
vn -0.2485 0.9238 0.2912
vn -0.7566 0.3801 0.5321
vn -0.7613 0.6203 0.1890
vn -0.9612 -0.1113 0.2522
vn -0.9549 0.2784 -0.1036
vn -0.5682 -0.8227 -0.0171
vn -0.6770 -0.5242 -0.5166
vn -0.5298 -0.8347 0.1500
vn -0.9267 0.3710 -0.0594
vn -0.8663 0.3778 0.3269
vn -0.1977 0.7759 0.5991
vn 0.0088 0.7612 0.6484
vn 0.2059 0.7746 0.5980
vn -0.0471 0.5409 0.8398
vn -0.7682 0.3561 0.5320
vn -0.9819 -0.0945 0.1643
vn -0.2665 -0.9419 0.2044
vn -0.6006 -0.7917 -0.1120
vn -0.8448 -0.4639 0.2668
vn -0.6432 -0.1591 0.7490
vn 0.2723 -0.0939 0.9576
vn 0.0096 -0.6347 0.7727
vn 0.8065 0.2189 0.5492
vn 0.7746 -0.4856 -0.4052
vn -0.0096 0.5355 -0.8445
vn 0.4173 -0.8961 -0.1514
vn 0.0001 0.9990 0.0449
vn -0.8006 0.2191 0.5577
vn 0.5169 -0.3007 0.8015
vn -0.4242 -0.8939 -0.1449
vn -0.7795 -0.4843 -0.3972
vn -0.4995 -0.3025 0.8118
vn 0.4090 0.9096 0.0733
vn -0.6092 -0.2173 0.7626
vn 0.7097 0.0665 0.7014
vn 0.2416 0.9064 0.3465
vn 0.3699 0.3829 0.8465
vn -0.4818 0.2880 0.8276
vn -0.7185 0.6896 0.0906
vn -0.5900 0.6962 0.4089
vn 0.6484 0.4962 0.5774
vn 0.7507 0.6465 0.1359
vn 0.9261 0.1456 -0.3480
vn -0.5482 0.6829 0.4828
vn -0.9335 0.3255 -0.1502
vn -0.7003 0.7133 -0.0287
vn -0.4766 0.8758 -0.0767
vn -0.6872 0.5424 -0.4832
vn -0.9634 0.0659 0.2600
vn -0.6084 0.7909 -0.0650
vn -0.5827 0.5217 0.6232
vn 0.6884 0.1841 0.7016
vn 0.9978 0.0058 -0.0662
vn -0.4773 -0.0182 0.8785
vn -0.9057 -0.3649 0.2157
vn -0.6519 0.1939 0.7331
vn -0.6408 -0.6824 0.3516
vn -0.2303 -0.8760 0.4238
vn 0.9260 -0.3596 0.1152
vn 0.6715 -0.6828 0.2880
vn 0.5136 -0.0361 0.8573
vn 0.2549 -0.8794 0.4020
vn 0.1932 -0.1662 0.9670
vn -0.1723 -0.1563 0.9725
vn 0.0924 0.8481 0.5217
vn 0.2549 0.7963 0.5486
vn 0.3715 0.7013 0.6084
vn -0.0755 0.8463 0.5274
vn -0.2383 0.7875 0.5684
vn -0.7683 0.3828 -0.5131
vn -0.7119 0.6734 0.1994
vn -0.8848 0.4003 -0.2383
vn -0.7938 0.2415 -0.5582
vn -0.9991 -0.0037 0.0422
vn -0.6906 0.4347 0.5780
vn 0.4281 0.5745 0.6976
vn 0.9687 0.1760 0.1748
vn 0.8550 0.5184 0.0151
vn 0.5944 0.7970 -0.1077
vn 0.2094 0.9616 -0.1771
vn -0.2241 0.9618 -0.1569
vn 0.4370 0.5013 0.7469
vn 0.9671 -0.0141 0.2539
vn 0.9485 -0.3007 -0.0996
vn 0.9724 -0.1269 -0.1957
vn 0.8956 0.2250 -0.3837
vn 0.6468 0.5385 -0.5400
vn 0.2280 0.7336 -0.6402
vn -0.2631 0.7375 -0.6220
vn -0.8607 0.5088 -0.0166
vn -0.7760 0.6264 -0.0736
vn -0.7901 0.5613 -0.2464
vn 0.8572 -0.5147 0.0158
vn 0.7586 -0.6482 0.0653
vn 0.7874 -0.5738 0.2254
vn 0.7528 -0.6521 0.0898
vn -0.2618 -0.8818 0.3922
vn 0.2718 0.7778 0.5667
vn -0.8385 0.2110 0.5024
vn 0.8430 -0.3172 0.4344
vn -0.4330 -0.3896 0.8128
vn 0.8887 0.3059 0.3416
vn 0.9195 -0.3904 -0.0463
vn -0.0163 -0.9133 -0.4069
vn 0.6437 -0.6998 -0.3096
vn -0.0000 -0.7150 0.6991
vn 0.6223 0.4456 -0.6435
vn -0.0000 0.5576 0.8301
vn -0.6384 0.4346 -0.6353
vn -1.0000 -0.0007 0.0060
vn 1.0000 -0.0000 -0.0000
vn -0.9999 -0.0011 0.0121
vn 0.6245 0.4381 -0.6465
vn 1.0000 0.0006 -0.0060
vn -0.6308 0.4446 -0.6360
vn -0.6495 -0.6977 -0.3023
vn 0.0081 -0.9134 -0.4070
vn -0.5117 -0.8511 -0.1170
vn -0.8328 -0.4923 -0.2533
vn -0.4835 -0.8485 -0.2150
vn -0.1975 -0.9727 -0.1217
vn -0.7878 -0.6084 -0.0958
vn -0.9993 -0.0047 -0.0369
vn 0.8402 0.5418 0.0231
vn 0.7581 0.2985 -0.5799
vn 0.5797 0.2026 -0.7892
vn 0.8382 0.0646 -0.5416
vn 0.8187 0.5728 -0.0412
vn -0.6278 -0.6509 -0.4269
vn 0.9961 0.0162 0.0869
vn 0.9961 0.0162 0.0868
vn -0.7254 -0.6425 -0.2470
vn -0.5084 -0.7103 -0.4869
vn -0.8684 -0.4807 -0.1213
vn -0.6221 -0.6619 -0.4182
vn -0.4510 -0.8278 -0.3336
vn 0.5625 0.6813 0.4684
vn -0.5694 -0.1563 0.8071
vn -0.1280 0.3335 0.9340
vn 0.5889 0.6677 0.4554
vn 0.7337 0.6727 0.0954
vn 0.7810 0.6171 0.0966
vn 0.5546 0.7816 0.2855
vn -0.0979 0.9161 0.3888
vn 0.8748 0.4736 0.1023
vn 0.6943 0.7110 0.1110
vn 0.5640 -0.7197 0.4049
vn -0.3784 0.8210 0.4274
vn -0.1865 -0.9567 0.2235
vn 0.7777 -0.6250 -0.0668
vn -0.4250 -0.9023 -0.0729
vn -0.5744 -0.8168 -0.0532
vn -0.6951 -0.7176 -0.0445
vn 0.0785 -0.9941 -0.0749
vn -0.0785 -0.9936 -0.0809
vn -0.8182 -0.5743 -0.0259
vn -0.2444 -0.9670 -0.0724
vn -1.0000 0.0073 0.0067
vn 0.9633 -0.2437 -0.1128
vn 0.8381 0.0649 -0.5416
vn 0.8188 0.5726 -0.0411
vn 0.3264 -0.7962 -0.5095
vn 0.4825 -0.8587 -0.1729
vn 0.2654 -0.9104 0.3175
vn -0.4125 -0.8622 0.2941
vn 0.2127 -0.9728 -0.0912
vn 0.3573 -0.6644 0.6564
vn -0.5254 -0.5564 0.6438
vn 0.4836 -0.1627 0.8600
vn -0.4700 -0.0281 0.8822
vn 0.5397 0.3751 0.7537
vn -0.3167 0.4998 0.8061
vn 0.5358 0.7139 0.4509
vn -0.4174 0.8004 0.4303
vn 0.5213 0.8490 0.0865
vn -0.0979 0.9161 0.3889
vn -0.4229 0.8709 -0.2504
vn 0.5271 0.7953 -0.2994
vn -0.3232 0.6617 -0.6765
vn 0.5204 0.5350 -0.6656
vn -0.4869 0.1630 -0.8581
vn 0.4699 0.0281 -0.8823
vn -0.5450 -0.4006 -0.7365
vn 0.3515 -0.5068 -0.7872
vn -0.9675 -0.0587 -0.2459
vn -0.9463 0.1625 -0.2793
vn -0.9198 0.3196 -0.2275
vn -0.9512 0.3086 -0.0094
vn -0.9844 0.1595 0.0748
vn -0.9909 0.1211 0.0592
vn -0.9943 0.0901 0.0566
vn -0.8076 -0.4808 -0.3414
vn -0.4202 -0.7876 -0.4506
vn 0.2576 -0.8329 -0.4899
vn -0.3930 -0.9160 -0.0801
vn -0.8014 -0.5422 0.2526
vn -0.9649 -0.1097 0.2388
vn -0.9421 0.0941 0.3218
vn -0.9196 0.2574 0.2966
vn -0.9526 0.2933 0.0804
vn -0.9211 0.2731 0.2773
vn -0.9906 0.1358 -0.0185
vn -0.9948 0.0975 -0.0280
vn -0.9712 0.2338 0.0449
vn -0.9148 0.3975 0.0713
vn -0.8434 0.5308 0.0830
vn -0.9608 -0.2772 0.0060
vn -0.9916 -0.1281 0.0192
vn -0.7259 0.6802 0.1022
vn -0.9984 0.0443 0.0342
vn -0.1961 0.9751 0.1035
vn 0.3068 0.9470 0.0950
vn 0.4838 -0.1627 0.8599
vn 0.8999 -0.3675 0.2348
vn 0.9369 -0.1815 0.2988
vn 0.8657 -0.4882 0.1107
vn 0.2654 -0.9104 0.3174
vn 0.8221 -0.5667 -0.0556
vn 0.8601 -0.4608 -0.2187
vn 0.3515 -0.5068 -0.7871
vn 0.8962 -0.3130 -0.3144
vn 0.4700 0.0281 -0.8822
vn 0.9324 -0.1094 -0.3445
vn 0.5206 0.5349 -0.6654
vn 0.9535 0.0980 -0.2848
vn 0.5272 0.7953 -0.2993
vn 0.9582 0.2438 -0.1500
vn 0.5214 0.8489 0.0865
vn 0.9612 0.2749 0.0240
vn 0.9625 0.1997 0.1834
vn 0.5360 0.7138 0.4508
vn 0.9580 0.0322 0.2851
vn 0.5399 0.3750 0.7535
vn -0.5554 0.6821 0.4757
vn 0.5792 -0.1557 0.8002
vn 0.1473 0.3325 0.9315
vn 0.7256 0.5517 0.4112
vn 0.3993 0.6176 0.6776
vn 0.6305 0.7409 0.2312
vn 0.5551 0.5179 0.6508
vn 0.5651 0.8245 0.0297
vn 0.6152 0.7691 -0.1733
vn 0.5996 0.6805 0.4211
vn 0.7580 -0.0834 0.6469
vn 0.2014 -0.2743 0.9403
vn 0.6383 0.2380 0.7320
vn 0.3835 -0.2841 0.8787
vn 0.5211 -0.8414 0.1429
vn 0.0381 -0.6494 0.7595
vn 0.8713 0.3775 0.3134
vn 0.6493 0.3704 0.6642
vn 0.2059 0.7748 0.5978
vn -0.2070 0.9745 -0.0869
vn -0.7456 0.5324 0.4009
vn -0.4691 0.7300 0.4971
vn 0.5194 0.6075 0.6010
vn 0.4141 0.6739 0.6119
vn 0.5165 0.7209 0.4621
vn -0.7874 0.3054 0.5356
vn -0.5930 0.6817 0.4285
vn -0.6413 0.3703 0.6720
vn 0.3502 0.8030 0.4823
vn 0.3595 0.5149 0.7782
vn -0.0000 0.8536 0.5209
vn -0.3415 0.5149 0.7863
vn -0.3419 0.8027 0.4887
vn 0.6570 0.4296 0.6195
vn 0.8208 -0.0672 0.5672
vn -0.7653 -0.0738 0.6394
vn -0.0000 0.9372 0.3487
vn 0.3136 0.9448 0.0948
vn -0.5688 0.8217 0.0353
vn -0.3678 0.7873 0.4948
vn -0.1977 0.7761 0.5988
vn -0.6402 0.2107 0.7387
vn 0.6812 -0.1278 0.7209
vn -0.9267 0.3711 -0.0594
vn -0.5296 -0.8349 0.1499
vn 0.5267 -0.6634 0.5315
vn 0.5686 -0.8223 -0.0230
vn -0.6773 -0.5240 -0.5164
vn 0.6706 -0.5248 -0.5243
vn -0.5685 -0.8225 -0.0170
vn 0.6573 -0.1576 0.7369
vn 0.0097 -0.6348 0.7727
vn 0.8465 -0.4640 0.2611
vn -0.2516 -0.0946 0.9632
vn 0.2738 -0.9399 0.2039
vn -0.5685 -0.8225 -0.0172
vn 0.5686 -0.8223 -0.0233
vn -0.2663 -0.9420 0.2044
vn -0.6009 -0.7915 -0.1120
vn 0.6007 -0.7907 -0.1180
vn -0.8448 -0.4637 0.2668
vn -0.6431 -0.1593 0.7491
vn 0.2724 -0.0941 0.9576
vn 0.4827 -0.8586 -0.1728
vn -0.3275 -0.7989 -0.5044
vn 0.3267 -0.7961 -0.5094
vn -0.4829 -0.8596 -0.1669
vn -0.0000 -0.9192 -0.3939
vn -0.0000 -0.9191 -0.3939
vn -0.8468 0.0635 -0.5281
vn 0.3266 -0.7961 -0.5094
vn -0.3276 -0.7989 -0.5044
vn -0.4892 0.3027 -0.8180
vn 0.8383 0.0648 -0.5414
vn 0.7583 0.2985 -0.5796
vn -0.4777 0.4870 -0.7312
vn -0.4374 0.7796 -0.4482
vn -0.2657 0.7946 -0.5458
vn -0.2067 0.8692 -0.4491
vn -0.0087 0.8623 -0.5063
vn 0.1977 0.8683 -0.4549
vn 0.2313 0.5537 -0.8000
vn 0.5796 0.2025 -0.7893
vn -0.0100 0.1073 -0.9942
vn 0.0205 0.0770 -0.9968
vn 0.6150 0.7849 0.0748
vn -0.3482 0.8455 -0.4049
vn -0.1960 0.9774 0.0795
vn -0.5693 0.6189 -0.5412
vn -0.7637 0.6436 0.0502
vn -0.3871 0.7530 -0.5321
vn -0.4661 0.8814 0.0771
vn -0.7675 0.5112 -0.3869
vn -0.8764 0.4791 0.0480
vn -0.4622 -0.6806 -0.5684
vn -0.4498 -0.8924 -0.0354
vn -0.7925 0.0619 -0.6067
vn -0.9694 -0.2413 -0.0455
vn -0.8139 -0.1065 -0.5711
vn -0.9992 -0.0290 -0.0268
vn -0.7564 0.3066 -0.5778
vn -0.9353 0.3534 0.0188
vn -0.8921 -0.1209 -0.4355
vn -0.9694 -0.2455 0.0029
vn 0.4176 -0.8969 -0.1454
vn -0.2677 -0.1960 -0.9433
vn -0.2829 -0.9577 -0.0534
vn -0.8119 -0.2453 -0.5298
vn -0.9371 -0.3415 -0.0724
vn -0.6675 -0.4923 -0.5586
vn -0.7664 -0.6328 -0.1103
vn -0.4369 -0.5012 -0.7470
vn -0.6446 -0.7549 -0.1207
vn -0.1182 0.9887 0.0926
vn -0.2255 0.6487 -0.7269
vn -0.2865 0.9190 0.2709
vn -0.1107 0.9002 -0.4211
vn 0.1182 0.9887 0.0926
vn 0.1023 0.9010 -0.4215
vn 0.2064 0.6482 -0.7329
vn 0.2941 0.9184 0.2645
vn 0.4275 -0.5001 -0.7531
vn 0.0815 -0.0460 -0.9956
vn 0.0274 -0.6565 -0.7539
vn 0.0816 -0.0460 -0.9956
vn 0.1226 -0.0054 -0.9924
vn 0.1589 0.4072 -0.8994
vn 0.7826 0.0631 -0.6193
vn 0.1023 0.9012 -0.4213
vn 0.2063 0.6480 -0.7332
vn 0.2098 0.3601 -0.9090
vn 0.2096 0.3601 -0.9090
vn 0.2209 0.3029 -0.9271
vn 0.3103 0.1624 -0.9367
vn 0.5612 0.6202 -0.5482
vn 0.3778 0.1103 -0.9193
vn 0.4502 -0.8919 -0.0414
vn 0.7829 -0.6216 0.0250
vn 0.4539 -0.6804 -0.5753
vn 0.9433 -0.2943 0.1533
vn 0.8035 -0.2442 -0.5430
vn 0.2593 -0.1871 -0.9475
vn 0.9365 -0.3402 -0.0845
vn -0.5777 0.8159 0.0225
vn 0.8532 0.5209 0.0273
vn 0.9988 -0.0282 -0.0389
vn 0.7495 0.3080 -0.5860
vn 0.9351 0.3544 0.0067
vn 0.9696 -0.2445 -0.0092
vn -0.4178 -0.8978 -0.1394
vn 0.2592 -0.1873 -0.9475
vn -0.8482 -0.4821 -0.2197
vn 0.7832 -0.6213 0.0250
vn 0.1586 0.4073 -0.8994
vn 0.3778 0.1104 -0.9193
vn 0.8792 0.4365 0.1911
vn 0.4539 -0.6804 -0.5754
vn 0.8764 0.4798 0.0420
vn 0.4499 -0.8921 -0.0414
vn 0.7619 0.5136 -0.3947
vn 0.4661 0.8819 0.0711
vn 0.3796 0.7556 -0.5339
vn 0.7636 0.6446 0.0382
vn 0.5611 0.6200 -0.5484
vn 0.1961 0.9774 0.0794
vn 0.3397 0.8459 -0.4113
vn -0.6150 0.7844 0.0808
vn -0.1019 0.2580 -0.9608
vn -0.3000 0.2021 -0.9323
vn -0.3972 0.1097 -0.9111
vn -0.2255 0.6484 -0.7272
vn -0.2287 0.3585 -0.9051
vn 0.0202 0.2772 -0.9606
vn -0.5066 0.3009 -0.8080
vn -0.3397 0.1613 -0.9266
vn -0.2677 -0.1958 -0.9434
vn -0.1827 0.1058 -0.9775
vn -0.6676 -0.4924 -0.5584
vn -0.1424 -0.0053 -0.9898
vn -0.0916 -0.0459 -0.9947
vn -0.4370 -0.5013 -0.7468
vn -0.0455 -0.6560 -0.7533
vn -0.7566 0.3066 -0.5776
vn -0.6981 0.7160 0.0081
vn -0.6621 -0.7433 -0.0955
vn -0.1413 -0.9816 -0.1283
vn -0.5119 -0.8526 -0.1050
vn 0.0629 -0.9947 -0.0809
vn 0.8617 -0.0500 -0.5050
vn 0.9667 0.2547 -0.0263
vn 0.6432 0.7584 -0.1053
vn -0.4031 -0.1966 0.8938
vn 0.4845 -0.0184 0.8746
vn 0.1217 -0.2669 0.9560
vn 0.7873 -0.5737 0.2257
vn 0.2228 -0.5378 0.8131
vn 0.8574 -0.5144 0.0157
vn -0.4929 -0.0404 -0.8692
vn -0.5994 -0.1188 -0.7915
vn -0.3901 -0.1754 -0.9039
vn -0.0000 -0.5415 -0.8407
vn 0.0372 -0.5918 -0.8052
vn -0.0091 0.6567 0.7541
vn 0.0091 0.6614 0.7500
vn -0.0274 0.6478 0.7613
vn -0.0093 -0.6016 -0.7987
vn 0.0279 -0.5920 -0.8054
vn -0.0277 -0.6160 -0.7872
vn 0.0092 0.6163 0.7875
vn 0.0092 -0.6071 -0.7946
vn 0.0093 -0.6071 -0.7946
vn 0.0372 -0.5824 -0.8121
vn -0.5909 -0.3008 0.7486
vn -0.5909 -0.3009 0.7486
vn -0.4224 -0.4081 0.8094
vn 0.0840 -0.5749 -0.8139
vn -0.7254 -0.1854 0.6629
vn 0.4541 -0.1758 -0.8734
vn 0.7713 0.0023 -0.6365
vn 0.9394 0.0784 -0.3338
vn 0.2355 0.6232 -0.7457
vn 0.1345 0.5814 -0.8024
vn -0.1911 0.6046 -0.7732
vn -0.1389 0.5903 0.7952
vn 0.7507 0.6465 0.1360
vn -0.5481 0.6829 0.4829
vn 0.8618 0.0865 -0.4998
vn 0.7606 0.1099 -0.6399
vn -0.2135 0.6894 0.6922
vn 0.3518 0.8332 0.4267
vn -0.5301 0.7169 0.4528
vn 0.9184 0.2743 0.2853
vn 0.9250 0.3633 0.1111
vn -0.7709 0.5219 0.3652
vn -0.5898 0.6963 0.4090
vn 0.2414 0.9065 0.3464
vn -0.6795 0.6141 0.4014
vn -0.6599 0.2558 0.7065
vn -0.8650 0.3858 0.3209
vn -0.8570 0.1179 0.5017
vn -0.5570 0.3560 0.7503
vn -0.1728 0.6373 0.7510
vn 0.0596 -0.2953 -0.9536
vn 0.3697 0.3831 0.8465
vn -0.4817 0.2882 0.8276
vn 0.9466 0.0948 0.3082
vn 0.9663 -0.1093 0.2329
vn 0.8207 -0.0672 0.5674
vn 0.6571 0.4296 0.6194
vn 0.5167 0.7208 0.4620
vn 0.4142 0.6740 0.6116
vn 0.5191 0.6076 0.6012
vn 0.3700 0.9238 0.0990
vn -0.5120 0.8533 0.0990
vn -0.8675 0.4928 0.0675
vn -0.6908 0.7162 0.0990
vn -0.7633 0.6402 0.0864
vn 0.5606 -0.5278 0.6381
vn -0.9998 -0.0016 0.0181
vn -0.7426 0.2015 0.6388
vn -0.9899 0.0941 0.1061
vn -0.9820 -0.1164 0.1488
vn -0.9561 -0.2388 0.1698
vn -0.6458 -0.2304 0.7279
vn -0.9228 -0.3562 0.1470
vn -0.5070 -0.6480 0.5684
vn -0.4019 -0.8724 0.2783
vn -0.4830 -0.6444 0.5928
vn -0.3783 -0.8764 0.2980
vn -0.7243 -0.5518 0.4134
vn -0.6527 -0.7297 0.2037
vn -0.2592 -0.6823 0.6836
vn -0.1485 -0.9381 0.3128
vn 0.4932 -0.8246 0.2770
vn -0.8962 -0.4367 0.0782
vn 0.3490 -0.9357 0.0527
vn -0.0948 -0.9917 -0.0868
vn -0.6063 -0.7927 -0.0637
vn -0.3632 -0.9292 -0.0691
vn -0.3468 -0.9354 -0.0696
vn -0.8896 -0.4559 -0.0277
vn 0.4956 0.5449 0.6764
vn -0.8048 -0.2470 0.5397
vn -0.7901 0.5611 -0.2467
vn -0.8608 0.5086 -0.0164
vn -0.2250 0.4770 -0.8496
vn -0.1148 -0.6245 0.7726
vn -0.1021 0.0154 0.9947
vn 0.5836 0.8084 0.0768
vn 0.3236 0.8414 -0.4328
vn -0.7750 0.5095 -0.3737
vn -0.8532 0.5183 0.0576
vn -0.7925 0.0619 -0.6068
vn -0.9995 -0.0319 0.0033
vn -0.2830 -0.9544 -0.0956
vn -0.9379 -0.3455 -0.0302
vn -0.8027 -0.3588 0.4765
vn 0.4974 -0.3200 0.8064
vn 0.4185 -0.9036 -0.0913
vn -0.9697 -0.2435 -0.0213
vn -0.9800 -0.1989 0.0070
vn -0.9353 0.3513 0.0429
vn -0.7341 0.5648 0.3769
vn -0.8778 -0.3840 0.2865
vn -0.8588 0.5091 0.0567
vn 0.4566 0.8831 0.1077
vn -0.8921 -0.1209 -0.4354
vn -0.2676 -0.1961 -0.9433
vn -0.6676 -0.4923 -0.5585
vn -0.7637 -0.6426 -0.0623
vn -0.4263 -0.7035 -0.5687
vn 0.2127 -0.9723 -0.0972
vn -0.4165 -0.8052 0.4221
vn -0.6556 -0.6038 0.4534
vn -0.7416 0.6671 0.0705
vn -0.9376 0.3443 -0.0491
vn -0.9920 0.1250 0.0170
vn -0.4330 -0.3898 0.8128
vn 0.1116 0.7922 0.5999
vn -0.1031 0.7929 0.6005
vn -0.1182 0.9881 0.0986
vn -0.7637 0.6420 0.0683
vn -0.4660 0.8803 0.0892
vn -0.1961 0.9757 0.0975
vn -0.2144 0.9354 -0.2812
vn 0.9920 0.1260 0.0049
vn 0.8320 0.4353 -0.3438
vn 0.7417 0.6682 0.0585
vn 0.0977 0.5255 -0.8452
vn -0.1107 0.9002 -0.4212
vn -0.1173 0.5242 -0.8435
vn -0.8365 0.4329 -0.3360
vn 0.2061 0.9354 -0.2874
vn 0.1960 0.9757 0.0975
vn 0.4512 -0.3882 0.8036
vn 0.9371 0.3447 -0.0551
vn -0.2591 0.9631 0.0721
vn -0.8834 0.3056 0.3552
vn -0.1383 0.9035 0.4057
vn -0.8640 0.4981 0.0739
vn -0.8763 0.4788 0.0542
vn -0.4967 -0.8622 -0.0998
vn -0.4502 -0.8884 -0.0899
vn -0.7675 0.5112 -0.3868
vn 0.5610 0.6200 -0.5484
vn 0.7637 0.6426 0.0623
vn 0.8764 0.4798 0.0421
vn 0.4501 -0.8878 -0.0960
vn 0.1463 0.9024 0.4052
vn 0.8888 0.3057 0.3416
vn -0.9283 0.1500 0.3402
vn -0.6410 -0.7641 -0.0730
vn -0.9344 0.2709 -0.2313
vn -0.7427 -0.1645 0.6491
vn -0.3764 0.4282 0.8216
vn -0.3532 0.8180 -0.4540
vn -0.2088 0.7482 0.6298
vn -0.7553 0.2884 0.5885
vn -0.6947 0.5329 -0.4831
vn -0.0805 0.9834 -0.1625
vn -0.4317 0.3708 0.8223
vn 0.2251 0.6510 0.7250
vn -0.0244 0.9095 0.4150
vn 0.8643 0.5004 0.0498
vn 0.3777 0.1105 -0.9193
vn 0.7620 0.5136 -0.3945
vn 0.4538 -0.6805 -0.5753
vn 0.0273 -0.6565 -0.7539
vn -0.0456 -0.6560 -0.7533
vn 0.8855 -0.1200 -0.4489
vn -0.0512 -0.8142 -0.5783
vn 0.1590 0.4073 -0.8993
vn -0.5774 0.8161 0.0225
vn -0.9627 0.2537 -0.0936
vn -0.7300 0.6775 0.0901
vn -0.7299 0.6777 0.0896
vn -0.7299 0.6776 0.0902
vn -0.6034 -0.6303 -0.4886
vn 0.8616 -0.0501 -0.5050
vn -0.3721 -0.6342 -0.6777
vn -0.6983 0.7158 0.0081
vn -0.0714 0.9972 -0.0230
vn 0.1198 -0.2465 -0.9617
vn 0.1098 -0.2259 -0.9679
vn -0.3356 0.3443 -0.8769
vn 0.6937 0.7202 0.0021
vn 0.6620 -0.7426 -0.1015
vn 0.1413 -0.9816 -0.1283
vn 0.3628 -0.6328 -0.6841
vn 0.5118 -0.8519 -0.1110
vn -0.0629 -0.9947 -0.0810
vn -0.8666 -0.0504 -0.4965
vn -0.9669 0.2543 -0.0202
vn -0.6438 0.7587 -0.0993
vn -0.0084 -0.8537 -0.5206
vn 0.0781 0.5161 -0.8529
vn 0.6940 0.7200 0.0021
vn 0.0635 0.9977 -0.0230
vn 0.0809 0.2569 -0.9630
vn -0.0407 0.2782 -0.9597
vn 0.0202 0.2769 -0.9607
vn -0.1018 0.2577 -0.9608
vn 0.1216 0.2171 -0.9686
vn -0.1415 0.2165 -0.9660
vn 0.1522 0.1668 -0.9742
vn -0.1720 0.1662 -0.9710
vn 0.1626 0.1062 -0.9810
vn -0.1823 0.1059 -0.9775
vn 0.1526 0.0455 -0.9872
vn -0.1724 0.0454 -0.9840
vn -0.1422 -0.0051 -0.9898
vn 0.1222 -0.0051 -0.9925
vn 0.0814 -0.0457 -0.9956
vn -0.0915 -0.0457 -0.9948
vn 0.0203 -0.0660 -0.9976
vn -0.0407 -0.0659 -0.9970
vn 0.0394 0.4916 -0.8699
vn 0.1337 0.9882 0.0743
vn -0.1484 0.7495 0.6452
vn -0.7756 0.1316 0.6173
vn -0.9928 -0.1195 0.0078
vn -0.8007 0.2148 -0.5593
vn 0.0102 0.1278 -0.9917
vn 0.8467 0.0205 -0.5317
vn 0.7851 -0.3221 -0.5290
vn 0.1798 0.8735 -0.4524
vn 0.7067 0.4669 -0.5316
vn 0.5466 0.6632 -0.5113
vn -0.0000 -0.9951 -0.0992
vn -0.0456 -0.6559 -0.7534
vn 0.0273 -0.6563 -0.7540
vn 0.2276 0.9689 0.0969
vn -0.1103 0.9934 0.0322
vn 0.1800 0.8733 -0.4527
vn -0.7886 -0.6120 -0.0596
vn 0.4519 -0.0582 0.8902
vn 0.1573 -0.4990 0.8522
vn 0.0077 0.9950 0.0993
vn -0.1888 0.4074 -0.8935
vn 0.9929 0.1185 0.0043
vn 0.1834 -0.9349 -0.3037
vn 0.9478 -0.1870 -0.2582
vn -0.1337 -0.9887 -0.0683
vn 0.1846 -0.8311 0.5246
vn 0.8007 -0.2147 0.5592
vn 0.8295 -0.1341 0.5422
vn 0.3286 -0.6538 -0.6816
vn 0.8908 0.0813 -0.4471
vn -0.0730 -0.9190 -0.3874
vn -0.0570 -0.9686 0.2420
vn 0.3535 -0.7580 0.5482
vn -0.7000 0.2991 0.6485
vn 0.4978 0.4144 0.7619
vn -0.0697 0.7764 0.6264
vn -0.2598 -0.3398 0.9039
vn -0.9418 -0.0698 0.3289
vn -0.6443 -0.6705 0.3678
vn -0.0568 -0.9687 0.2418
vn 0.3538 -0.7580 0.5480
vn 0.8296 -0.1341 0.5421
vn -0.0697 0.7763 0.6265
vn -0.9417 -0.0701 0.3291
vn -0.6998 0.2989 0.6488
vn -0.9521 -0.0307 -0.3044
vn -0.7095 0.3980 -0.5816
vn 0.0506 0.9286 -0.3676
vn 0.4139 0.1185 -0.9026
vn 0.9928 0.1195 -0.0078
vn 0.1761 -0.8324 0.5254
vn -0.1337 -0.9882 -0.0743
vn 0.1484 -0.7495 -0.6452
vn -0.3632 0.9287 0.0752
vn 0.6789 0.6808 -0.2750
vn 0.0564 0.9851 -0.1627
vn 0.4751 0.3891 0.7892
vn -0.7205 0.2291 -0.6545
vn -0.4322 -0.5176 0.7385
vn 0.1624 -0.6602 -0.7333
vn -0.7071 0.7039 0.0676
vn -0.7149 0.6970 0.0549
vn -0.7189 0.6930 0.0545
vn 0.6951 -0.7156 -0.0687
vn 0.6871 -0.7227 -0.0754
vn 0.6831 -0.7258 -0.0817
vn 0.6992 -0.7122 -0.0623
vn -0.7194 0.2377 -0.6527
vn -0.4417 -0.5081 0.7394
vn 0.1536 -0.6611 -0.7344
vn 0.4729 0.3969 0.7867
vn 0.6626 0.6972 -0.2736
vn -0.9521 -0.0304 -0.3044
vn -0.9417 -0.0697 0.3291
vn -0.7109 -0.7020 -0.0425
vn -0.0728 -0.9190 -0.3874
vn -0.0568 -0.9686 0.2420
vn -0.0793 0.9786 0.1897
vn 0.9907 -0.1034 0.0888
vn 0.8807 0.1027 0.4623
vn -0.1949 0.8937 0.4042
vn 0.6676 0.6171 0.4167
vn -0.9929 -0.0376 -0.1130
vn -0.9998 0.0063 0.0188
vn 0.0080 0.9971 0.0752
vn 0.9998 -0.0064 -0.0188
vn -0.1446 0.8987 -0.4141
vn 0.7109 0.7019 0.0431
vn 0.2930 0.9273 -0.2331
vn -0.8699 0.1759 -0.4607
vn -0.9147 -0.2659 -0.3045
vn -0.7110 -0.7019 -0.0431
vn -0.7111 -0.7014 -0.0492
vn -0.0077 -0.9971 -0.0751
vn -0.0633 -0.9774 -0.2018
vn -0.9231 0.0908 -0.3738
vn 0.0728 0.9267 0.3687
vn 0.0002 -0.9498 -0.3129
vn -0.1342 0.8045 -0.5786
vn 0.6674 0.0588 -0.7424
vn 0.5508 0.5963 -0.5840
vn -0.0093 0.7318 -0.6814
vn 0.7054 0.6725 0.2241
vn 0.0507 0.9286 -0.3675
vn 0.4975 0.4142 0.7622
vn 0.8295 -0.1344 0.5421
vn 0.0394 0.4913 -0.8701
vn 0.4102 0.4796 -0.7757
vn -0.8008 0.2149 -0.5590
vn -0.4436 -0.3641 -0.8189
vn 0.1484 -0.7496 -0.6450
vn 0.4136 0.1185 -0.9027
vn -0.3781 0.4224 -0.8238
vn -0.8035 -0.4516 -0.3878
vn -0.5877 0.1740 -0.7902
vn -0.3767 0.4306 -0.8202
vn -0.3847 0.4290 -0.8173
vn -0.0307 0.0667 -0.9973
vn -0.0307 0.0668 -0.9973
vn -0.0205 0.0668 -0.9976
vn -0.0205 0.0667 -0.9976
vn -0.0204 0.0667 -0.9976
vn 0.3393 -0.3114 -0.8877
vn 0.3472 -0.3298 -0.8779
vn 0.3464 -0.3188 -0.8823
vn 0.3548 -0.3177 -0.8793
vn -0.4416 -0.5083 0.7393
vn 0.4730 0.3968 0.7867
vn -0.8205 0.1245 0.5579
vn -0.6370 -0.7693 -0.0492
vn -0.9929 -0.0378 -0.1128
vn 0.1595 0.8307 0.5333
vn -0.9751 0.0350 -0.2192
vn -0.0791 0.9786 0.1897
vn -0.9998 0.0061 0.0188
vn 0.0080 0.9971 0.0751
vn -0.9998 0.0065 0.0188
vn -0.9929 -0.0374 -0.1128
vn -0.0634 -0.9774 -0.2019
vn -0.5879 0.1736 -0.7901
vn -0.8036 -0.4516 -0.3877
vn -0.3084 -0.8809 -0.3591
vn -0.0077 -0.9971 -0.0752
vn 0.9907 -0.1033 0.0889
vn 0.9243 -0.2377 0.2985
vn 0.0333 -0.8832 -0.4678
vn -0.9751 0.0354 -0.2190
vn 0.1185 -0.8271 -0.5495
vn 0.9055 0.3118 -0.2877
vn 0.9998 -0.0063 -0.0188
vn 0.1597 0.8307 0.5334
vn 0.6675 0.6171 0.4167
vn 0.9591 0.0236 0.2822
vn 0.7428 -0.0857 -0.6640
vn 0.8531 -0.1095 -0.5102
vn 0.7110 0.7019 0.0431
vn 0.0077 0.9971 0.0751
vn -0.8206 0.1247 0.5578
vn -0.6284 -0.7763 -0.0497
vn -0.6370 -0.7693 -0.0491
vn -0.3833 -0.4550 0.8037
vn -0.3736 -0.4646 0.8028
vn 0.6840 0.5913 0.4272
vn 0.2969 0.1965 0.9345
vn 0.6397 0.6375 0.4294
vn 0.1427 0.0466 0.9887
vn 0.0872 0.4169 0.9048
vn -0.5005 -0.5686 0.6529
vn 0.1645 -0.8737 0.4578
vn -0.7815 -0.6228 -0.0362
vn -0.7707 -0.6361 -0.0374
vn 0.5020 -0.0078 0.8648
vn -0.0081 -0.9971 -0.0751
vn 0.9907 -0.1031 0.0889
vn 0.9998 -0.0061 -0.0188
vn -0.0635 -0.9774 -0.2018
vn -0.0002 -0.9497 -0.3130
vn -0.7706 -0.6362 -0.0374
vn 0.1642 -0.8736 0.4580
vn 0.6787 0.6810 -0.2751
vn 0.4749 0.3893 0.7892
vn -0.4323 -0.5175 0.7385
vn 0.1337 0.9878 0.0804
vn -0.7743 0.1402 0.6171
vn -0.1488 0.7425 0.6531
vn -0.9927 -0.1200 0.0138
vn -0.9555 0.2188 -0.1979
vn -0.1921 0.9698 -0.1502
vn -0.1335 -0.9883 -0.0743
vn 0.1486 -0.7495 -0.6451
vn -0.9928 -0.1193 0.0078
vn -0.4102 -0.4796 0.7757
vn -0.7756 0.1318 0.6173
vn 0.4436 0.3642 0.8189
vn -0.1485 0.7496 0.6450
vn 0.1335 0.9883 0.0743
vn 0.0392 0.4914 -0.8700
vn 0.4137 0.1184 -0.9027
vn 0.9928 0.1193 -0.0078
vn 0.1763 -0.8325 0.5253
vn -0.8007 0.2151 -0.5591
vn 0.0612 -0.0361 0.9975
vn 0.0612 -0.0360 0.9975
vn 0.0613 -0.0362 0.9975
vn 0.0613 -0.0361 0.9975
vn 0.6475 0.6729 -0.3578
vn 0.1335 0.9878 0.0804
vn 0.7111 0.7009 0.0552
vn -0.1491 0.7426 0.6530
vn -0.3998 -0.4793 0.7813
vn -0.7744 0.1405 0.6169
vn -0.7107 -0.7028 -0.0310
vn -0.9927 -0.1199 0.0139
vn -0.9555 0.2189 -0.1978
vn -0.6599 -0.6164 -0.4297
vn -0.1922 0.9698 -0.1501
vn -0.4785 -0.4126 -0.7751
vn -0.4785 -0.4125 -0.7751
vn 0.3924 0.4634 -0.7945
vn -0.4876 -0.4034 -0.7743
vn -0.1341 0.8045 -0.5786
vn 0.0727 0.9267 0.3687
vn -0.9230 0.0906 -0.3739
vn 0.9591 0.0237 0.2822
vn 0.7429 -0.0855 -0.6639
vn -0.4876 -0.4033 -0.7743
vn 0.0334 -0.8832 -0.4678
vn 0.0324 -0.9210 -0.3883
vn 0.6257 -0.6930 0.3581
vn 0.0243 -0.9699 0.2423
vn 0.6871 -0.7248 -0.0512
vn 0.9454 -0.0618 -0.3201
vn 0.9447 -0.1007 0.3120
vn -0.8253 -0.1097 0.5540
vn -0.6765 0.6986 0.2332
vn -0.8964 0.1050 -0.4307
vn -0.4695 0.4316 0.7702
vn 0.1129 0.7733 0.6240
vn -0.0253 0.9309 -0.3644
vn 0.7161 0.2814 0.6388
vn 0.1128 0.7733 0.6239
vn -0.4697 0.4319 0.7700
vn 0.2684 -0.3480 0.8983
vn 0.9448 -0.1008 0.3118
vn 0.0243 -0.9699 0.2422
vn -0.3644 -0.7447 0.5591
vn -0.8254 -0.1095 0.5539
vn 0.1129 0.7732 0.6240
vn 0.7097 0.3728 -0.5978
vn -0.0251 0.9309 -0.3645
vn 0.9453 -0.0622 -0.3201
vn 0.9447 -0.1010 0.3120
vn 0.7160 0.2812 0.6390
vn -0.8253 -0.1094 0.5540
vn 0.0244 -0.9699 0.2423
vn -0.3642 -0.7447 0.5593
vn 0.0325 -0.9210 -0.3883
vn -0.3619 -0.6411 -0.6768
vn -0.9874 0.1576 0.0138
vn -0.2029 -0.8252 0.5271
vn -0.7976 -0.1907 0.5723
vn 0.1026 -0.9924 -0.0685
vn -0.2232 -0.9265 -0.3029
vn -0.9558 -0.1555 -0.2493
vn 0.7226 0.6891 0.0542
vn 0.6150 -0.7865 -0.0567
vn 0.8333 0.0902 0.5454
vn -0.4390 0.4083 0.8003
vn 0.4398 -0.5155 0.7354
vn 0.9997 -0.0242 0.0040
vn 0.1183 0.9748 0.1890
vn 0.0234 0.9969 0.0751
vn 0.9894 -0.0684 -0.1282
vn -0.1265 0.8347 0.5360
vn 0.9719 0.0043 -0.2354
vn -0.7188 -0.6930 -0.0545
vn -0.7071 -0.7039 -0.0676
vn -0.7110 -0.6999 -0.0673
vn 0.7148 0.2127 -0.6661
vn 0.4400 -0.5153 0.7354
vn -0.1898 -0.6523 -0.7338
vn -0.4389 0.4084 0.8003
vn -0.9670 0.1012 -0.2337
vn -0.6437 0.7183 -0.2642
vn -0.6603 0.7024 -0.2657
vn -0.4466 0.4066 0.7970
vn -0.0319 0.9864 -0.1610
vn 0.7149 0.2127 -0.6661
vn 0.4303 -0.5248 0.7345
vn -0.1984 -0.6512 -0.7325
vn -0.7227 -0.6891 -0.0542
vn 0.7266 0.6844 0.0599
vn 0.7417 0.6691 0.0464
vn 0.7303 0.6810 0.0535
vn 0.7416 0.6696 0.0403
vn 0.3930 0.9166 0.0741
vn -0.0409 -0.0362 0.9985
vn -0.0408 -0.0361 0.9985
vn -0.0409 -0.0361 0.9985
vn -0.0410 -0.0364 0.9985
vn -0.0746 -0.8813 -0.4667
vn -0.9524 0.0628 0.2984
vn -0.7599 -0.0600 -0.6472
vn -0.9283 -0.2069 0.3089
vn -0.6348 0.6408 0.4317
vn -0.1267 0.8347 0.5360
vn -0.9920 -0.0722 0.1031
vn -0.9997 0.0241 -0.0040
vn -0.0236 -0.9969 -0.0751
vn -0.1610 -0.8198 -0.5496
vn -0.8985 0.3411 -0.2764
vn 0.2665 -0.8921 -0.3649
vn 0.5793 0.1556 -0.8001
vn 0.0238 0.9969 0.0750
vn -0.8634 -0.0839 -0.4975
vn -0.6870 0.7248 0.0512
vn 0.7811 -0.4765 -0.4035
vn 0.9997 -0.0239 0.0039
vn 0.0236 -0.9792 -0.2013
vn 0.9894 -0.0680 -0.1282
vn 0.9719 0.0046 -0.2352
vn -0.1889 -0.8672 0.4607
vn 0.7564 -0.6525 -0.0449
vn 0.7491 -0.6609 -0.0456
vn 0.4983 -0.5834 0.6414
vn 0.8334 0.0905 0.5452
vn 0.5975 -0.7998 -0.0578
vn -0.0578 0.4178 0.9067
vn -0.1217 0.0557 0.9910
vn -0.6111 0.6579 0.4402
vn 0.3828 -0.4728 0.7936
vn -0.6582 0.6145 0.4350
vn 0.3828 -0.4729 0.7936
vn -0.4831 0.0109 0.8755
vn 0.3923 -0.4634 0.7946
vn 0.6150 -0.7865 -0.0566
vn -0.6601 0.7026 -0.2659
vn 0.4304 -0.5247 0.7345
vn -0.4464 0.4067 0.7970
vn -0.1886 -0.8672 0.4609
vn 0.0324 -0.9210 -0.3881
vn 0.7098 0.3730 -0.5975
vn 0.9454 -0.0620 -0.3199
vn -0.3622 -0.6412 -0.6765
vn 0.0186 0.7312 -0.6819
vn 0.2198 -0.1565 -0.9629
vn -0.6741 0.0827 -0.7340
vn -0.6306 0.6963 -0.3428
vn -0.9558 -0.1558 -0.2492
vn -0.9874 0.1574 0.0138
vn 0.0102 0.0669 -0.9977
vn 0.0102 0.0668 -0.9977
vn 0.0103 0.0667 -0.9977
vn 0.6870 -0.7252 -0.0451
vn -0.2234 -0.9265 -0.3029
vn 0.6353 -0.6319 -0.4439
vn 0.1024 -0.9924 -0.0685
vn -0.2030 -0.8253 0.5270
vn 0.4086 -0.4872 0.7718
vn -0.7977 -0.1909 0.5721
vn -0.4139 0.3710 0.8313
vn 0.1835 0.7417 0.6452
vn 0.7922 0.1064 0.6009
vn 0.9874 -0.1581 -0.0077
vn 0.7976 0.1906 -0.5722
vn -0.4328 0.1275 -0.8924
vn -0.9874 0.1581 0.0077
vn -0.7976 -0.1908 0.5723
vn -0.1930 -0.8298 0.5237
vn 0.1026 -0.9919 -0.0746
vn -0.1835 -0.7417 -0.6452
vn -0.6062 -0.7923 -0.0693
vn -0.8161 0.5530 -0.1679
vn -0.8162 -0.5059 -0.2791
vn -0.6061 0.7899 0.0934
vn -0.6773 0.3682 0.6369
vn -0.6750 -0.4967 0.5456
vn -0.6399 -0.5742 0.5107
vn -0.7456 0.3101 -0.5899
vn -0.6050 -0.6230 -0.4957
vn -0.6327 0.7375 -0.2363
vn -0.6302 0.6728 0.3876
vn -0.7441 0.1931 0.6396
vn 0.0099 0.2958 0.9552
vn 0.6365 0.6711 0.3800
vn -0.6304 0.6727 0.3874
vn -0.7443 0.1930 0.6393
vn -0.6399 -0.5743 0.5105
vn 0.6473 -0.5726 0.5031
vn 0.6363 0.6713 0.3801
vn 0.7511 0.1932 0.6313
vn 0.6267 0.7403 -0.2432
vn 0.7353 0.3107 -0.6024
vn 0.5979 -0.6238 -0.5033
vn 0.0235 -0.9793 -0.2013
vn -0.0404 -0.9490 -0.3128
vn 0.9186 0.0592 -0.3908
vn 0.1429 0.8035 -0.5779
vn -0.0325 0.9287 0.3694
vn 0.2279 0.8885 0.3983
vn 0.9894 -0.0682 -0.1282
vn -0.0317 -0.9967 -0.0751
vn 0.6871 -0.7243 -0.0573
vn 0.6870 -0.7244 -0.0573
vn 0.8995 -0.2973 -0.3201
vn 0.8679 0.1524 -0.4728
vn -0.2690 0.9361 -0.2265
vn 0.1701 0.8908 -0.4213
vn -0.6871 0.7248 0.0512
vn -0.6871 0.7248 0.0509
vn -0.9920 -0.0724 0.1031
vn -0.9997 0.0239 -0.0040
vn -0.8695 0.1364 0.4748
vn -0.6739 0.0813 -0.7344
vn 0.0159 0.7320 -0.6811
vn -0.5424 0.6109 -0.5767
vn 0.6268 0.7402 -0.2433
vn 0.6366 0.6710 0.3801
vn -0.6330 0.7372 -0.2363
vn -0.6304 0.6726 0.3876
vn -0.0393 0.4913 -0.8701
vn 0.7977 0.1909 -0.5720
vn -0.4070 0.4947 -0.7679
vn 0.4145 -0.3816 -0.8262
vn -0.1835 -0.7418 -0.6450
vn -0.4324 0.1274 -0.8926
vn 0.0103 0.0668 -0.9977
vn 0.0101 0.0668 -0.9977
vn 0.3863 0.4208 -0.8208
vn 0.3686 0.4136 -0.8325
vn 0.7811 -0.4765 -0.4036
vn 0.3769 0.4121 -0.8295
vn 0.5790 0.1560 -0.8003
vn -0.0001 0.0667 -0.9978
vn -0.0000 0.0668 -0.9978
vn 0.0001 0.0668 -0.9978
vn -0.3672 -0.2912 -0.8834
vn -0.3751 -0.3097 -0.8737
vn -0.3737 -0.3181 -0.8713
vn -0.3833 -0.3086 -0.8706
vn 0.6474 -0.5724 0.5032
vn -0.0000 -0.9969 0.0786
vn 0.5979 -0.6240 -0.5032
vn 0.0092 -0.7480 0.6637
vn -0.6401 -0.5741 0.5107
vn -0.6049 -0.6232 -0.4957
vn -0.9920 -0.0721 0.1032
vn -0.0313 -0.9967 -0.0750
vn -0.9997 0.0242 -0.0039
vn 0.7050 0.4160 0.5743
vn 1.0000 0.0005 -0.0061
vn 0.6656 0.7445 -0.0512
vn 0.5154 -0.7632 0.3897
vn 0.6953 0.6974 -0.1736
vn 0.7638 -0.6441 0.0410
vn 0.7070 0.7040 0.0677
vn 0.7069 -0.7035 -0.0737
vn -0.1027 0.9909 0.0867
vn 0.9592 0.1870 -0.2120
vn 0.2240 0.9619 -0.1570
vn 0.9873 -0.1586 -0.0017
vn 0.7891 0.1053 0.6052
vn 0.1918 0.7405 0.6441
vn 0.7068 -0.4572 -0.5398
vn -0.0002 -0.9945 -0.1050
vn 0.4312 -0.8157 -0.3855
vn 0.7053 0.5585 -0.4367
vn 0.4284 0.8787 -0.2104
vn 0.0001 0.9951 0.0992
vn -0.7072 0.7032 0.0736
vn 0.7071 0.7038 0.0677
vn 0.6658 0.7444 -0.0511
vn -0.6664 0.7442 -0.0451
vn 0.6782 0.6521 -0.3387
vn 0.7972 -0.5383 0.2733
vn 0.6374 -0.7397 0.2157
vn -0.6966 0.6976 -0.1676
vn -0.5075 -0.7648 0.3968
vn 0.7640 -0.6439 0.0410
vn 0.7071 -0.7033 -0.0737
vn -0.7603 -0.6479 0.0474
vn -0.7072 -0.7038 -0.0676
vn -0.7069 0.7035 0.0737
vn -0.7601 -0.6481 0.0472
vn -0.7070 -0.7040 -0.0677
vn -0.6661 0.7445 -0.0451
vn -0.5076 -0.7648 0.3968
vn -0.6963 0.6978 -0.1677
vn 0.4749 0.4114 -0.7779
vn 0.2134 0.9381 -0.2727
vn -0.4358 0.8767 -0.2038
vn 0.7072 0.7037 0.0677
vn -0.6662 0.7444 -0.0451
vn -0.7071 0.7032 0.0738
vn -0.7602 -0.6480 0.0473
vn -0.7926 -0.5413 0.2807
vn -0.6843 0.6495 -0.3313
vn 0.6659 0.7443 -0.0512
vn 0.6956 0.6971 -0.1735
vn -0.7117 0.5563 -0.4289
vn -0.4387 -0.8150 -0.3787
vn -0.7071 -0.7039 -0.0677
vn 0.7641 -0.6438 0.0410
vn 0.5152 -0.7633 0.3898
vn -0.6314 -0.7428 0.2227
vn -0.6335 -0.3799 -0.6740
vn -0.7134 -0.4564 -0.5318
vn 0.7072 -0.7032 -0.0737
vn -0.0331 -0.9555 0.2932
vn 0.0101 -0.2771 0.9608
vn 0.0099 -0.4760 0.8794
vn -0.2832 -0.4746 0.8334
vn 0.0001 0.6567 0.7541
vn 0.0096 0.4734 0.8808
vn -0.0000 0.4734 0.8809
vn 0.0414 -0.9552 0.2931
vn 0.2997 -0.4799 0.8245
vn 0.7054 0.4156 0.5742
vn -0.1182 0.9875 0.1046
vn -0.0948 0.9900 0.1049
vn 0.0193 0.4733 0.8807
vn 0.9874 -0.1579 -0.0077
vn 0.7976 0.1911 -0.5721
vn 0.1024 -0.9919 -0.0746
vn -0.1837 -0.7417 -0.6451
vn 0.6870 -0.7248 -0.0512
vn 0.4069 -0.4947 0.7679
vn 0.7923 0.1065 0.6007
vn -0.4145 0.3816 0.8262
vn 0.1837 0.7418 0.6450
vn -0.1024 0.9919 0.0746
vn -0.0392 0.4915 -0.8700
vn -0.4069 0.4947 -0.7679
vn -0.4326 0.1273 -0.8926
vn -0.9874 0.1579 0.0077
vn -0.1932 -0.8298 0.5236
vn 0.0862 0.9907 0.1048
vn -0.7007 0.4185 0.5779
vn -0.0163 -0.9132 -0.4071
vn 0.6062 -0.7917 -0.0753
vn 0.6849 0.3681 0.6288
vn 0.6825 -0.4950 0.5378
vn 0.6062 0.7905 0.0874
vn 0.8111 0.5562 -0.1809
vn 0.8123 -0.5079 -0.2867
vn 0.0103 -0.1582 0.9874
vn -1.0000 -0.0004 0.0060
vn -0.7458 0.3101 -0.5896
vn 0.5979 -0.6239 -0.5033
vn -0.6051 -0.6230 -0.4958
vn 0.7355 0.3105 -0.6021
vn -0.6329 0.7374 -0.2361
vn 0.6269 0.7402 -0.2431
vn -0.4138 0.3710 0.8313
vn 0.1921 0.7405 0.6440
vn 0.7892 0.1055 0.6050
vn 0.6870 -0.7253 -0.0452
vn 0.9874 -0.1584 -0.0017
vn 0.9592 0.1872 -0.2119
vn 0.6352 -0.6320 -0.4439
vn 0.0102 0.0667 -0.9977
vn 0.0101 0.0667 -0.9977
vn 0.2242 0.9618 -0.1569
vn -0.3918 0.4811 -0.7842
vn 0.4548 -0.4253 -0.7825
vn -0.0746 -0.8812 -0.4667
vn -0.7599 -0.0601 -0.6472
vn 0.4547 -0.4253 -0.7825
vn -0.6348 0.6409 0.4317
vn -0.9523 0.0629 0.2985
vn -0.0098 0.4103 -0.9119
vn -0.0100 0.4103 -0.9119
vn -0.0000 -0.8737 -0.4865
vn -0.6064 -0.7921 -0.0693
vn -0.8163 -0.5058 -0.2791
vn -0.0000 -0.9956 -0.0932
vn 0.0094 -0.6792 0.7339
vn -0.6753 -0.4965 0.5455
vn 0.0095 0.5045 0.8634
vn -0.6776 0.3681 0.6367
vn -0.0000 0.9938 0.1113
vn -0.6062 0.7898 0.0934
vn -0.8162 0.5528 -0.1679
vn -0.0000 0.9543 -0.2990
vn -0.0101 0.1075 -0.9942
vn -0.6064 0.7910 0.0814
vn -0.0094 0.6792 -0.7339
vn -0.6799 0.5016 -0.5349
vn 0.6064 0.7916 0.0753
vn 0.0095 0.5148 0.8573
vn 0.6852 0.3774 0.6229
vn 0.6800 -0.5015 0.5349
vn 0.6064 -0.7910 -0.0814
vn 0.2564 -0.2446 -0.9351
vn -0.0095 -0.5148 -0.8573
vn -0.2766 -0.2457 -0.9290
vn -0.6065 -0.7915 -0.0753
vn -0.6726 -0.5032 0.5426
vn -0.6750 0.3755 0.6351
vn 0.6726 0.5032 -0.5426
vn 0.1429 0.8035 -0.5778
vn 0.9186 0.0593 -0.3908
vn -0.0323 0.9287 0.3695
vn -0.3917 0.4810 -0.7843
vn 0.4453 -0.4344 -0.7830
vn 0.5034 0.0946 -0.8589
vn 0.2133 0.9381 -0.2728
vn 0.4749 0.4111 -0.7781
vn 0.5035 0.0849 -0.8598
vn 0.5138 0.0941 -0.8527
vn -0.0099 0.1073 -0.9942
vn 0.2562 -0.2447 -0.9351
vn 0.6725 0.5034 -0.5425
vn -0.0093 0.6792 -0.7339
vn -0.6799 0.5018 -0.5347
vn -0.2764 -0.2457 -0.9291
vn -0.0103 0.1075 -0.9941
vn -0.0105 0.1075 -0.9942
vn -0.0101 0.1076 -0.9941
vn -0.5277 0.0931 -0.8443
vn -0.5379 0.1021 -0.8368
vn -0.5448 0.1016 -0.8324
vn -0.5381 0.0926 -0.8378
vn 0.2564 -0.2449 -0.9350
vn 1.0000 0.0005 -0.0057
vn 0.6062 -0.7911 -0.0814
vn 0.6798 -0.5017 0.5349
vn 0.6850 0.3775 0.6231
vn 0.6062 0.7917 0.0754
vn 0.6724 0.5033 -0.5427
vn -0.0185 0.7357 -0.6770
vn 0.6376 -0.7396 0.2157
vn -0.2765 -0.2460 -0.9290
vn -0.6062 -0.7917 -0.0753
vn -1.0000 -0.0005 0.0059
vn -0.6724 -0.5033 0.5427
vn -0.6749 0.3755 0.6352
vn -0.6062 0.7911 0.0814
vn -0.6798 0.5018 -0.5349
vn -0.6383 0.4346 -0.6354
vn 0.9996 0.0246 -0.0100
vn 0.9996 0.0250 -0.0160
vn -0.9999 0.0073 0.0069
vn -0.9997 0.0240 -0.0040
vn -0.9999 -0.0010 0.0121
vn 0.6245 0.4381 -0.6466
vn -0.6307 0.4446 -0.6360
vn 1.0000 0.0002 -0.0064
vn 1.0000 0.0004 -0.0062
vn 1.0000 0.0002 -0.0065
vn 0.6983 0.7042 -0.1283
vn 0.0552 0.9971 -0.0533
vn -0.2599 0.9656 -0.0068
vn 0.9885 0.0519 -0.1420
vn 0.9561 -0.2670 -0.1210
vn -0.7067 -0.7015 0.0919
vn -0.9561 -0.0334 0.2912
vn -0.9908 0.0780 0.1108
vn -0.6614 -0.6828 0.3104
vn -0.0242 -0.9790 0.2025
vn 0.0709 -0.9974 0.0101
vn -0.0243 -0.9790 0.2026
vn 0.9885 0.0523 -0.1420
vn 0.0707 -0.9974 0.0101
vn 0.9559 -0.2770 -0.0975
vn 0.1501 -0.9871 -0.0558
vn -0.9855 0.1618 0.0507
vn -0.0475 0.9989 -0.0040
vn 0.9559 -0.2770 -0.0974
vn 0.9933 -0.0546 -0.1021
vn -0.2677 0.9633 0.0174
vn -0.3022 -0.1031 0.9477
vn -0.3201 -0.0426 0.9464
vn -0.3202 -0.0526 0.9459
vn -0.2808 -0.0034 0.9598
vn -0.8236 -0.0667 0.5632
vn -0.7760 0.2196 0.5913
vn -0.4805 -0.4060 -0.7774
vn -0.0089 -0.7181 -0.6959
vn 0.4709 -0.4050 -0.7837
vn 0.3306 0.1618 -0.9298
vn 0.1631 0.1063 -0.9809
vn 0.6064 -0.7916 -0.0752
vn 0.6826 -0.4949 0.5377
vn 0.6850 0.3680 0.6287
vn 0.6063 0.7904 0.0874
vn 0.8113 0.5560 -0.1808
vn -0.0095 0.1070 -0.9942
vn 0.8124 -0.5078 -0.2866
vn 0.2208 0.3028 -0.9271
vn 0.1218 0.2172 -0.9685
vn 0.0813 0.2572 -0.9629
vn -0.6316 -0.7427 0.2227
vn -0.6336 -0.3799 -0.6740
vn -0.0000 -0.9586 0.2847
vn -0.0091 0.7358 -0.6771
vn -0.0095 0.7358 -0.6771
vn -0.6848 0.6493 -0.3310
vn -0.0090 0.7358 -0.6771
vn -0.4334 0.7106 0.5543
vn 0.4402 -0.8072 0.3932
vn 0.7650 0.3812 0.5190
vn -0.7554 -0.4896 0.4356
vn -0.1478 -0.4999 0.8534
vn 0.4969 -0.8613 -0.1058
vn 0.4505 -0.8876 -0.0960
vn 0.7883 -0.6117 -0.0657
vn 0.3779 0.1103 -0.9193
vn -0.7035 -0.0255 0.7103
vn -0.8527 -0.4853 0.1936
vn -0.6312 -0.7239 0.2785
vn -0.6315 -0.6928 -0.3482
vn -0.8529 -0.4678 -0.2317
vn -0.8981 0.0132 -0.4396
vn -0.8486 0.4688 0.2450
vn -0.6254 0.6946 0.3555
vn 0.7885 -0.6115 -0.0657
vn 0.1587 0.4073 -0.8994
vn 0.8897 0.4549 0.0398
vn -0.1477 -0.4998 0.8534
vn -0.1891 0.4075 -0.8934
vn 0.5833 0.8086 0.0769
vn 0.0079 0.9950 0.0993
vn 0.5833 0.8086 0.0768
vn 0.4520 -0.0581 0.8901
vn 0.0079 0.9950 0.0992
vn 0.4563 0.8833 0.1076
vn 0.2036 0.8022 0.5613
vn 0.8608 -0.2262 0.4559
vn -0.8509 0.1437 0.5053
vn -0.6712 0.4047 -0.6211
vn -0.7635 0.5931 -0.2555
vn -0.6925 0.6695 -0.2686
vn -0.7396 0.3507 -0.5744
vn -0.7185 0.6896 0.0908
vn 0.2413 0.9065 0.3463
vn -0.5899 0.6963 0.4089
vn 0.4091 0.9095 0.0735
vn 0.7189 0.6919 0.0667
vn -0.7225 0.6869 0.0783
vn 0.1500 -0.9871 -0.0558
vn 0.9933 -0.0542 -0.1021
vn -0.0236 -0.9984 -0.0509
vn -0.7100 -0.7042 -0.0068
vn -0.9991 -0.0115 0.0415
vn -0.9856 0.1616 0.0507
vn -0.0472 0.9989 -0.0040
vn -0.2679 0.9633 0.0173
vn 0.0862 0.9908 0.1048
vn -0.7224 0.6870 0.0783
vn 0.8343 -0.5473 -0.0661
vn 0.8344 -0.5472 -0.0661
vn -0.8345 -0.5484 -0.0541
vn -0.8344 -0.5484 -0.0541
vn -0.1026 -0.9909 -0.0867
vn -0.5952 -0.7769 0.2053
vn -0.5455 -0.8354 -0.0670
vn -0.1414 -0.9381 0.3163
vn -0.6926 -0.5877 0.4182
vn -0.2760 -0.6952 0.6637
vn -0.8049 -0.2637 0.5316
vn -0.4597 -0.1937 0.8667
vn -0.5639 0.3643 0.7412
vn -0.8762 0.1026 0.4709
vn -0.8922 0.3548 0.2793
vn -0.5820 0.6954 0.4216
vn -0.8944 0.4450 0.0450
vn -0.5745 0.8148 0.0774
vn -0.5846 0.7603 -0.2832
vn -0.8965 0.3952 -0.2003
vn -0.5789 0.4841 -0.6561
vn -0.8833 0.1814 -0.4323
vn -0.8108 -0.1674 -0.5608
vn -0.4780 -0.0408 -0.8774
vn -0.2928 -0.5664 -0.7703
vn -0.6990 -0.5053 -0.5060
vn -0.1485 -0.8696 -0.4710
vn -0.5962 -0.7312 -0.3315
vn -0.9870 -0.1546 -0.0440
vn -0.9899 -0.1414 -0.0063
vn -0.9781 -0.1906 -0.0837
vn -0.9643 -0.2450 -0.1008
vn -0.9489 -0.3014 -0.0935
vn -0.6989 -0.5054 -0.5061
vn -0.5961 -0.7313 -0.3315
vn -0.9317 -0.3623 -0.0256
vn -0.5454 -0.8355 -0.0670
vn -0.5951 -0.7770 0.2053
vn -0.9368 -0.3493 0.0181
vn -0.6925 -0.5878 0.4183
vn -0.9481 -0.3138 0.0519
vn -0.9633 -0.2596 0.0687
vn -0.9772 -0.2031 0.0613
vn -0.9866 -0.1609 0.0286
vn 0.7951 0.6016 0.0769
vn 0.6993 0.7115 0.0683
vn -0.3783 0.8211 0.4274
vn 0.0707 0.9926 0.0991
vn -0.4828 -0.8597 -0.1669
vn -0.9643 -0.2451 -0.1008
vn -0.3274 -0.7990 -0.5045
vn -0.8467 0.0637 -0.5283
vn -0.8196 0.5722 -0.0291
vn -0.1696 0.8099 0.5615
vn 0.1855 -0.9050 0.3829
vn 0.8619 0.1181 0.4932
vn -0.8559 -0.2278 0.4643
vn 0.8393 0.2616 0.4765
vn -0.8458 -0.0978 0.5244
vn -0.1007 -0.9251 0.3662
vn -0.1727 0.7701 0.6141
vn -0.7087 0.3412 0.6175
vn -0.5540 0.5356 0.6374
vn -0.2088 0.7484 0.6296
vn -0.7553 0.2887 0.5883
vn -0.3760 0.4284 0.8216
vn 0.4513 -0.3881 0.8036
vn -0.8354 -0.3187 0.4478
vn -0.8834 0.3057 0.3553
vn -0.2640 0.7796 0.5680
vn -0.7342 0.5646 0.3770
vn 0.8619 0.1179 0.4932
vn 0.4971 -0.3203 0.8064
vn -0.1694 0.8099 0.5616
vn 0.1493 -0.9855 -0.0802
vn -0.4069 -0.7726 0.4874
vn -0.1384 -0.8669 0.4788
vn -0.1731 -0.9821 -0.0737
vn 0.1469 -0.8658 0.4783
vn 0.1731 -0.9821 -0.0738
vn 0.4156 -0.7721 0.4808
vn 0.4416 0.7108 0.5474
vn -0.7590 0.3819 0.5273
vn -0.4318 -0.8084 0.4001
vn 0.2061 0.9354 -0.2872
vn -0.8365 0.4328 -0.3359
vn -0.2591 0.9631 0.0722
vn 0.9372 0.3445 -0.0550
vn -0.2640 0.7795 0.5680
vn -0.8835 0.3057 0.3551
vn -0.8639 0.4981 0.0739
vn 0.4484 0.7082 0.5454
vn -0.1383 0.9035 0.4056
vn -0.4318 -0.8084 0.4000
vn -0.1393 0.7572 0.6381
vn -0.0000 0.9938 0.1112
vn 0.1479 0.7563 0.6373
vn -0.1733 0.9780 0.1160
vn -0.0245 0.9096 0.4148
vn -0.4966 0.8615 0.1058
vn -0.4334 0.7106 0.5542
vn -0.4521 -0.0677 0.8894
vn 0.8813 -0.3843 0.2752
vn -0.6598 -0.6165 -0.4297
vn 0.1836 -0.9349 -0.3037
vn 0.9478 -0.1872 -0.2582
vn -0.3998 -0.4792 0.7813
vn 0.1848 -0.8312 0.5244
vn -0.1335 -0.9887 -0.0683
vn 0.4518 -0.0580 0.8902
vn -0.4320 -0.8083 0.3999
vn -0.8778 -0.3839 0.2864
vn 0.4416 0.7109 0.5475
vn -0.9401 0.3356 0.0598
vn -0.7758 0.2196 0.5915
vn -0.9997 -0.0019 0.0241
vn -0.7758 0.2195 0.5915
vn -0.7634 0.6401 0.0864
vn -0.9283 0.1501 0.3401
vn -0.9400 0.3359 0.0599
vn -0.9283 0.1499 0.3402
vn -0.4969 0.8613 0.1058
vn -0.0244 0.9095 0.4149
vn -0.7632 0.6403 0.0864
vn 0.4520 -0.0582 0.8901
vn -0.7342 0.5647 0.3769
vn -0.4167 -0.8053 0.4218
vn -0.1384 -0.8671 0.4786
vn -0.4070 -0.7727 0.4871
vn -0.6556 -0.6039 0.4533
vn -0.6237 -0.5925 0.5098
vn -0.7732 -0.3432 0.5333
vn -0.8028 -0.3589 0.4762
vn -0.8236 -0.0666 0.5632
vn -0.3202 -0.0426 0.9464
vn -0.2808 -0.0035 0.9598
vn 0.1574 -0.4990 0.8522
vn -0.9283 0.1500 0.3401
vn -0.7428 -0.1646 0.6490
vn -0.3760 0.4282 0.8217
vn -0.4316 0.3707 0.8224
vn 0.2253 0.6511 0.7248
vn -0.1031 0.7932 0.6002
vn -0.1393 0.7575 0.6379
vn 0.1480 0.7565 0.6370
vn 0.3289 -0.6539 -0.6814
vn -0.7096 0.3982 -0.5814
vn -0.0729 -0.9191 -0.3873
vn -0.9521 -0.0305 -0.3042
vn 0.6254 -0.6946 -0.3555
vn 0.9517 -0.1702 -0.2556
vn 0.9558 -0.1889 0.2252
vn 0.6312 0.7238 -0.2785
vn 0.8526 0.4853 -0.1936
vn 0.8529 0.4679 0.2317
vn 0.6314 0.6929 0.3483
vn 0.6373 -0.7212 0.2714
vn -0.0093 0.7313 -0.6820
vn -0.2505 -0.1476 -0.9568
vn 0.6655 0.0559 -0.7443
vn -0.1416 -0.9867 -0.0802
vn 0.8608 -0.2263 0.4559
vn -0.1691 -0.9077 0.3840
vn 0.7373 0.5699 0.3628
vn -0.8509 0.1436 0.5054
vn -0.4445 -0.3161 0.8381
vn 0.8812 -0.3845 0.2750
vn 0.4399 -0.8074 0.3932
vn 0.8589 0.5097 0.0507
vn -0.4566 0.8832 0.1076
vn -0.4505 -0.8882 -0.0899
vn -0.4621 -0.6806 -0.5685
vn -0.7884 -0.6123 -0.0597
vn 0.1574 -0.4991 0.8521
vn -0.4970 -0.8620 -0.0998
vn -0.4320 -0.8084 0.3999
vn 0.7613 -0.4874 0.4276
vn -0.7591 0.3818 0.5273
vn -0.0096 0.1071 -0.9942
vn -0.0103 0.1076 -0.9941
vn -0.1416 0.2165 -0.9660
vn 0.1216 0.2170 -0.9686
vn 0.1522 0.1667 -0.9742
vn 0.1626 0.1063 -0.9810
vn 0.8603 -0.4605 -0.2186
vn 0.8658 -0.4879 0.1106
vn 0.8222 -0.5665 -0.0557
vn 0.8964 -0.3129 -0.3141
vn 0.9000 -0.3673 0.2346
vn 0.9370 -0.1815 0.2985
vn 0.9581 0.0321 0.2848
vn 0.9626 0.1994 0.1832
vn 0.9613 0.2746 0.0240
vn 0.9582 0.2435 -0.1499
vn 0.9536 0.0978 -0.2846
vn 0.9325 -0.1095 -0.3442
vn -0.9242 -0.3173 -0.2123
vn -0.3959 -0.8060 -0.4400
vn -0.8968 -0.4173 -0.1468
vn -0.7397 0.3506 -0.5744
vn -0.9840 0.1705 -0.0519
vn -0.9820 -0.0887 -0.1668
vn -0.9566 -0.1973 -0.2142
vn -0.6539 -0.0728 -0.7531
vn -0.5266 -0.4950 -0.6911
vn -0.4888 -0.4912 -0.7210
vn -0.3968 -0.7984 -0.4528
vn -0.6713 0.4045 -0.6210
vn -0.6035 -0.0344 -0.7966
vn -0.8636 0.4494 -0.2287
vn -0.8522 0.2211 -0.4742
vn -0.8038 -0.1156 -0.5836
vn -0.7235 -0.4405 -0.5315
vn -0.6554 -0.6773 -0.3342
vn -0.1507 -0.8557 -0.4950
vn 0.4857 -0.7547 -0.4411
vn 0.5421 -0.3674 -0.7558
vn 0.7490 -0.5266 -0.4020
vn 0.9380 -0.0685 -0.3398
vn 0.9392 0.1657 -0.3008
vn 0.9914 0.1223 0.0471
vn -0.5212 0.7987 -0.3007
vn -0.4989 0.5153 -0.6968
vn -0.1646 0.7367 -0.6558
vn 0.3347 0.9073 -0.2547
vn 0.4110 0.6971 -0.5875
vn 0.4669 0.1254 -0.8754
vn -0.2709 -0.5099 -0.8164
vn -0.4131 0.0106 -0.9106
vn 0.9195 0.3905 -0.0447
vn -0.0706 0.3157 -0.9462
vn -0.0997 0.4192 -0.9024
vn -0.1646 0.7366 -0.6560
vn 0.9904 0.1299 0.0478
vn 0.8920 0.4519 -0.0031
vn -0.9703 -0.2414 -0.0150
vn -0.8096 0.1907 -0.5551
vn -0.7483 -0.1287 -0.6508
vn -0.8298 0.4259 -0.3606
vn -0.8267 0.5488 -0.1242
vn -0.8187 0.5623 0.1162
vn -0.8145 0.4632 0.3493
vn -0.7975 0.2561 0.5462
vn -0.7543 -0.0641 0.6534
vn -0.6670 -0.4053 0.6251
vn -0.5660 -0.6828 0.4620
vn -0.4978 -0.8350 0.2345
vn -0.4672 -0.8841 -0.0104
vn -0.4867 -0.8385 -0.2451
vn -0.5547 -0.6960 -0.4560
vn -0.6524 -0.4506 -0.6094
vt 0.787699 -0.506307
vt 0.742908 -0.481302
vt 0.739607 -0.487545
vt 0.614434 -0.014022
vt 0.611131 -0.015927
vt 0.607831 -0.014021
vt 0.683430 -0.135345
vt 0.683430 -0.128776
vt 0.683000 -0.134878
vt 0.195678 -0.069843
vt 0.185433 -0.038372
vt 0.185433 -0.069843
vt 0.937210 -0.570208
vt 0.944671 -0.394374
vt 0.944671 -0.570211
vt 0.096952 -0.134421
vt 0.096521 -0.133954
vt 0.096952 -0.127853
vt 0.542555 -0.070578
vt 0.366479 -0.070578
vt 0.366479 -0.072993
vt 0.687932 -0.197957
vt 0.819403 -0.199540
vt 0.880150 -0.799630
vt 0.880150 -0.974383
vt 0.884058 -0.973348
vt 0.680032 -0.134627
vt 0.548561 -0.124443
vt 0.447301 -0.170979
vt 0.315830 -0.160795
vt 0.593749 -0.202033
vt 0.678878 -0.210260
vt 0.671840 -0.205952
vt 0.125540 -0.709562
vt 0.133523 -0.679998
vt 0.079683 -0.687299
vt 0.686004 -0.206808
vt 0.704925 -0.222055
vt 0.689135 -0.214242
vt 0.816568 -0.137420
vt 0.686004 -0.137420
vt 0.687932 -0.148065
vt 0.242191 -0.106216
vt 0.113555 -0.116861
vt 0.244119 -0.116861
vt 0.546970 -0.882314
vt 0.549965 -0.911361
vt 0.513555 -0.890667
vt 0.940781 -0.311310
vt 0.940781 -0.285676
vt 0.925054 -0.286400
vt 0.888683 -0.058639
vt 0.897133 -0.060516
vt 0.897227 -0.058442
vt 0.861944 -0.103820
vt 0.861910 -0.107320
vt 0.861944 -0.107323
vt 0.338422 -0.271935
vt 0.338388 -0.275436
vt 0.338422 -0.275439
vt 0.995556 -0.301429
vt 0.995556 -0.295290
vt 0.990240 -0.298360
vt 0.707816 -0.042145
vt 0.698207 -0.035442
vt 0.698207 -0.014870
vt 0.990240 -0.313130
vt 0.995556 -0.310060
vt 0.990240 -0.306991
vt 0.887517 -0.617204
vt 0.877908 -0.589929
vt 0.877908 -0.610501
vt 0.662845 -0.852932
vt 0.662844 -0.846794
vt 0.657529 -0.849863
vt 0.942935 -0.047513
vt 0.931192 -0.027507
vt 0.944459 -0.028024
vt 0.982155 -0.015630
vt 0.986463 -0.073298
vt 0.985967 -0.015597
vt 0.424213 -0.064935
vt 0.448474 -0.059398
vt 0.448474 -0.065925
vt 0.696905 -0.856001
vt 0.696905 -0.849863
vt 0.691588 -0.852932
vt 0.645205 -0.552652
vt 0.704185 -0.554394
vt 0.703778 -0.560093
vt 0.683000 -0.201241
vt 0.683000 -0.189526
vt 0.998486 -0.730616
vt 0.988878 -0.703342
vt 0.998486 -0.696638
vt 0.639396 -0.032863
vt 0.636379 -0.032863
vt 0.636379 -0.007850
vt 0.858012 -0.085242
vt 0.861512 -0.085276
vt 0.861515 -0.085242
vt 0.924322 -0.563294
vt 0.926166 -0.567881
vt 0.930700 -0.570211
vt 0.998753 -0.940740
vt 0.989145 -0.968015
vt 0.989145 -0.947444
vt 0.668513 -0.032863
vt 0.668513 -0.007850
vt 0.665497 -0.007850
vt 0.596781 -0.774395
vt 0.631792 -0.836157
vt 0.636594 -0.822917
vt 0.556972 -0.821651
vt 0.570799 -0.846043
vt 0.582958 -0.853321
vt 0.988878 -0.723913
vt 0.691588 -0.846794
vt 0.696905 -0.843725
vt 0.887517 -0.583225
vt 0.995556 -0.316199
vt 0.995556 -0.303922
vt 0.707816 -0.008166
vt 0.990240 -0.292221
vt 0.995556 -0.289152
vt 0.760812 -0.645463
vt 0.748986 -0.685074
vt 0.777064 -0.672263
vt 0.795820 -0.663240
vt 0.784914 -0.692447
vt 0.802899 -0.682649
vt 0.798402 -0.695350
vt 0.772333 -0.708721
vt 0.767567 -0.728232
vt 0.771511 -0.747192
vt 0.791761 -0.723035
vt 0.801535 -0.768404
vt 0.802899 -0.762903
vt 0.793590 -0.754827
vt 0.784558 -0.760963
vt 0.789632 -0.740690
vt 0.782260 -0.762951
vt 0.800421 -0.770926
vt 0.724170 -0.300524
vt 0.701556 -0.310696
vt 0.702012 -0.301267
vt 0.717619 -0.296400
vt 0.709867 -0.215199
vt 0.777208 -0.322664
vt 0.697937 -0.202033
vt 0.783067 -0.210260
vt 0.783067 -0.304731
vt 0.494441 -0.187884
vt 0.539070 -0.186625
vt 0.516805 -0.182326
vt 0.556854 -0.199832
vt 0.476434 -0.264806
vt 0.494440 -0.277933
vt 0.516804 -0.281883
vt 0.466415 -0.245081
vt 0.466415 -0.222733
vt 0.476435 -0.202296
vt 0.566695 -0.219310
vt 0.566695 -0.241269
vt 0.556854 -0.261468
vt 0.539069 -0.275972
vt 0.581816 -0.206808
vt 0.584947 -0.214242
vt 0.600737 -0.222055
vt 0.605678 -0.215199
vt 0.613431 -0.296400
vt 0.619982 -0.300524
vt 0.597824 -0.301267
vt 0.597368 -0.310696
vt 0.361992 -0.795489
vt 0.327064 -0.785876
vt 0.325492 -0.790206
vt 0.678878 -0.304731
vt 0.673020 -0.322664
vt 0.863767 -0.850970
vt 0.865412 -0.850986
vt 0.865412 -0.855578
vt 0.863767 -0.855563
vt 0.247519 -0.110118
vt 0.249164 -0.110133
vt 0.249164 -0.114726
vt 0.247519 -0.114711
vt 0.917013 -0.575250
vt 0.917013 -0.568054
vt 0.909413 -0.574647
vt 0.185774 -0.364854
vt 0.185774 -0.357658
vt 0.178174 -0.364250
vt 0.840341 -0.208133
vt 0.841986 -0.208148
vt 0.841986 -0.212740
vt 0.840341 -0.212725
vt 0.683430 -0.126283
vt 0.683430 -0.119714
vt 0.683000 -0.125816
vt 0.928778 -0.015998
vt 0.921179 -0.015395
vt 0.928778 -0.008802
vt 0.326331 -0.011257
vt 0.333021 -0.034658
vt 0.333021 -0.004103
vt 0.859600 -0.862774
vt 0.855468 -0.869277
vt 0.855511 -0.860680
vt 0.865569 -0.870337
vt 0.856831 -0.980484
vt 0.849193 -0.980666
vt 0.853566 -0.991957
vt 0.865569 -0.998753
vt 0.864174 -0.865435
vt 0.844544 -0.789024
vt 0.856546 -0.795820
vt 0.847809 -0.777550
vt 0.840171 -0.777733
vt 0.846446 -0.666343
vt 0.856546 -0.667404
vt 0.850578 -0.659841
vt 0.846488 -0.657747
vt 0.855151 -0.662502
vt 0.286647 -0.013397
vt 0.283346 -0.007678
vt 0.286647 -0.009584
vt 0.280044 -0.009583
vt 0.280044 -0.013396
vt 0.283345 -0.015302
vt 0.510032 -0.013342
vt 0.503429 -0.013341
vt 0.506730 -0.015248
vt 0.503429 -0.009529
vt 0.506731 -0.007623
vt 0.510032 -0.009530
vt 0.459970 -0.161153
vt 0.455696 -0.130056
vt 0.451594 -0.160136
vt 0.461876 -0.135921
vt 0.449795 -0.269440
vt 0.461876 -0.269439
vt 0.977569 -0.998753
vt 0.965455 -0.986487
vt 0.973752 -0.990250
vt 0.962913 -0.992106
vt 0.969616 -0.982290
vt 0.977569 -0.980941
vt 0.906919 -0.575250
vt 0.906919 -0.568054
vt 0.899320 -0.574647
vt 0.096952 -0.125359
vt 0.096521 -0.124892
vt 0.096952 -0.118791
vt 0.827346 -0.809104
vt 0.827346 -0.814102
vt 0.825047 -0.811096
vt 0.207232 -0.138798
vt 0.207232 -0.141721
vt 0.203455 -0.141490
vt 0.845558 -0.575862
vt 0.848474 -0.575684
vt 0.848474 -0.579248
vt 0.845558 -0.581125
vt 0.842521 -0.579611
vt 0.842521 -0.576047
vt 0.845558 -0.570876
vt 0.843365 -0.570697
vt 0.842521 -0.518777
vt 0.847630 -0.570437
vt 0.848474 -0.518414
vt 0.934066 -0.228578
vt 0.940443 -0.235495
vt 0.935910 -0.233165
vt 0.944459 -0.229548
vt 0.941637 -0.083696
vt 0.944459 -0.084332
vt 0.956564 -0.795820
vt 0.956564 -0.619591
vt 0.949487 -0.795820
vt 0.949487 -0.619591
vt 0.785666 -0.512464
vt 0.739962 -0.487562
vt 0.743253 -0.481322
vt 0.689747 -0.411993
vt 0.686041 -0.409358
vt 0.686078 -0.409385
vt 0.690237 -0.407807
vt 0.693943 -0.410442
vt 0.690275 -0.407834
vt 0.694884 -0.409092
vt 0.691178 -0.406458
vt 0.787699 -0.325157
vt 0.311408 -0.179963
vt 0.307514 -0.054884
vt 0.307547 -0.046693
vt 0.311408 -0.049094
vt 0.861944 -0.109816
vt 0.861944 -0.114378
vt 0.861944 -0.109831
vt 0.861944 -0.114408
vt 0.861944 -0.123987
vt 0.861944 -0.128549
vt 0.861944 -0.128579
vt 0.861944 -0.124001
vt 0.986384 -0.795820
vt 0.986384 -0.664951
vt 0.982523 -0.662550
vt 0.982490 -0.670741
vt 0.686004 -0.409332
vt 0.694909 -0.409110
vt 0.247519 -0.117219
vt 0.249164 -0.121827
vt 0.247519 -0.121812
vt 0.249164 -0.117235
vt 0.716851 -0.843725
vt 0.719344 -0.843725
vt 0.827285 -0.792511
vt 0.821513 -0.645774
vt 0.805393 -0.786800
vt 0.827473 -0.645463
vt 0.837677 -0.795820
vt 0.837677 -0.645861
vt 0.542555 -0.077646
vt 0.366479 -0.075486
vt 0.542555 -0.075486
vt 0.366479 -0.077646
vt 0.366479 -0.080060
vt 0.542555 -0.080060
vt 0.373197 -0.101234
vt 0.542712 -0.097828
vt 0.373197 -0.097828
vt 0.542712 -0.101234
vt 0.542712 -0.105042
vt 0.373197 -0.105042
vt 0.928580 -0.967802
vt 0.930424 -0.972388
vt 0.934958 -0.974718
vt 0.938974 -0.968772
vt 0.936151 -0.822919
vt 0.938974 -0.823556
vt 0.939687 -0.248244
vt 0.930079 -0.275519
vt 0.939687 -0.282223
vt 0.930079 -0.254948
vt 0.992366 -0.804976
vt 0.982757 -0.832252
vt 0.982757 -0.811680
vt 0.992366 -0.838955
vt 0.686004 -0.115566
vt 0.859166 -0.098698
vt 0.686004 -0.098698
vt 0.859166 -0.115566
vt 0.596365 -0.070460
vt 0.586119 -0.038990
vt 0.586119 -0.070460
vt 0.580996 -0.038990
vt 0.580996 -0.070460
vt 0.596365 -0.038990
vt 0.601488 -0.070460
vt 0.601488 -0.038990
vt 0.788580 -0.206045
vt 0.785560 -0.212740
vt 0.785560 -0.206045
vt 0.788580 -0.212740
vt 0.794620 -0.206045
vt 0.794620 -0.212740
vt 0.797640 -0.206045
vt 0.797640 -0.212740
vt 0.172059 -0.358158
vt 0.166019 -0.364854
vt 0.166019 -0.358158
vt 0.172059 -0.364854
vt 0.175079 -0.358158
vt 0.175079 -0.364854
vt 0.162999 -0.364854
vt 0.162999 -0.358158
vt 0.096952 -0.161066
vt 0.094004 -0.144630
vt 0.096952 -0.147471
vt 0.092575 -0.151538
vt 0.855976 -0.186685
vt 0.851844 -0.193187
vt 0.851886 -0.184591
vt 0.861944 -0.194248
vt 0.853207 -0.304394
vt 0.845569 -0.304577
vt 0.849942 -0.315868
vt 0.861944 -0.322664
vt 0.860550 -0.189346
vt 0.848007 -0.505668
vt 0.860009 -0.512464
vt 0.851271 -0.494195
vt 0.843633 -0.494377
vt 0.849908 -0.382988
vt 0.860009 -0.384048
vt 0.854041 -0.376485
vt 0.849951 -0.374391
vt 0.858614 -0.379146
vt 0.611133 -0.008303
vt 0.614434 -0.010210
vt 0.607831 -0.010209
vt 0.277551 -0.013397
vt 0.270948 -0.013396
vt 0.274248 -0.015302
vt 0.270948 -0.009583
vt 0.274250 -0.007678
vt 0.277551 -0.009584
vt 0.916779 -0.127208
vt 0.912505 -0.096111
vt 0.908404 -0.126191
vt 0.918685 -0.101977
vt 0.906604 -0.235495
vt 0.918685 -0.235494
vt 0.402301 -0.014788
vt 0.406436 -0.022748
vt 0.410254 -0.013439
vt 0.398140 -0.018985
vt 0.410254 -0.031252
vt 0.395597 -0.024604
vt 0.937678 -0.245751
vt 0.930079 -0.245147
vt 0.937678 -0.238554
vt 0.915693 -0.967802
vt 0.922071 -0.974718
vt 0.917537 -0.972388
vt 0.926087 -0.968772
vt 0.923264 -0.822919
vt 0.926087 -0.823556
vt 0.762179 -0.016166
vt 0.769951 -0.016841
vt 0.769951 -0.011679
vt 0.766650 -0.018747
vt 0.762179 -0.025141
vt 0.766650 -0.022560
vt 0.769951 -0.029628
vt 0.769951 -0.024466
vt 0.809193 -0.206045
vt 0.803153 -0.212740
vt 0.803153 -0.206045
vt 0.809193 -0.212740
vt 0.812213 -0.206045
vt 0.812213 -0.212740
vt 0.800133 -0.212740
vt 0.800133 -0.206045
vt 0.096952 -0.179996
vt 0.094004 -0.163560
vt 0.092575 -0.170468
vt 0.096952 -0.166400
vt 0.869447 -0.659841
vt 0.865314 -0.666343
vt 0.865357 -0.657747
vt 0.875415 -0.667404
vt 0.866677 -0.777550
vt 0.859040 -0.777733
vt 0.863413 -0.789024
vt 0.875415 -0.795820
vt 0.874020 -0.662502
vt 0.863413 -0.648458
vt 0.875415 -0.655254
vt 0.866677 -0.636984
vt 0.859040 -0.637167
vt 0.865314 -0.525777
vt 0.875415 -0.526838
vt 0.869447 -0.519275
vt 0.865357 -0.517181
vt 0.874020 -0.521936
vt 0.427403 -0.031252
vt 0.415289 -0.018985
vt 0.423586 -0.022748
vt 0.412747 -0.024604
vt 0.419450 -0.014788
vt 0.427403 -0.013439
vt 0.896826 -0.575250
vt 0.889227 -0.574647
vt 0.896826 -0.568054
vt 0.913909 -0.686516
vt 0.912109 -0.795820
vt 0.922285 -0.687533
vt 0.924191 -0.795820
vt 0.924191 -0.662302
vt 0.918011 -0.656437
vt 0.990240 -0.325846
vt 0.996930 -0.349248
vt 0.996930 -0.318692
vt 0.937078 -0.789874
vt 0.937078 -0.644657
vt 0.934255 -0.644021
vt 0.926684 -0.788903
vt 0.933061 -0.795820
vt 0.928528 -0.793490
vt 0.931572 -0.229548
vt 0.928750 -0.083696
vt 0.931572 -0.084332
vt 0.921179 -0.228578
vt 0.927556 -0.235495
vt 0.923023 -0.233165
vt 0.742368 -0.016166
vt 0.750140 -0.011679
vt 0.750140 -0.016841
vt 0.746839 -0.018747
vt 0.742368 -0.025141
vt 0.746839 -0.022560
vt 0.750140 -0.029628
vt 0.750140 -0.024466
vt 0.683430 -0.144406
vt 0.683000 -0.143939
vt 0.683430 -0.137838
vt 0.827346 -0.801364
vt 0.827346 -0.806361
vt 0.825047 -0.803356
vt 0.229891 -0.138798
vt 0.229891 -0.141721
vt 0.226114 -0.141490
vt 0.991914 -0.790557
vt 0.994830 -0.790379
vt 0.994831 -0.793943
vt 0.991915 -0.795820
vt 0.988878 -0.794306
vt 0.988878 -0.790742
vt 0.991914 -0.785571
vt 0.989722 -0.785392
vt 0.988878 -0.733472
vt 0.993986 -0.785132
vt 0.994831 -0.733109
vt 0.924215 -0.070953
vt 0.927131 -0.075761
vt 0.926287 -0.070514
vt 0.924215 -0.075939
vt 0.927132 -0.079325
vt 0.924215 -0.081202
vt 0.921179 -0.079688
vt 0.921179 -0.076124
vt 0.922023 -0.070774
vt 0.921179 -0.018854
vt 0.927132 -0.018492
vt 0.827346 -0.816595
vt 0.825047 -0.818587
vt 0.827346 -0.821593
vt 0.335894 -0.272517
vt 0.332117 -0.275208
vt 0.335894 -0.275439
vt 0.954030 -0.235495
vt 0.954030 -0.059265
vt 0.946953 -0.235495
vt 0.946953 -0.059265
vt 0.683511 -0.506307
vt 0.681478 -0.512464
vt 0.635419 -0.487545
vt 0.635774 -0.487562
vt 0.639065 -0.481322
vt 0.638719 -0.481302
vt 0.585559 -0.411993
vt 0.581853 -0.409358
vt 0.581890 -0.409385
vt 0.586049 -0.407807
vt 0.589755 -0.410442
vt 0.586086 -0.407834
vt 0.590696 -0.409092
vt 0.586990 -0.406458
vt 0.683511 -0.325157
vt 0.986652 -0.974718
vt 0.982757 -0.849640
vt 0.982790 -0.841448
vt 0.986652 -0.843850
vt 0.861944 -0.131072
vt 0.861944 -0.135634
vt 0.861944 -0.131087
vt 0.861944 -0.135664
vt 0.096952 -0.104620
vt 0.096952 -0.109182
vt 0.096952 -0.109212
vt 0.096952 -0.104635
vt 0.991989 -0.570211
vt 0.991989 -0.439342
vt 0.988127 -0.436941
vt 0.988095 -0.445132
vt 0.581816 -0.409332
vt 0.590721 -0.409110
vt 0.247519 -0.131421
vt 0.249164 -0.136029
vt 0.247519 -0.136014
vt 0.249164 -0.131437
vt 0.714358 -0.843725
vt 0.699398 -0.843725
vt 0.200802 -0.069843
vt 0.195678 -0.038372
vt 0.180310 -0.038372
vt 0.180310 -0.069843
vt 0.200802 -0.038372
vt 0.590604 -0.002518
vt 0.580996 -0.029793
vt 0.580996 -0.009222
vt 0.590604 -0.036496
vt 0.998753 -0.904268
vt 0.989145 -0.931543
vt 0.998753 -0.938246
vt 0.989145 -0.910972
vt 0.859166 -0.118059
vt 0.859166 -0.134927
vt 0.686004 -0.134927
vt 0.686004 -0.118059
vt 0.329271 -0.068622
vt 0.319025 -0.068622
vt 0.319025 -0.037152
vt 0.329271 -0.037152
vt 0.334394 -0.068622
vt 0.334394 -0.037152
vt 0.313902 -0.037152
vt 0.313902 -0.068622
vt 0.151445 -0.358158
vt 0.148425 -0.364854
vt 0.148425 -0.358158
vt 0.151445 -0.364854
vt 0.157485 -0.358158
vt 0.157485 -0.364854
vt 0.160505 -0.358158
vt 0.160505 -0.364854
vt 0.755804 -0.032122
vt 0.741523 -0.079572
vt 0.741523 -0.038977
vt 0.755803 -0.086498
vt 0.759686 -0.069670
vt 0.759686 -0.049021
vt 0.899774 -0.695631
vt 0.891096 -0.754165
vt 0.891026 -0.735085
vt 0.900118 -0.789940
vt 0.909616 -0.688091
vt 0.909616 -0.795820
vt 0.782835 -0.016166
vt 0.790607 -0.011679
vt 0.790607 -0.016841
vt 0.787305 -0.018747
vt 0.782835 -0.025141
vt 0.787305 -0.022560
vt 0.790607 -0.029628
vt 0.790607 -0.024466
vt 0.990240 -0.358894
vt 0.996930 -0.351741
vt 0.996930 -0.382296
vt 0.797115 -0.032122
vt 0.782835 -0.079572
vt 0.782835 -0.038977
vt 0.797114 -0.086498
vt 0.800997 -0.069670
vt 0.800997 -0.049021
vt 0.749002 -0.598183
vt 0.848401 -0.584052
vt 0.749049 -0.586015
vt 0.848359 -0.594941
vt 0.748986 -0.614575
vt 0.848344 -0.609610
vt 0.848359 -0.626290
vt 0.749002 -0.633215
vt 0.848401 -0.642969
vt 0.732102 -0.016166
vt 0.739875 -0.016841
vt 0.739875 -0.011679
vt 0.736573 -0.018747
vt 0.732102 -0.025141
vt 0.736573 -0.022560
vt 0.739875 -0.029628
vt 0.739875 -0.024466
vt 0.937210 -0.394374
vt 0.099482 -0.198925
vt 0.109133 -0.056349
vt 0.109133 -0.198926
vt 0.099445 -0.056348
vt 0.792046 -0.530146
vt 0.782788 -0.514958
vt 0.782789 -0.529596
vt 0.792046 -0.515508
vt 0.003994 -0.089005
vt 0.039949 -0.128485
vt 0.039949 -0.084545
vt 0.001247 -0.123093
vt 0.305363 -0.218772
vt 0.342546 -0.187661
vt 0.305363 -0.182540
vt 0.342546 -0.213652
vt 0.877908 -0.568054
vt 0.886733 -0.579612
vt 0.886733 -0.568054
vt 0.877908 -0.579612
vt 0.861657 -0.011873
vt 0.870482 -0.023432
vt 0.870482 -0.011873
vt 0.861657 -0.023432
vt 0.812315 -0.022522
vt 0.803490 -0.011058
vt 0.803490 -0.022522
vt 0.812315 -0.011058
vt 0.814707 -0.202925
vt 0.818146 -0.206681
vt 0.818146 -0.202192
vt 0.814707 -0.207414
vt 0.986900 -0.271101
vt 0.972155 -0.241505
vt 0.986900 -0.240958
vt 0.972195 -0.270642
vt 0.542924 -0.065172
vt 0.535456 -0.053390
vt 0.535456 -0.065925
vt 0.542924 -0.052636
vt 0.911841 -0.029119
vt 0.918248 -0.016690
vt 0.911841 -0.016167
vt 0.918248 -0.029642
vt 0.836725 -0.022522
vt 0.830151 -0.011122
vt 0.830152 -0.022497
vt 0.836725 -0.011147
vt 0.143475 -0.071220
vt 0.121823 -0.103723
vt 0.143475 -0.099452
vt 0.121816 -0.067932
vt 0.111627 -0.095200
vt 0.111627 -0.076920
vt 0.826342 -0.356409
vt 0.801821 -0.325157
vt 0.826342 -0.329698
vt 0.800779 -0.356544
vt 0.791297 -0.330070
vt 0.790192 -0.347437
vt 0.987860 -0.386375
vt 0.981707 -0.397430
vt 0.987860 -0.397976
vt 0.981707 -0.385829
vt 0.109133 -0.053855
vt 0.095978 -0.027042
vt 0.095980 -0.042476
vt 0.109133 -0.015620
vt 0.909878 -0.386907
vt 0.927652 -0.390471
vt 0.930454 -0.396471
vt 0.922587 -0.386425
vt 0.916247 -0.385142
vt 0.901897 -0.397739
vt 0.904751 -0.391400
vt 0.901898 -0.404647
vt 0.904751 -0.410724
vt 0.909878 -0.414744
vt 0.916247 -0.415918
vt 0.922587 -0.414045
vt 0.927651 -0.409524
vt 0.930454 -0.403259
vt 0.295743 -0.013397
vt 0.289140 -0.013396
vt 0.292441 -0.015302
vt 0.289140 -0.009583
vt 0.292442 -0.007678
vt 0.295743 -0.009584
vt 0.361086 -0.008777
vt 0.361086 -0.060817
vt 0.351814 -0.059375
vt 0.617103 -0.070460
vt 0.607831 -0.069019
vt 0.617103 -0.018421
vt 0.696360 -0.053659
vt 0.686005 -0.078697
vt 0.686004 -0.061924
vt 0.696368 -0.086498
vt 0.718374 -0.056636
vt 0.718374 -0.082539
vt 0.451153 -0.127563
vt 0.451153 -0.120994
vt 0.450723 -0.127096
vt 0.954241 -0.570211
vt 0.947164 -0.570211
vt 0.954241 -0.393981
vt 0.947164 -0.393981
vt 0.212567 -0.013404
vt 0.209266 -0.007685
vt 0.212567 -0.009592
vt 0.205964 -0.009591
vt 0.205964 -0.013403
vt 0.209265 -0.015310
vt 0.557486 -0.111304
vt 0.546634 -0.081869
vt 0.546633 -0.101453
vt 0.557497 -0.072954
vt 0.580621 -0.108246
vt 0.580621 -0.078000
vt 0.746493 -0.764768
vt 0.698401 -0.746006
vt 0.744460 -0.770926
vt 0.698756 -0.746023
vt 0.702047 -0.739783
vt 0.701702 -0.739764
vt 0.648541 -0.670454
vt 0.644835 -0.667820
vt 0.644872 -0.667846
vt 0.649031 -0.666269
vt 0.652737 -0.668903
vt 0.649069 -0.666295
vt 0.653678 -0.667554
vt 0.746493 -0.583618
vt 0.649972 -0.664919
vt 0.856546 -0.655254
vt 0.852685 -0.521984
vt 0.852652 -0.530175
vt 0.856546 -0.524385
vt 0.820640 -0.202822
vt 0.820639 -0.202837
vt 0.820639 -0.207384
vt 0.820640 -0.207414
vt 0.861944 -0.116902
vt 0.861944 -0.121494
vt 0.861944 -0.121463
vt 0.861944 -0.116916
vt 0.985601 -0.570211
vt 0.981740 -0.436941
vt 0.985601 -0.439342
vt 0.981707 -0.445132
vt 0.644798 -0.667793
vt 0.653703 -0.667571
vt 0.247519 -0.124320
vt 0.249164 -0.128928
vt 0.247519 -0.128913
vt 0.249164 -0.124336
vt 0.711864 -0.843725
vt 0.721450 -0.530415
vt 0.542555 -0.072993
vt 0.366479 -0.068418
vt 0.542555 -0.068418
vt 0.233233 -0.049347
vt 0.218953 -0.096797
vt 0.218953 -0.056202
vt 0.233233 -0.103723
vt 0.237115 -0.086895
vt 0.237115 -0.066245
vt 0.894269 -0.135306
vt 0.885590 -0.193840
vt 0.885521 -0.174760
vt 0.894613 -0.229615
vt 0.904111 -0.127766
vt 0.904111 -0.235495
vt 0.686004 -0.092397
vt 0.855519 -0.096205
vt 0.686004 -0.096205
vt 0.855519 -0.092397
vt 0.855519 -0.088991
vt 0.686004 -0.088991
vt 0.734304 -0.843725
vt 0.872463 -0.074023
vt 0.880489 -0.061106
vt 0.880489 -0.074023
vt 0.872463 -0.061106
vt 0.880489 -0.052808
vt 0.872463 -0.052808
vt 0.880489 -0.033004
vt 0.872463 -0.033004
vt 0.880489 -0.025925
vt 0.872463 -0.025925
vt 0.864438 -0.025925
vt 0.864438 -0.033004
vt 0.864438 -0.052808
vt 0.864438 -0.061106
vt 0.864438 -0.074023
vt 0.817645 -0.995444
vt 0.811872 -0.848707
vt 0.795752 -0.989733
vt 0.817833 -0.848396
vt 0.828037 -0.998753
vt 0.828037 -0.848794
vt 0.284103 -0.056030
vt 0.270948 -0.029218
vt 0.284103 -0.017795
vt 0.270950 -0.044652
vt 0.559603 -0.539123
vt 0.518216 -0.566579
vt 0.544196 -0.535320
vt 0.524803 -0.580997
vt 0.511964 -0.616506
vt 0.515846 -0.633405
vt 0.515846 -0.654055
vt 0.527488 -0.623569
vt 0.541267 -0.585492
vt 0.538598 -0.570480
vt 0.551813 -0.554578
vt 0.567147 -0.554364
vt 0.597753 -0.522950
vt 0.611036 -0.557248
vt 0.641335 -0.514958
vt 0.642305 -0.551515
vt 0.583538 -0.573366
vt 0.563129 -0.597924
vt 0.552269 -0.627960
vt 0.497684 -0.663956
vt 0.497683 -0.623362
vt 0.511963 -0.670882
vt 0.527476 -0.664005
vt 0.530982 -0.707627
vt 0.552269 -0.659851
vt 0.563129 -0.689750
vt 0.559428 -0.741497
vt 0.583538 -0.714052
vt 0.611036 -0.729824
vt 0.597753 -0.763481
vt 0.642305 -0.735166
vt 0.641335 -0.770926
vt 0.248774 -0.138561
vt 0.248774 -0.143123
vt 0.248774 -0.138576
vt 0.248774 -0.143153
vt 0.096952 -0.111705
vt 0.096952 -0.116267
vt 0.096952 -0.116297
vt 0.096952 -0.111720
vt 0.964001 -0.382296
vt 0.969662 -0.239592
vt 0.964001 -0.239573
vt 0.969662 -0.382285
vt 0.822277 -0.021769
vt 0.814809 -0.009987
vt 0.814809 -0.022522
vt 0.822277 -0.009233
vt 0.363580 -0.114827
vt 0.369987 -0.102398
vt 0.363580 -0.101875
vt 0.369987 -0.115350
vt 0.845792 -0.022522
vt 0.839218 -0.011122
vt 0.839219 -0.022497
vt 0.845792 -0.011147
vt 0.177816 -0.071220
vt 0.156164 -0.103723
vt 0.177816 -0.099452
vt 0.156157 -0.067932
vt 0.145968 -0.095200
vt 0.145968 -0.076920
vt 0.216460 -0.103587
vt 0.191938 -0.072336
vt 0.216460 -0.076877
vt 0.190896 -0.103723
vt 0.181414 -0.077249
vt 0.180310 -0.094615
vt 0.956735 -0.570211
vt 0.963469 -0.570208
vt 0.963469 -0.393988
vt 0.956735 -0.393988
vt 0.758787 -0.018027
vt 0.752633 -0.029083
vt 0.758787 -0.029628
vt 0.752633 -0.017481
vt 0.986876 -0.605280
vt 0.976940 -0.582654
vt 0.986876 -0.573571
vt 0.976942 -0.595455
vt 0.236190 -0.013651
vt 0.248532 -0.046853
vt 0.237488 -0.046042
vt 0.248532 -0.014557
vt 0.543598 -0.792045
vt 0.445554 -0.802954
vt 0.445554 -0.793047
vt 0.543598 -0.803117
vt 0.468596 -0.015294
vt 0.483731 -0.047884
vt 0.470187 -0.047426
vt 0.483731 -0.015805
vt 0.948890 -0.973642
vt 0.945256 -0.799965
vt 0.948890 -0.798889
vt 0.945256 -0.974718
vt 0.941467 -0.799888
vt 0.941467 -0.974641
vt 0.023525 -0.433935
vt 0.001247 -0.478197
vt 0.008273 -0.438215
vt 0.014112 -0.487490
vt 0.088631 -0.382282
vt 0.131359 -0.392720
vt 0.101486 -0.403835
vt 0.124213 -0.356640
vt 0.083840 -0.365966
vt 0.073492 -0.379839
vt 0.057723 -0.393213
vt 0.042317 -0.401184
vt 0.057754 -0.408461
vt 0.037592 -0.443578
vt 0.024423 -0.451250
vt 0.020849 -0.471588
vt 0.030581 -0.483402
vt 0.026483 -0.526972
vt 0.055719 -0.483602
vt 0.061239 -0.514929
vt 0.048637 -0.565255
vt 0.077134 -0.542397
vt 0.077134 -0.424490
vt 0.061239 -0.452192
vt 0.038325 -0.385844
vt 0.069323 -0.359553
vt 0.101486 -0.562691
vt 0.082578 -0.593541
vt 0.131359 -0.573365
vt 0.124213 -0.608417
vt 0.858253 -0.850970
vt 0.852213 -0.857665
vt 0.852213 -0.850970
vt 0.858253 -0.857665
vt 0.861273 -0.850970
vt 0.861273 -0.857665
vt 0.849193 -0.857665
vt 0.849193 -0.850970
vt 0.973118 -0.875374
vt 0.962233 -0.974583
vt 0.973118 -0.974718
vt 0.960954 -0.875222
vt 0.203471 -0.209018
vt 0.302827 -0.202093
vt 0.302870 -0.218772
vt 0.203455 -0.190378
vt 0.302813 -0.185413
vt 0.302828 -0.170744
vt 0.203470 -0.173986
vt 0.302870 -0.159855
vt 0.203518 -0.161818
vt 0.978366 -0.974174
vt 0.975611 -0.799965
vt 0.978366 -0.799421
vt 0.975611 -0.974718
vt 0.980264 -0.798889
vt 0.980264 -0.973642
vt 0.816568 -0.183601
vt 0.686004 -0.183601
vt 0.818496 -0.197957
vt 0.687932 -0.180372
vt 0.819403 -0.190556
vt 0.818496 -0.180372
vt 0.816568 -0.169727
vt 0.686004 -0.169727
vt 0.136872 -0.358158
vt 0.133852 -0.364854
vt 0.133852 -0.358158
vt 0.136872 -0.364854
vt 0.142912 -0.358158
vt 0.142912 -0.364854
vt 0.145932 -0.358158
vt 0.145932 -0.364854
vt 0.540220 -0.775144
vt 0.922984 -0.577869
vt 0.933860 -0.585557
vt 0.933860 -0.577869
vt 0.922984 -0.585557
vt 0.933860 -0.607065
vt 0.922984 -0.607065
vt 0.933860 -0.616077
vt 0.922984 -0.616077
vt 0.933860 -0.630105
vt 0.922984 -0.630105
vt 0.912109 -0.630105
vt 0.912109 -0.616077
vt 0.912109 -0.607065
vt 0.912109 -0.585557
vt 0.912109 -0.577869
vt 0.938646 -0.818347
vt 0.929701 -0.808564
vt 0.938646 -0.798562
vt 0.974446 -0.611806
vt 0.961291 -0.584993
vt 0.961294 -0.600427
vt 0.974447 -0.573571
vt 0.217735 -0.365489
vt 0.203455 -0.412940
vt 0.217735 -0.419866
vt 0.203455 -0.372345
vt 0.272918 -0.303347
vt 0.289309 -0.322350
vt 0.316807 -0.306231
vt 0.303524 -0.271933
vt 0.265374 -0.288107
vt 0.257584 -0.303562
vt 0.244369 -0.319463
vt 0.230574 -0.329980
vt 0.247038 -0.334475
vt 0.233259 -0.372552
vt 0.221617 -0.382388
vt 0.221617 -0.403038
vt 0.233247 -0.412989
vt 0.236753 -0.456610
vt 0.258040 -0.408834
vt 0.268900 -0.438733
vt 0.265199 -0.490481
vt 0.289309 -0.463035
vt 0.316807 -0.478808
vt 0.303524 -0.512464
vt 0.268900 -0.346907
vt 0.258040 -0.376943
vt 0.223987 -0.315563
vt 0.249967 -0.284303
vt 0.927585 -0.282223
vt 0.892172 -0.243047
vt 0.892166 -0.274769
vt 0.927585 -0.237988
vt 0.836725 -0.085866
vt 0.822884 -0.083457
vt 0.821985 -0.086498
vt 0.832545 -0.082527
vt 0.823648 -0.075344
vt 0.832193 -0.075263
vt 0.823440 -0.039665
vt 0.831984 -0.039396
vt 0.824063 -0.033239
vt 0.832607 -0.032969
vt 0.821977 -0.025015
vt 0.836725 -0.025686
vt 0.821354 -0.031442
vt 0.836102 -0.032113
vt 0.268454 -0.157362
vt 0.252728 -0.121319
vt 0.253711 -0.156605
vt 0.268454 -0.120912
vt 0.252728 -0.086965
vt 0.268454 -0.086375
vt 0.252728 -0.061466
vt 0.268454 -0.060741
vt 0.366479 -0.089621
vt 0.542712 -0.095335
vt 0.366482 -0.095335
vt 0.542712 -0.089621
vt 0.944460 -0.022463
vt 0.936946 -0.011535
vt 0.936946 -0.025014
vt 0.944460 -0.008985
vt 0.655798 -0.064151
vt 0.647803 -0.056063
vt 0.655798 -0.055642
vt 0.647569 -0.064565
vt 0.683000 -0.243334
vt 0.681372 -0.239410
vt 0.681372 -0.245060
vt 0.683000 -0.237684
vt 0.887105 -0.798930
vt 0.890775 -0.974718
vt 0.890775 -0.799965
vt 0.887105 -0.973683
vt 0.884058 -0.798595
vt 0.069301 -0.018993
vt 0.069301 -0.007965
vt 0.063383 -0.018775
vt 0.063382 -0.007747
vt 0.961508 -0.239745
vt 0.961508 -0.382296
vt 0.953638 -0.239746
vt 0.953637 -0.382293
vt 0.554862 -0.022191
vt 0.546873 -0.021776
vt 0.554862 -0.013682
vt 0.546633 -0.013274
vt 0.951144 -0.239745
vt 0.943274 -0.239746
vt 0.951144 -0.382296
vt 0.943274 -0.382293
vt 0.965962 -0.570210
vt 0.971432 -0.570211
vt 0.965962 -0.393994
vt 0.971432 -0.393996
vt 0.572044 -0.022191
vt 0.572044 -0.013682
vt 0.564055 -0.021776
vt 0.563814 -0.013274
vt 0.959058 -0.795818
vt 0.965069 -0.795820
vt 0.965069 -0.619600
vt 0.976482 -0.058585
vt 0.979164 -0.235495
vt 0.979164 -0.060742
vt 0.976482 -0.233338
vt 0.973876 -0.059864
vt 0.973876 -0.234618
vt 0.800458 -0.530146
vt 0.800458 -0.519118
vt 0.794540 -0.529929
vt 0.794539 -0.518901
vt 0.875932 -0.856202
vt 0.875932 -0.998753
vt 0.868063 -0.856203
vt 0.868062 -0.998750
vt 0.959058 -0.619598
vt 0.990927 -0.693002
vt 0.997356 -0.666366
vt 0.997356 -0.694144
vt 0.990927 -0.665224
vt 0.994721 -0.667087
vt 0.988878 -0.665477
vt 0.735148 -0.032122
vt 0.739030 -0.069670
vt 0.739030 -0.049021
vt 0.735147 -0.086498
vt 0.720867 -0.079572
vt 0.720867 -0.038977
vt 0.918685 -0.092986
vt 0.904844 -0.090577
vt 0.914506 -0.089647
vt 0.903945 -0.093618
vt 0.905608 -0.082464
vt 0.914153 -0.082383
vt 0.905401 -0.046785
vt 0.913945 -0.046516
vt 0.906024 -0.040359
vt 0.914568 -0.040089
vt 0.903937 -0.032135
vt 0.918685 -0.032806
vt 0.903315 -0.038562
vt 0.918062 -0.039233
vt 0.714063 -0.514959
vt 0.714247 -0.514958
vt 0.725045 -0.515107
vt 0.754214 -0.517691
vt 0.780295 -0.517691
vt 0.780090 -0.517688
vt 0.754049 -0.517688
vt 0.728121 -0.517691
vt 0.727994 -0.517688
vt 0.724838 -0.515109
vt 0.724735 -0.521417
vt 0.713970 -0.521417
vt 0.714063 -0.527890
vt 0.724838 -0.527740
vt 0.714247 -0.527921
vt 0.725045 -0.527771
vt 0.727994 -0.525167
vt 0.728121 -0.525181
vt 0.754049 -0.525167
vt 0.754214 -0.525181
vt 0.780090 -0.525167
vt 0.780295 -0.525181
vt 0.727931 -0.521423
vt 0.753966 -0.521423
vt 0.779988 -0.521423
vt 0.191249 -0.247225
vt 0.187221 -0.236300
vt 0.191249 -0.235853
vt 0.039949 -0.082051
vt 0.039949 -0.070680
vt 0.035922 -0.071127
vt 0.639087 -0.789417
vt 0.639728 -0.786906
vt 0.639728 -0.800078
vt 0.543937 -0.009349
vt 0.538019 -0.020160
vt 0.538018 -0.009132
vt 0.543937 -0.020377
vt 0.951383 -0.974718
vt 0.958461 -0.974716
vt 0.958461 -0.798489
vt 0.951384 -0.798489
vt 0.039170 -0.023312
vt 0.031657 -0.012384
vt 0.039170 -0.009834
vt 0.031657 -0.025863
vt 0.848400 -0.654840
vt 0.840405 -0.646752
vt 0.840171 -0.655254
vt 0.848400 -0.646332
vt 0.683000 -0.223594
vt 0.681372 -0.219670
vt 0.683000 -0.217943
vt 0.681372 -0.225320
vt 0.188267 -0.254712
vt 0.192174 -0.428430
vt 0.188267 -0.429465
vt 0.192174 -0.253678
vt 0.195222 -0.428766
vt 0.195222 -0.254013
vt 0.198891 -0.429801
vt 0.198891 -0.255048
vt 0.967562 -0.620189
vt 0.970169 -0.793663
vt 0.967562 -0.794943
vt 0.970169 -0.618911
vt 0.972851 -0.795820
vt 0.972851 -0.621067
vt 0.907549 -0.823796
vt 0.911431 -0.861345
vt 0.911431 -0.840695
vt 0.907548 -0.878172
vt 0.893268 -0.871246
vt 0.893268 -0.830652
vt 0.818861 -0.085866
vt 0.805020 -0.083457
vt 0.804121 -0.086498
vt 0.814681 -0.082527
vt 0.805784 -0.075344
vt 0.814329 -0.075263
vt 0.805576 -0.039665
vt 0.814120 -0.039396
vt 0.806199 -0.033239
vt 0.814743 -0.032969
vt 0.804113 -0.025015
vt 0.818861 -0.025686
vt 0.803490 -0.031442
vt 0.818238 -0.032113
vt 0.486224 -0.035788
vt 0.491038 -0.041932
vt 0.500936 -0.014660
vt 0.500936 -0.047884
vt 0.674500 -0.067058
vt 0.649725 -0.089139
vt 0.674500 -0.111304
vt 0.647569 -0.100513
vt 0.648943 -0.108196
vt 0.570715 -0.186397
vt 0.570715 -0.226012
vt 0.578461 -0.185059
vt 0.578461 -0.227350
vt 0.729609 -0.029628
vt 0.729609 -0.013258
vt 0.720867 -0.028763
vt 0.720867 -0.012393
vt 0.077712 -0.018993
vt 0.077712 -0.007965
vt 0.071795 -0.018775
vt 0.071794 -0.007747
vt 0.048992 -0.017289
vt 0.048992 -0.006261
vt 0.043074 -0.017072
vt 0.043074 -0.006044
vt 0.958798 -0.594837
vt 0.936353 -0.577869
vt 0.958798 -0.577869
vt 0.936353 -0.594837
vt 0.936353 -0.611806
vt 0.958798 -0.611806
vt 0.956523 -0.235495
vt 0.963600 -0.059265
vt 0.963600 -0.235492
vt 0.956524 -0.059265
vt 0.827967 -0.838404
vt 0.820453 -0.827476
vt 0.820453 -0.840954
vt 0.827967 -0.824925
vt 0.461876 -0.127149
vt 0.453881 -0.119061
vt 0.461876 -0.118641
vt 0.453647 -0.127563
vt 0.548561 -0.142028
vt 0.677197 -0.127672
vt 0.546633 -0.127672
vt 0.679124 -0.142028
vt 0.680032 -0.143611
vt 0.679125 -0.124443
vt 0.677197 -0.113798
vt 0.546633 -0.113798
vt 0.859742 -0.354978
vt 0.838924 -0.325696
vt 0.859742 -0.330648
vt 0.838914 -0.356544
vt 0.828836 -0.332980
vt 0.828835 -0.348734
vt 0.315829 -0.178380
vt 0.444466 -0.164024
vt 0.313902 -0.164024
vt 0.446393 -0.178380
vt 0.447301 -0.179963
vt 0.446394 -0.160795
vt 0.444466 -0.150150
vt 0.313902 -0.150150
vt 0.658833 -0.521518
vt 0.685008 -0.521518
vt 0.685091 -0.525266
vt 0.658896 -0.525266
vt 0.655620 -0.521534
vt 0.655723 -0.527864
vt 0.655723 -0.515164
vt 0.658896 -0.517747
vt 0.685091 -0.517747
vt 0.711477 -0.517718
vt 0.711273 -0.517747
vt 0.711171 -0.521518
vt 0.711273 -0.525266
vt 0.685257 -0.525248
vt 0.659023 -0.525248
vt 0.655930 -0.527841
vt 0.645073 -0.527991
vt 0.644890 -0.528015
vt 0.644798 -0.521535
vt 0.644890 -0.515015
vt 0.655930 -0.515109
vt 0.645073 -0.514958
vt 0.711477 -0.525248
vt 0.659023 -0.517718
vt 0.685257 -0.517718
vt 0.034907 -0.866820
vt 0.106416 -0.928554
vt 0.150512 -0.869918
vt 0.076579 -0.824988
vt 0.025161 -0.850667
vt 0.083657 -0.801223
vt 0.012893 -0.842306
vt 0.090497 -0.807730
vt 0.083982 -0.822724
vt 0.148552 -0.861698
vt 0.168274 -0.869492
vt 0.114277 -0.926042
vt 0.199128 -0.998753
vt 0.200961 -0.928755
vt 0.172458 -0.857339
vt 0.164784 -0.854851
vt 0.091564 -0.793925
vt 0.141198 -0.852574
vt 0.072558 -0.694501
vt 0.006347 -0.720400
vt 0.001247 -0.749439
vt 0.006690 -0.795987
vt 0.082986 -0.782053
vt 0.179613 -0.842354
vt 0.196065 -0.829829
vt 0.090869 -0.784285
vt 0.144677 -0.775953
vt 0.087756 -0.757299
vt 0.082915 -0.715330
vt 0.189358 -0.791077
vt 0.130156 -0.749434
vt 0.079206 -0.664811
vt 0.158243 -0.722788
vt 0.157242 -0.610910
vt 0.173090 -0.653264
vt 0.200961 -0.613936
vt 0.738623 -0.874194
vt 0.765127 -0.876868
vt 0.764885 -0.886474
vt 0.737700 -0.878937
vt 0.715849 -0.847139
vt 0.708034 -0.859389
vt 0.700225 -0.890207
vt 0.730941 -0.910038
vt 0.760869 -0.915251
vt 0.780585 -0.887584
vt 0.777380 -0.919508
vt 0.793151 -0.888645
vt 0.777899 -0.920595
vt 0.759207 -0.918533
vt 0.729515 -0.915107
vt 0.699730 -0.894079
vt 0.700571 -0.931167
vt 0.722963 -0.970915
vt 0.740436 -0.990929
vt 0.766170 -0.998753
vt 0.790520 -0.917215
vt 0.790975 -0.918457
vt 0.781869 -0.878513
vt 0.793259 -0.877183
vt 0.793259 -0.983682
vt 0.429159 -0.038863
vt 0.431545 -0.038863
vt 0.368864 -0.036229
vt 0.433524 -0.037680
vt 0.366479 -0.036229
vt 0.429159 -0.033745
vt 0.431139 -0.037680
vt 0.433524 -0.034928
vt 0.431545 -0.033745
vt 0.431139 -0.034928
vt 0.011343 -0.146166
vt 0.038877 -0.184769
vt 0.011483 -0.184631
vt 0.001247 -0.130978
vt 0.001495 -0.198683
vt 0.049785 -0.198926
vt 0.038878 -0.146305
vt 0.049785 -0.131222
vt 0.095029 -0.336552
vt 0.105025 -0.327177
vt 0.109133 -0.315717
vt 0.097710 -0.348150
vt 0.063318 -0.350605
vt 0.091988 -0.354147
vt 0.100702 -0.352452
vt 0.033725 -0.338660
vt 0.063492 -0.353359
vt 0.031856 -0.340659
vt 0.064911 -0.347884
vt 0.066866 -0.338587
vt 0.088984 -0.326885
vt 0.022238 -0.253009
vt 0.044352 -0.241188
vt 0.039583 -0.230194
vt 0.030409 -0.259559
vt 0.025681 -0.281823
vt 0.066333 -0.328513
vt 0.045667 -0.320178
vt 0.041178 -0.328254
vt 0.031136 -0.303495
vt 0.023120 -0.307553
vt 0.016348 -0.280652
vt 0.006787 -0.281244
vt 0.013570 -0.249441
vt 0.033532 -0.223221
vt 0.014581 -0.312205
vt 0.035363 -0.336020
vt 0.109133 -0.228327
vt 0.093015 -0.215128
vt 0.087324 -0.229073
vt 0.107794 -0.237539
vt 0.064683 -0.230339
vt 0.064865 -0.216714
vt 0.062612 -0.207761
vt 0.061013 -0.203301
vt 0.029882 -0.219831
vt 0.008508 -0.247900
vt 0.001247 -0.281968
vt 0.009597 -0.315144
vt 0.094967 -0.205977
vt 0.095638 -0.201419
vt 0.093289 -0.208122
vt 0.060898 -0.209881
vt 0.031798 -0.225379
vt 0.011835 -0.251691
vt 0.005071 -0.283622
vt 0.012900 -0.314722
vt 0.892166 -0.320912
vt 0.899297 -0.288821
vt 0.892204 -0.289214
vt 0.899297 -0.322664
vt 0.304278 -0.042447
vt 0.311408 -0.010356
vt 0.311408 -0.044200
vt 0.304316 -0.010750
vt 0.679390 -0.110980
vt 0.680877 -0.109709
vt 0.683274 -0.111304
vt 0.676993 -0.109384
vt 0.683274 -0.083474
vt 0.680877 -0.081878
vt 0.721838 -0.843725
vt 0.726824 -0.843725
vt 0.729317 -0.843725
vt 0.731811 -0.843725
vt 0.736410 -0.530415
vt 0.573272 -0.494944
vt 0.505956 -0.400907
vt 0.514766 -0.486973
vt 0.566277 -0.512464
vt 0.579322 -0.400667
vt 0.494895 -0.387004
vt 0.572575 -0.395917
vt 0.579322 -0.284377
vt 0.522410 -0.325170
vt 0.508492 -0.482437
vt 0.482680 -0.391005
vt 0.500586 -0.407433
vt 0.485329 -0.398624
vt 0.492605 -0.486295
vt 0.491547 -0.495676
vt 0.501476 -0.467570
vt 0.500686 -0.423048
vt 0.505337 -0.466949
vt 0.497751 -0.418804
vt 0.480955 -0.493777
vt 0.466415 -0.394346
vt 0.991442 -0.240958
vt 0.995237 -0.242821
vt 0.989393 -0.241211
vt 0.997872 -0.242100
vt 0.991442 -0.268736
vt 0.997872 -0.269878
vt 0.818496 -0.148065
vt 0.819403 -0.158250
vt 0.819403 -0.167233
vt 0.687932 -0.165650
vt 0.818496 -0.165650
vt 0.816568 -0.151295
vt 0.686004 -0.151295
vt 0.060230 -0.101158
vt 0.093397 -0.118231
vt 0.052278 -0.133842
vt 0.093397 -0.085462
vt 0.056143 -0.089539
vt 0.123291 -0.222622
vt 0.166995 -0.224759
vt 0.130721 -0.230161
vt 0.116553 -0.232767
vt 0.165222 -0.233969
vt 0.112313 -0.257875
vt 0.160653 -0.259069
vt 0.111627 -0.292168
vt 0.160295 -0.293371
vt 0.114600 -0.327406
vt 0.172624 -0.327062
vt 0.120437 -0.354147
vt 0.183602 -0.351482
vt 0.180458 -0.246706
vt 0.176774 -0.266686
vt 0.176542 -0.293913
vt 0.179775 -0.321682
vt 0.184405 -0.323526
vt 0.182578 -0.313881
vt 0.180266 -0.294027
vt 0.180446 -0.274395
vt 0.184116 -0.257518
vt 0.184405 -0.237079
vt 0.182176 -0.233426
vt 0.111627 -0.106216
vt 0.245026 -0.127046
vt 0.245026 -0.136029
vt 0.113554 -0.134446
vt 0.244118 -0.134446
vt 0.242191 -0.120090
vt 0.111627 -0.120090
vt 0.133852 -0.426985
vt 0.166186 -0.399995
vt 0.163156 -0.437135
vt 0.137543 -0.380357
vt 0.173909 -0.386402
vt 0.146751 -0.367347
vt 0.161400 -0.377006
vt 0.185774 -0.397630
vt 0.137543 -0.491226
vt 0.166186 -0.488102
vt 0.147626 -0.557634
vt 0.174465 -0.540337
vt 0.161399 -0.608417
vt 0.185774 -0.579843
vt 0.100070 -0.826105
vt 0.136043 -0.852351
vt 0.098235 -0.829558
vt 0.513616 -0.924229
vt 0.554479 -0.952913
vt 0.517854 -0.953498
vt 0.552352 -0.927226
vt 0.491196 -0.983143
vt 0.495125 -0.989893
vt 0.485443 -0.934424
vt 0.517343 -0.861771
vt 0.546644 -0.857247
vt 0.527062 -0.844519
vt 0.550158 -0.840293
vt 0.513309 -0.805610
vt 0.520551 -0.815979
vt 0.554479 -0.817352
vt 0.493682 -0.824712
vt 0.485705 -0.879260
vt 0.465837 -0.827939
vt 0.468030 -0.998753
vt 0.463656 -0.986139
vt 0.458352 -0.934916
vt 0.459150 -0.877011
vt 0.445554 -0.927175
vt 0.448368 -0.830183
vt 0.450357 -0.969485
vt 0.319300 -0.404689
vt 0.346598 -0.512464
vt 0.346598 -0.402895
vt 0.319300 -0.512460
vt 0.839299 -0.311192
vt 0.832470 -0.268997
vt 0.827800 -0.322664
vt 0.843076 -0.285949
vt 0.788825 -0.302234
vt 0.785560 -0.228819
vt 0.785560 -0.309078
vt 0.788825 -0.235663
vt 0.806039 -0.224462
vt 0.806039 -0.313436
vt 0.827800 -0.215234
vt 0.839299 -0.226706
vt 0.843076 -0.251949
vt 0.882642 -0.125272
vt 0.864438 -0.078307
vt 0.864438 -0.123482
vt 0.882642 -0.076516
vt 0.899203 -0.084131
vt 0.899203 -0.117678
vt 0.289508 -0.093856
vt 0.302870 -0.149331
vt 0.302870 -0.102647
vt 0.280037 -0.103309
vt 0.289508 -0.157362
vt 0.280037 -0.147369
vt 0.278733 -0.103666
vt 0.272082 -0.112241
vt 0.271701 -0.114973
vt 0.270948 -0.117195
vt 0.270948 -0.125102
vt 0.270948 -0.132976
vt 0.271701 -0.135231
vt 0.278733 -0.146939
vt 0.272083 -0.137986
vt 0.299752 -0.056030
vt 0.286596 -0.029218
vt 0.299752 -0.017795
vt 0.286599 -0.044652
vt 0.561321 -0.061674
vt 0.548519 -0.070075
vt 0.557058 -0.070460
vt 0.547610 -0.063652
vt 0.556149 -0.064038
vt 0.548202 -0.040372
vt 0.556744 -0.040635
vt 0.548408 -0.038306
vt 0.556949 -0.038568
vt 0.546633 -0.024684
vt 0.561321 -0.025517
vt 0.832972 -0.990651
vt 0.841774 -0.997951
vt 0.832102 -0.998753
vt 0.841517 -0.990682
vt 0.833233 -0.954973
vt 0.841780 -0.954816
vt 0.833940 -0.948555
vt 0.842487 -0.948398
vt 0.831962 -0.940305
vt 0.846700 -0.941170
vt 0.831255 -0.946724
vt 0.845993 -0.947588
vt 0.830530 -0.911431
vt 0.846260 -0.911138
vt 0.830782 -0.877078
vt 0.846512 -0.876603
vt 0.830968 -0.851579
vt 0.846700 -0.850970
vt 0.923702 -0.638212
vt 0.915534 -0.653126
vt 0.912109 -0.638502
vt 0.923702 -0.653943
vt 0.349321 -0.115350
vt 0.313907 -0.076175
vt 0.313902 -0.107897
vt 0.349321 -0.071116
vt 0.412314 -0.490481
vt 0.450639 -0.512464
vt 0.463921 -0.478808
vt 0.436424 -0.463035
vt 0.416014 -0.438733
vt 0.383868 -0.456610
vt 0.405155 -0.408834
vt 0.380362 -0.412989
vt 0.364849 -0.419866
vt 0.368732 -0.403038
vt 0.364850 -0.365489
vt 0.350569 -0.412940
vt 0.350569 -0.372345
vt 0.420032 -0.303347
vt 0.436424 -0.322350
vt 0.463921 -0.306231
vt 0.450639 -0.271933
vt 0.412489 -0.288107
vt 0.404698 -0.303562
vt 0.391483 -0.319463
vt 0.377689 -0.329980
vt 0.394152 -0.334475
vt 0.380374 -0.372552
vt 0.368732 -0.382388
vt 0.416014 -0.346907
vt 0.405155 -0.376943
vt 0.371102 -0.315563
vt 0.397081 -0.284303
vt 0.093513 -0.137648
vt 0.096952 -0.141404
vt 0.093513 -0.142137
vt 0.096952 -0.136914
vt 0.940781 -0.382296
vt 0.925054 -0.346254
vt 0.926037 -0.381540
vt 0.940781 -0.345846
vt 0.925054 -0.311899
vt 0.855519 -0.085866
vt 0.841678 -0.083456
vt 0.840778 -0.086498
vt 0.851339 -0.082527
vt 0.842442 -0.075343
vt 0.850987 -0.075263
vt 0.842234 -0.039665
vt 0.850778 -0.039396
vt 0.842857 -0.033239
vt 0.851401 -0.032969
vt 0.840771 -0.025015
vt 0.855519 -0.025686
vt 0.840148 -0.031442
vt 0.854896 -0.032113
vt 0.535411 -0.047884
vt 0.520666 -0.018288
vt 0.520706 -0.047425
vt 0.535411 -0.017741
vt 0.563814 -0.024684
vt 0.574131 -0.038568
vt 0.578502 -0.025517
vt 0.565589 -0.038306
vt 0.573925 -0.040635
vt 0.565384 -0.040372
vt 0.573330 -0.064038
vt 0.564792 -0.063652
vt 0.574239 -0.070460
vt 0.565701 -0.070075
vt 0.578502 -0.061674
vt 0.420032 -0.554364
vt 0.463921 -0.557248
vt 0.436424 -0.573366
vt 0.380374 -0.623569
vt 0.416014 -0.597924
vt 0.405155 -0.627960
vt 0.394152 -0.585492
vt 0.377689 -0.580997
vt 0.391483 -0.570480
vt 0.412489 -0.539123
vt 0.404698 -0.554578
vt 0.450639 -0.522950
vt 0.494221 -0.514958
vt 0.495190 -0.551515
vt 0.371102 -0.566579
vt 0.397081 -0.535320
vt 0.364850 -0.616506
vt 0.368732 -0.633405
vt 0.368732 -0.654055
vt 0.364849 -0.670882
vt 0.380362 -0.664005
vt 0.383867 -0.707627
vt 0.405155 -0.659851
vt 0.416014 -0.689750
vt 0.412314 -0.741497
vt 0.436424 -0.714052
vt 0.463921 -0.729824
vt 0.450639 -0.763481
vt 0.495190 -0.735166
vt 0.494220 -0.770926
vt 0.350569 -0.663956
vt 0.350569 -0.623362
vt 0.067649 -0.082336
vt 0.052908 -0.082969
vt 0.053808 -0.079927
vt 0.063469 -0.078998
vt 0.054572 -0.071814
vt 0.063117 -0.071733
vt 0.054364 -0.036135
vt 0.062908 -0.035866
vt 0.054987 -0.029709
vt 0.063531 -0.029439
vt 0.052901 -0.021486
vt 0.067649 -0.022157
vt 0.052278 -0.027913
vt 0.067026 -0.028583
vt 0.387284 -0.911969
vt 0.391474 -0.816079
vt 0.378386 -0.814068
vt 0.355309 -0.788507
vt 0.358122 -0.807374
vt 0.353779 -0.793011
vt 0.340332 -0.775203
vt 0.342433 -0.773419
vt 0.352375 -0.789295
vt 0.338979 -0.805336
vt 0.341572 -0.790885
vt 0.329373 -0.820301
vt 0.353416 -0.826159
vt 0.311339 -0.842331
vt 0.336709 -0.779562
vt 0.340629 -0.841647
vt 0.351348 -0.873101
vt 0.322217 -0.850818
vt 0.320494 -0.872406
vt 0.889673 -0.237988
vt 0.889030 -0.284972
vt 0.864438 -0.297815
vt 0.301759 -0.851806
vt 0.299680 -0.872361
vt 0.263466 -0.791236
vt 0.256166 -0.901549
vt 0.274160 -0.782485
vt 0.280322 -0.966901
vt 0.287462 -0.961966
vt 0.287906 -0.945069
vt 0.281051 -0.939154
vt 0.318944 -0.940052
vt 0.267582 -0.933027
vt 0.320579 -0.934282
vt 0.323452 -0.903609
vt 0.311063 -0.945569
vt 0.310620 -0.962380
vt 0.393055 -0.804335
vt 0.376417 -0.793763
vt 0.413562 -0.802658
vt 0.287665 -0.787782
vt 0.268288 -0.787518
vt 0.232750 -0.784586
vt 0.214859 -0.789217
vt 0.203455 -0.906340
vt 0.226453 -0.937377
vt 0.251944 -0.942323
vt 0.251204 -0.970452
vt 0.436514 -0.828185
vt 0.429149 -0.815478
vt 0.289630 -0.988602
vt 0.318222 -0.967519
vt 0.300953 -0.987129
vt 0.315910 -0.987393
vt 0.330494 -0.989324
vt 0.354749 -0.972140
vt 0.340882 -0.992422
vt 0.380668 -0.979634
vt 0.389584 -0.988099
vt 0.381391 -0.952167
vt 0.390314 -0.960352
vt 0.407078 -0.951064
vt 0.418813 -0.961800
vt 0.432296 -0.924726
vt 0.443061 -0.937317
vt 0.441978 -0.852563
vt 0.344377 -0.995873
vt 0.431992 -0.848079
vt 0.430639 -0.950417
vt 0.405338 -0.972083
vt 0.379847 -0.967138
vt 0.379107 -0.995267
vt 0.340043 -0.998753
vt 0.327670 -0.807067
vt 0.371244 -0.940808
vt 0.355470 -0.944776
vt 0.888280 -0.322664
vt 0.889673 -0.318115
vt 0.884896 -0.303891
vt 0.840350 -0.512026
vt 0.825602 -0.512464
vt 0.826541 -0.509435
vt 0.836214 -0.508633
vt 0.827412 -0.501333
vt 0.835957 -0.501364
vt 0.840433 -0.458269
vt 0.840700 -0.421820
vt 0.824970 -0.422113
vt 0.825695 -0.457405
vt 0.841140 -0.451851
vt 0.826402 -0.450987
vt 0.836927 -0.459079
vt 0.828380 -0.459237
vt 0.836220 -0.465497
vt 0.827673 -0.465654
vt 0.825222 -0.387759
vt 0.840952 -0.387285
vt 0.825409 -0.362261
vt 0.841140 -0.361651
vt 0.884235 -0.044241
vt 0.897594 -0.034403
vt 0.882982 -0.037876
vt 0.898847 -0.040768
vt 0.883906 -0.032649
vt 0.899638 -0.032598
vt 0.888020 -0.035238
vt 0.896566 -0.035163
vt 0.886766 -0.028873
vt 0.895313 -0.028799
vt 0.888590 -0.060713
vt 0.899637 -0.074023
vt 0.884926 -0.073981
vt 0.444466 -0.117843
vt 0.313902 -0.117843
vt 0.315830 -0.128488
vt 0.446394 -0.128488
vt 0.447301 -0.138673
vt 0.447301 -0.147657
vt 0.315829 -0.146074
vt 0.446393 -0.146073
vt 0.444466 -0.131718
vt 0.313902 -0.131718
vt 0.899638 -0.026306
vt 0.890380 -0.011117
vt 0.890381 -0.025756
vt 0.899638 -0.011668
vt 0.825989 -0.142618
vt 0.861945 -0.182098
vt 0.861945 -0.138157
vt 0.823242 -0.176706
vt 0.800614 -0.027078
vt 0.793100 -0.016150
vt 0.793100 -0.029628
vt 0.800614 -0.013600
vt 0.856514 -0.022108
vt 0.848520 -0.014020
vt 0.856515 -0.013600
vt 0.848285 -0.022522
vt 0.520750 -0.775178
vt 0.524250 -0.775144
vt 0.520747 -0.775144
vt 0.524250 -0.775178
vt 0.861910 -0.103820
vt 0.526746 -0.775178
vt 0.530247 -0.775144
vt 0.526743 -0.775144
vt 0.530247 -0.775178
vt 0.338388 -0.271935
vt 0.086124 -0.007965
vt 0.080206 -0.018775
vt 0.080206 -0.007747
vt 0.086124 -0.018993
vt 0.880489 -0.020881
vt 0.872975 -0.009953
vt 0.880489 -0.007403
vt 0.872975 -0.023432
vt 0.666521 -0.064151
vt 0.658526 -0.056063
vt 0.658291 -0.064565
vt 0.666521 -0.055642
vt 0.776459 -0.032122
vt 0.780341 -0.069670
vt 0.780341 -0.049021
vt 0.776459 -0.086498
vt 0.762179 -0.079572
vt 0.762179 -0.038977
vt 0.085513 -0.082336
vt 0.071672 -0.079927
vt 0.070772 -0.082969
vt 0.081333 -0.078998
vt 0.072435 -0.071814
vt 0.080981 -0.071733
vt 0.072228 -0.036135
vt 0.080772 -0.035866
vt 0.072851 -0.029709
vt 0.081395 -0.029439
vt 0.070765 -0.021486
vt 0.085513 -0.022157
vt 0.070142 -0.027913
vt 0.084890 -0.028583
vt 0.008760 -0.023312
vt 0.001247 -0.012384
vt 0.001247 -0.025863
vt 0.008760 -0.009834
vt 0.934913 -0.641114
vt 0.926918 -0.633026
vt 0.934913 -0.632605
vt 0.926684 -0.641527
vt 0.419393 -0.185217
vt 0.442144 -0.204550
vt 0.432451 -0.192889
vt 0.447301 -0.218793
vt 0.404543 -0.182456
vt 0.447301 -0.233897
vt 0.389692 -0.184941
vt 0.442144 -0.248044
vt 0.376633 -0.192372
vt 0.432451 -0.259525
vt 0.366940 -0.203852
vt 0.419392 -0.266955
vt 0.404541 -0.269440
vt 0.361783 -0.217999
vt 0.361783 -0.233104
vt 0.389691 -0.266679
vt 0.366941 -0.247346
vt 0.376632 -0.259005
vt 0.649719 -0.852932
vt 0.644404 -0.849863
vt 0.649719 -0.846794
vt 0.644403 -0.843725
vt 0.639087 -0.846794
vt 0.639087 -0.852932
vt 0.644404 -0.856001
vt 0.909616 -0.577869
vt 0.900118 -0.679718
vt 0.909616 -0.685598
vt 0.899774 -0.585409
vt 0.891096 -0.643943
vt 0.891026 -0.624863
vt 0.681372 -0.247554
vt 0.681372 -0.263285
vt 0.060889 -0.010689
vt 0.052849 -0.018993
vt 0.052278 -0.010689
vt 0.060889 -0.018993
vt 0.233697 -0.046853
vt 0.218953 -0.017257
vt 0.218993 -0.046395
vt 0.233697 -0.016710
vt 0.039223 -0.047106
vt 0.035922 -0.052824
vt 0.035922 -0.049012
vt 0.039223 -0.054730
vt 0.052278 -0.136335
vt 0.089180 -0.177146
vt 0.089180 -0.142819
vt 0.081375 -0.198926
vt 0.063872 -0.188399
vt 0.054172 -0.156093
vt 0.031799 -0.048362
vt 0.020056 -0.028356
vt 0.033324 -0.028873
vt 0.018532 -0.047846
vt 0.033324 -0.082051
vt 0.020056 -0.081535
vt 0.862502 -0.384789
vt 0.874096 -0.436854
vt 0.864396 -0.404548
vt 0.891599 -0.447380
vt 0.899404 -0.425601
vt 0.899404 -0.391274
vt 0.990354 -0.388768
vt 0.995670 -0.385699
vt 0.995670 -0.391837
vt 0.990354 -0.394906
vt 0.995670 -0.397976
vt 0.029164 -0.022794
vt 0.029164 -0.016655
vt 0.023848 -0.019724
vt 0.023847 -0.013586
vt 0.018532 -0.016655
vt 0.018532 -0.022793
vt 0.023848 -0.025863
vt 0.728930 -0.530415
vt 0.704384 -0.843725
vt 0.718957 -0.530415
vt 0.733917 -0.530415
vt 0.724331 -0.843725
vt 0.641581 -0.802571
vt 0.641581 -0.841231
vt 0.047249 -0.077483
vt 0.048992 -0.101777
vt 0.048992 -0.128485
vt 0.043437 -0.077516
vt 0.042941 -0.019815
vt 0.046753 -0.019783
vt 0.856759 -0.359621
vt 0.859986 -0.359621
vt 0.856759 -0.363434
vt 0.859986 -0.363434
vt 0.042443 -0.101777
vt 0.048992 -0.128485
vt 0.045179 -0.128442
vt 0.535233 -0.775144
vt 0.535233 -0.775150
vt 0.940253 -0.987151
vt 0.960420 -0.992067
vt 0.960420 -0.985605
vt 0.940253 -0.992138
vt 0.940253 -0.997293
vt 0.960420 -0.998753
vt 0.814707 -0.209907
vt 0.819751 -0.209907
vt 0.814707 -0.212740
vt 0.819751 -0.212740
vt 0.825031 -0.212740
vt 0.825031 -0.209907
vt 0.456373 -0.775178
vt 0.452210 -0.773419
vt 0.456373 -0.773419
vt 0.453861 -0.775772
vt 0.452210 -0.775178
vt 0.496772 -0.773419
vt 0.500272 -0.775178
vt 0.496772 -0.775178
vt 0.500272 -0.773419
vt 0.484784 -0.773419
vt 0.488285 -0.773419
vt 0.484784 -0.775178
vt 0.488285 -0.775178
vt 0.482291 -0.775178
vt 0.480640 -0.775772
vt 0.482291 -0.773419
vt 0.478364 -0.775178
vt 0.478364 -0.773419
vt 0.155240 -0.013399
vt 0.155240 -0.065439
vt 0.145968 -0.063997
vt 0.248881 -0.103723
vt 0.239609 -0.102281
vt 0.248881 -0.051683
vt 0.424213 -0.055915
vt 0.448474 -0.050377
vt 0.448474 -0.056905
vt 0.424181 -0.052116
vt 0.366512 -0.056409
vt 0.366479 -0.052610
vt 0.981695 -0.273627
vt 0.982192 -0.331327
vt 0.868062 -0.853709
vt 0.871289 -0.853709
vt 0.986004 -0.331295
vt 0.987747 -0.355589
vt 0.981198 -0.355589
vt 0.871289 -0.849896
vt 0.985508 -0.273594
vt 0.987747 -0.382296
vt 0.983934 -0.382254
vt 0.868062 -0.849896
vt 0.645205 -0.793120
vt 0.703778 -0.800561
vt 0.704185 -0.794862
vt 0.800633 -0.821593
vt 0.800633 -0.773434
vt 0.795376 -0.773419
vt 0.795376 -0.821579
vt 0.793590 -0.798095
vt 0.793586 -0.792398
vt 0.644730 -0.798819
vt 0.451000 -0.065430
vt 0.508669 -0.061136
vt 0.450967 -0.061631
vt 0.508701 -0.064935
vt 0.532962 -0.059398
vt 0.532962 -0.065925
vt 0.120899 -0.065439
vt 0.120899 -0.013399
vt 0.111627 -0.063997
vt 0.262000 -0.006208
vt 0.252728 -0.056806
vt 0.262000 -0.058248
vt 0.268454 -0.037167
vt 0.265153 -0.042886
vt 0.265153 -0.039073
vt 0.268454 -0.044792
vt 0.822553 -0.801364
vt 0.817696 -0.821593
vt 0.817696 -0.801364
vt 0.822553 -0.821593
vt 0.807983 -0.821593
vt 0.807983 -0.801364
vt 0.803126 -0.821593
vt 0.803126 -0.801364
vt 0.448474 -0.038863
vt 0.448474 -0.004885
vt 0.438866 -0.011589
vt 0.438866 -0.032160
vt 0.683000 -0.158615
vt 0.683000 -0.146900
vt 0.683000 -0.215450
vt 0.683000 -0.203735
vt 0.369496 -0.031252
vt 0.366479 -0.006238
vt 0.366479 -0.031252
vt 0.369496 -0.006238
vt 0.375529 -0.031252
vt 0.375529 -0.006238
vt 0.378545 -0.031252
vt 0.378545 -0.006238
vt 0.543937 -0.047884
vt 0.543937 -0.022871
vt 0.537904 -0.022871
vt 0.537904 -0.047884
vt 0.039425 -0.068186
vt 0.038831 -0.068186
vt 0.039425 -0.057223
vt 0.036516 -0.068186
vt 0.035922 -0.057223
vt 0.039422 -0.057258
vt 0.035922 -0.057258
vt 0.035922 -0.068186
vt 0.861515 -0.058364
vt 0.861515 -0.058329
vt 0.858015 -0.058364
vt 0.858012 -0.058329
vt 0.858607 -0.069292
vt 0.860921 -0.069292
vt 0.861515 -0.069292
vt 0.858012 -0.069292
vt 0.639087 -0.802571
vt 0.639087 -0.841231
vt 0.203455 -0.155901
vt 0.223621 -0.150675
vt 0.223621 -0.157362
vt 0.203455 -0.150746
vt 0.203455 -0.145759
vt 0.223621 -0.144214
vt 0.014514 -0.048362
vt 0.016038 -0.028873
vt 0.002771 -0.028356
vt 0.001247 -0.047846
vt 0.016038 -0.082051
vt 0.002771 -0.081535
vt 0.505810 -0.117242
vt 0.542712 -0.158054
vt 0.542712 -0.123726
vt 0.534907 -0.179833
vt 0.517403 -0.169307
vt 0.507704 -0.137001
vt 0.862502 -0.449874
vt 0.874096 -0.501938
vt 0.864396 -0.469632
vt 0.891599 -0.512464
vt 0.899404 -0.490685
vt 0.899404 -0.456358
vt 0.191249 -0.225735
vt 0.187947 -0.231454
vt 0.187947 -0.227641
vt 0.191249 -0.233360
vt 0.361086 -0.115350
vt 0.361086 -0.063310
vt 0.351814 -0.113908
vt 0.143475 -0.013399
vt 0.134203 -0.063997
vt 0.143475 -0.065439
vt 0.990328 -0.983873
vt 0.995644 -0.986942
vt 0.995644 -0.980803
vt 0.990328 -0.990011
vt 0.995644 -0.993080
vt 0.366512 -0.047389
vt 0.424181 -0.043095
vt 0.366479 -0.043590
vt 0.424213 -0.046894
vt 0.448474 -0.041357
vt 0.448474 -0.047884
vt 0.716464 -0.530415
vt 0.701891 -0.843725
vt 0.709371 -0.843725
vt 0.731424 -0.530415
vt 0.713970 -0.530415
vt 0.683000 -0.172824
vt 0.683000 -0.161108
vt 0.991316 -0.434448
vt 0.981707 -0.407173
vt 0.991316 -0.400469
vt 0.981707 -0.427745
vt 0.248774 -0.157362
vt 0.248774 -0.145646
vt 0.972155 -0.355589
vt 0.978704 -0.382296
vt 0.974892 -0.382254
vt 0.978704 -0.355589
vt 0.976962 -0.331295
vt 0.976465 -0.273594
vt 0.972653 -0.273627
vt 0.852652 -0.519490
vt 0.855879 -0.515678
vt 0.855879 -0.519490
vt 0.852652 -0.515678
vt 0.973149 -0.331327
vt 0.203861 -0.240967
vt 0.262435 -0.248407
vt 0.262842 -0.242709
vt 0.203455 -0.246665
vt 0.352242 -0.240245
vt 0.352247 -0.245942
vt 0.354033 -0.221266
vt 0.354033 -0.269426
vt 0.359289 -0.269440
vt 0.359289 -0.221280
vt 0.963600 -0.004732
vt 0.963600 -0.056772
vt 0.954328 -0.055330
vt 0.578461 -0.281883
vt 0.569189 -0.280442
vt 0.578461 -0.229844
vt 0.893268 -0.974718
vt 0.913200 -0.929307
vt 0.913200 -0.974718
vt 0.893268 -0.929307
vt 0.913200 -0.880666
vt 0.893268 -0.880666
vt 0.878426 -0.991965
vt 0.937760 -0.997182
vt 0.937760 -0.993536
vt 0.878426 -0.998753
vt 0.683072 -0.032863
vt 0.683072 -0.007850
vt 0.680056 -0.007850
vt 0.683026 -0.079385
vt 0.676993 -0.054371
vt 0.676993 -0.079385
vt 0.683026 -0.054371
vt 0.692122 -0.032863
vt 0.689105 -0.007850
vt 0.689105 -0.032863
vt 0.692122 -0.007850
vt 0.680056 -0.032863
vt 0.657528 -0.843725
vt 0.652213 -0.846794
vt 0.652213 -0.852932
vt 0.657529 -0.856001
vt 0.675970 -0.852932
vt 0.670654 -0.849863
vt 0.675970 -0.846794
vt 0.670654 -0.843725
vt 0.665338 -0.846794
vt 0.665338 -0.852932
vt 0.670654 -0.856001
vt 0.861515 -0.038094
vt 0.858214 -0.043813
vt 0.858214 -0.040000
vt 0.861515 -0.045719
vt 0.466415 -0.117242
vt 0.503317 -0.158054
vt 0.503317 -0.123726
vt 0.495512 -0.179833
vt 0.478008 -0.169307
vt 0.468309 -0.137001
vt 0.929668 -0.046997
vt 0.944459 -0.081202
vt 0.931192 -0.080686
vt 0.803126 -0.518534
vt 0.814720 -0.570599
vt 0.805020 -0.538293
vt 0.832223 -0.581125
vt 0.840028 -0.559346
vt 0.840028 -0.525018
vt 0.982651 -0.073331
vt 0.981657 -0.097592
vt 0.984394 -0.124257
vt 0.988206 -0.124299
vt 0.988206 -0.097592
vt 0.932947 -0.388955
vt 0.936174 -0.388955
vt 0.936174 -0.385142
vt 0.932947 -0.385142
vt 0.532740 -0.775144
vt 0.532740 -0.775150
vt 0.681372 -0.284003
vt 0.681372 -0.322664
vt 0.319300 -0.272606
vt 0.319300 -0.275439
vt 0.324344 -0.272606
vt 0.324344 -0.275439
vt 0.329624 -0.275439
vt 0.329624 -0.272606
vt 0.506266 -0.773419
vt 0.502766 -0.773419
vt 0.506266 -0.775178
vt 0.502766 -0.775178
vt 0.445554 -0.775178
vt 0.447205 -0.775772
vt 0.445554 -0.773419
vt 0.449717 -0.775178
vt 0.449717 -0.773419
vt 0.508759 -0.773419
vt 0.508759 -0.775178
vt 0.512260 -0.773419
vt 0.512260 -0.775178
vt 0.475871 -0.775178
vt 0.475871 -0.773419
vt 0.474220 -0.775772
vt 0.471943 -0.775178
vt 0.471943 -0.773419
vt 0.226114 -0.145759
vt 0.246280 -0.150675
vt 0.246280 -0.144214
vt 0.226114 -0.150746
vt 0.226114 -0.155901
vt 0.246280 -0.157362
vt 0.424181 -0.061136
vt 0.366512 -0.065430
vt 0.366479 -0.061631
vt 0.991762 -0.608017
vt 0.991762 -0.660057
vt 0.982490 -0.658615
vt 0.212567 -0.069843
vt 0.203295 -0.068401
vt 0.212567 -0.017803
vt 0.990240 -0.277451
vt 0.995556 -0.274382
vt 0.995556 -0.280520
vt 0.990240 -0.283589
vt 0.995556 -0.286659
vt 0.694113 -0.050176
vt 0.718374 -0.044638
vt 0.718374 -0.051165
vt 0.694080 -0.046377
vt 0.636412 -0.050670
vt 0.636379 -0.046871
vt 0.672315 -0.056940
vt 0.669014 -0.062659
vt 0.669014 -0.058846
vt 0.672315 -0.064565
vt 0.873782 -0.849896
vt 0.877009 -0.849896
vt 0.873782 -0.853709
vt 0.877009 -0.853709
vt 0.982155 -0.126825
vt 0.982651 -0.184526
vt 0.981657 -0.208787
vt 0.988206 -0.208787
vt 0.988206 -0.235495
vt 0.984394 -0.235452
vt 0.986463 -0.184493
vt 0.985967 -0.126793
vt 0.451000 -0.056409
vt 0.508669 -0.052116
vt 0.450967 -0.052610
vt 0.508701 -0.055915
vt 0.532962 -0.050377
vt 0.532962 -0.056905
vt 0.856759 -0.371898
vt 0.859986 -0.371898
vt 0.194240 -0.138555
vt 0.194736 -0.196256
vt 0.198548 -0.196223
vt 0.200291 -0.220517
vt 0.193742 -0.220517
vt 0.859986 -0.368086
vt 0.198052 -0.138523
vt 0.200291 -0.247225
vt 0.196479 -0.247182
vt 0.856759 -0.368086
vt 0.795376 -0.532951
vt 0.793590 -0.557627
vt 0.795376 -0.581111
vt 0.793586 -0.551930
vt 0.644798 -0.558351
vt 0.800633 -0.581125
vt 0.800633 -0.532966
vt 0.842669 -0.184591
vt 0.837812 -0.204820
vt 0.837812 -0.184591
vt 0.842669 -0.204820
vt 0.828099 -0.204820
vt 0.828099 -0.184591
vt 0.823242 -0.204820
vt 0.823242 -0.184591
vt 0.346159 -0.068622
vt 0.346159 -0.016583
vt 0.336887 -0.067181
vt 0.167006 -0.013399
vt 0.157734 -0.063997
vt 0.167006 -0.065439
vt 0.861515 -0.048212
vt 0.858214 -0.053930
vt 0.858214 -0.050118
vt 0.861515 -0.055836
vt 0.189918 -0.035879
vt 0.180310 -0.029176
vt 0.180310 -0.008604
vt 0.683000 -0.187033
vt 0.683000 -0.175317
vt 0.189918 -0.001900
vt 0.902629 -0.336884
vt 0.922561 -0.288244
vt 0.902629 -0.288244
vt 0.922561 -0.336884
vt 0.902629 -0.382296
vt 0.922561 -0.382296
vt 0.639396 -0.007850
vt 0.645428 -0.032863
vt 0.645428 -0.007850
vt 0.648445 -0.032863
vt 0.648445 -0.007850
vt 0.435930 -0.031252
vt 0.429897 -0.006238
vt 0.435930 -0.006238
vt 0.429897 -0.031252
vt 0.264951 -0.047285
vt 0.264951 -0.058248
vt 0.265546 -0.058248
vt 0.268454 -0.058248
vt 0.268454 -0.047285
vt 0.267860 -0.058248
vt 0.264954 -0.047319
vt 0.268454 -0.047319
vt 0.878426 -0.982683
vt 0.937760 -0.987900
vt 0.878426 -0.989471
vt 0.937760 -0.984254
vt 0.653955 -0.032863
vt 0.650938 -0.007850
vt 0.653955 -0.007850
vt 0.650938 -0.032863
vt 0.659987 -0.032863
vt 0.659987 -0.007850
vt 0.663004 -0.032863
vt 0.663004 -0.007850
vt 0.347852 -0.298162
vt 0.341819 -0.273148
vt 0.347852 -0.273148
vt 0.341819 -0.298162
vt 0.338727 -0.277932
vt 0.333871 -0.298162
vt 0.333871 -0.277932
vt 0.338727 -0.298162
vt 0.324157 -0.298162
vt 0.324157 -0.277932
vt 0.319300 -0.298162
vt 0.319300 -0.277932
vt 0.858012 -0.071786
vt 0.858012 -0.082749
vt 0.858607 -0.082749
vt 0.861512 -0.071820
vt 0.858012 -0.071820
vt 0.861515 -0.071786
vt 0.860921 -0.082749
vt 0.861515 -0.082749
vt 0.463030 -0.775178
vt 0.458867 -0.773419
vt 0.463030 -0.773419
vt 0.460518 -0.775772
vt 0.458867 -0.775178
vt 0.514753 -0.773419
vt 0.518253 -0.775178
vt 0.514753 -0.775178
vt 0.518253 -0.773419
vt 0.827524 -0.209907
vt 0.832568 -0.209907
vt 0.827524 -0.212740
vt 0.832568 -0.212740
vt 0.837848 -0.212740
vt 0.837848 -0.209907
vt 0.490778 -0.773419
vt 0.494279 -0.773419
vt 0.490778 -0.775178
vt 0.494279 -0.775178
vt 0.469450 -0.775178
vt 0.467799 -0.775772
vt 0.469450 -0.773419
vt 0.465523 -0.775178
vt 0.465523 -0.773419
vt 0.854265 -0.368829
vt 0.848950 -0.365760
vt 0.854265 -0.362691
vt 0.848949 -0.359621
vt 0.843633 -0.362690
vt 0.843633 -0.368829
vt 0.848950 -0.371898
vt 0.861515 -0.096205
vt 0.860921 -0.096205
vt 0.858607 -0.096205
vt 0.858012 -0.085276
vt 0.858012 -0.096205
vt 0.689095 -0.852932
vt 0.689095 -0.846794
vt 0.683779 -0.849863
vt 0.683779 -0.843725
vt 0.678463 -0.846794
vt 0.678463 -0.852932
vt 0.683779 -0.856001
vt 0.723944 -0.530415
vt 0.639087 -0.784265
vt 0.542713 -0.775144
vt 0.726437 -0.530415
vt 0.706878 -0.843725
vt 0.096952 -0.198926
vt 0.094004 -0.182489
vt 0.096952 -0.185330
vt 0.092575 -0.189398
vt 0.542555 -0.084713
vt 0.366479 -0.082553
vt 0.542555 -0.082553
vt 0.366479 -0.084713
vt 0.366479 -0.087128
vt 0.542555 -0.087128
vt 0.373197 -0.110941
vt 0.542712 -0.107535
vt 0.373197 -0.107535
vt 0.542712 -0.110941
vt 0.542712 -0.114749
vt 0.373197 -0.114749
vt 0.934716 -0.564265
vt 0.931894 -0.418412
vt 0.934716 -0.419048
vt 0.602706 -0.002518
vt 0.593098 -0.029793
vt 0.602706 -0.036496
vt 0.593098 -0.009222
vt 0.998753 -0.974718
vt 0.644798 -0.840954
vt 0.817960 -0.824086
vt 0.644798 -0.824086
vt 0.817960 -0.840954
vt 0.556052 -0.148264
vt 0.545205 -0.171740
vt 0.545205 -0.155620
vt 0.556063 -0.179833
vt 0.579175 -0.152389
vt 0.579175 -0.177286
vt 0.537727 -0.775144
vt 0.537727 -0.775150
vt 0.593968 -0.111304
vt 0.583115 -0.081869
vt 0.583115 -0.101453
vt 0.593979 -0.072954
vt 0.617103 -0.108246
vt 0.617103 -0.078000
vt 0.384055 -0.031252
vt 0.381038 -0.006238
vt 0.381038 -0.031252
vt 0.384055 -0.006238
vt 0.390088 -0.031252
vt 0.390088 -0.006238
vt 0.393104 -0.031252
vt 0.393104 -0.006238
vt 0.995178 -0.870361
vt 0.995178 -0.845347
vt 0.989145 -0.845347
vt 0.989145 -0.870361
vt 0.281304 -0.058523
vt 0.270949 -0.083561
vt 0.270948 -0.066788
vt 0.281311 -0.091362
vt 0.303318 -0.061500
vt 0.303318 -0.087404
vt 0.950456 -0.045843
vt 0.950456 -0.045809
vt 0.946956 -0.045843
vt 0.946953 -0.045809
vt 0.947547 -0.056772
vt 0.949862 -0.056772
vt 0.950456 -0.056772
vt 0.946953 -0.056772
vt 0.710309 -0.010671
vt 0.717749 -0.010085
vt 0.713809 -0.011007
vt 0.714250 -0.009749
vt 0.714249 -0.037528
vt 0.717749 -0.037864
vt 0.716397 -0.042145
vt 0.712897 -0.041808
vt 0.772444 -0.016166
vt 0.780217 -0.016841
vt 0.780217 -0.011679
vt 0.776915 -0.018747
vt 0.772444 -0.025141
vt 0.776915 -0.022560
vt 0.780217 -0.029628
vt 0.780217 -0.024466
vt 0.518173 -0.047884
vt 0.503429 -0.018288
vt 0.503469 -0.047425
vt 0.518173 -0.017741
vt 0.909767 -0.799113
vt 0.893303 -0.817281
vt 0.909767 -0.818347
vt 0.893268 -0.798595
vt 0.927207 -0.817462
vt 0.912263 -0.799321
vt 0.912260 -0.818347
vt 0.927207 -0.798395
vt 0.683000 -0.233464
vt 0.681372 -0.229540
vt 0.683000 -0.227814
vt 0.681372 -0.235190
vt 0.357686 -0.209827
vt 0.345039 -0.195035
vt 0.345040 -0.218772
vt 0.357686 -0.186124
vt 0.169499 -0.065201
vt 0.175207 -0.006433
vt 0.169499 -0.006195
vt 0.175207 -0.065439
vt 0.123392 -0.065201
vt 0.129100 -0.006433
vt 0.129100 -0.065439
vt 0.123392 -0.006195
vt 0.812085 -0.509155
vt 0.806312 -0.362418
vt 0.790192 -0.503444
vt 0.812273 -0.362107
vt 0.822477 -0.512464
vt 0.822477 -0.362505
vt 0.970226 -0.872729
vt 0.970226 -0.820689
vt 0.960954 -0.871287
vt 0.628868 -0.008396
vt 0.619596 -0.058994
vt 0.628868 -0.060436
vt 0.681372 -0.265779
vt 0.681372 -0.281510
vt 0.642222 -0.784346
vt 0.642222 -0.800078
vt 0.093397 -0.082316
vt 0.089874 -0.072007
vt 0.090611 -0.082969
vt 0.092677 -0.071605
vt 0.089166 -0.055195
vt 0.092025 -0.055189
vt 0.089315 -0.040216
vt 0.092169 -0.040225
vt 0.093060 -0.030456
vt 0.090222 -0.030571
vt 0.090552 -0.023182
vt 0.093397 -0.022985
vt 0.089195 -0.014923
vt 0.092052 -0.014624
vt 0.644943 -0.111304
vt 0.639056 -0.097175
vt 0.645076 -0.098533
vt 0.632270 -0.108321
vt 0.634649 -0.093142
vt 0.622992 -0.099830
vt 0.633036 -0.087514
vt 0.619596 -0.088106
vt 0.634649 -0.081759
vt 0.622992 -0.076116
vt 0.639056 -0.077381
vt 0.632270 -0.066901
vt 0.645076 -0.075553
vt 0.644943 -0.062929
vt 0.974323 -0.020397
vt 0.966334 -0.019982
vt 0.974323 -0.011888
vt 0.966094 -0.011480
vt 0.881773 -0.521258
vt 0.885860 -0.532877
vt 0.919028 -0.517181
vt 0.919028 -0.549950
vt 0.877908 -0.565561
vt 0.640715 -0.780046
vt 0.639087 -0.776122
vt 0.639088 -0.781772
vt 0.640715 -0.774395
vt 0.883027 -0.127766
vt 0.873530 -0.229615
vt 0.883027 -0.235495
vt 0.873185 -0.135306
vt 0.864507 -0.193840
vt 0.864438 -0.174760
vt 0.323838 -0.034658
vt 0.313902 -0.012033
vt 0.313904 -0.024833
vt 0.323838 -0.002949
vt 0.552371 -0.775286
vt 0.546091 -0.801196
vt 0.549975 -0.773691
vt 0.548487 -0.802792
vt 0.549975 -0.801521
vt 0.552371 -0.803117
vt 0.884863 -0.620032
vt 0.888533 -0.795820
vt 0.888533 -0.621067
vt 0.884863 -0.794785
vt 0.881816 -0.619697
vt 0.881816 -0.794450
vt 0.877908 -0.620732
vt 0.877908 -0.795484
vt 0.581816 -0.146104
vt 0.581816 -0.163544
vt 0.680032 -0.163229
vt 0.581816 -0.182099
vt 0.680032 -0.179688
vt 0.581817 -0.199540
vt 0.968700 -0.058585
vt 0.971382 -0.235495
vt 0.971382 -0.060742
vt 0.968700 -0.233338
vt 0.966094 -0.059864
vt 0.966094 -0.234618
vt 0.969696 -0.818196
vt 0.969696 -0.801826
vt 0.960954 -0.817330
vt 0.960954 -0.800960
vt 0.975344 -0.795820
vt 0.979997 -0.619991
vt 0.979997 -0.794744
vt 0.975344 -0.621067
vt 0.978099 -0.795276
vt 0.978099 -0.620523
vt 0.943360 -0.795820
vt 0.939571 -0.620990
vt 0.939571 -0.795742
vt 0.943360 -0.621067
vt 0.946994 -0.794744
vt 0.946994 -0.619990
vt 0.335688 -0.300906
vt 0.322302 -0.400042
vt 0.319300 -0.300655
vt 0.336967 -0.400266
vt 0.347852 -0.301058
vt 0.347852 -0.400402
vt 0.991194 -0.872854
vt 0.994989 -0.874717
vt 0.989145 -0.873107
vt 0.997624 -0.873996
vt 0.991194 -0.900632
vt 0.997624 -0.901775
vt 0.677563 -0.032863
vt 0.674546 -0.032863
vt 0.674546 -0.007850
vt 0.909348 -0.029642
vt 0.903315 -0.004629
vt 0.909348 -0.004629
vt 0.903315 -0.029642
vt 0.665497 -0.032863
vt 0.677563 -0.007850
vt 0.991419 -0.604138
vt 0.997848 -0.577502
vt 0.997848 -0.605280
vt 0.991418 -0.576360
vt 0.995213 -0.578223
vt 0.989369 -0.576613
vt 0.966094 -0.022890
vt 0.978435 -0.056092
vt 0.978435 -0.023796
vt 0.967391 -0.055281
vt 0.543598 -0.778481
vt 0.445554 -0.789390
vt 0.543598 -0.789552
vt 0.445554 -0.779482
vt 0.450967 -0.015294
vt 0.466103 -0.047884
vt 0.466103 -0.015805
vt 0.452559 -0.047426
vt 0.217735 -0.616506
vt 0.203455 -0.663956
vt 0.217734 -0.670882
vt 0.203455 -0.623362
vt 0.303524 -0.763481
vt 0.347106 -0.770926
vt 0.348076 -0.735166
vt 0.316807 -0.729824
vt 0.265199 -0.741497
vt 0.289309 -0.714052
vt 0.268900 -0.689750
vt 0.236753 -0.707627
vt 0.258040 -0.659851
vt 0.233247 -0.664005
vt 0.221617 -0.654055
vt 0.221617 -0.633405
vt 0.233259 -0.623569
vt 0.230574 -0.580997
vt 0.258040 -0.627960
vt 0.268900 -0.597924
vt 0.247038 -0.585492
vt 0.244369 -0.570480
vt 0.265374 -0.539123
vt 0.223987 -0.566579
vt 0.249967 -0.535320
vt 0.257584 -0.554578
vt 0.272918 -0.554364
vt 0.303524 -0.522950
vt 0.347106 -0.514958
vt 0.316807 -0.557248
vt 0.348076 -0.551515
vt 0.289309 -0.573366
vt 0.901897 -0.467053
vt 0.921829 -0.418412
vt 0.901897 -0.418412
vt 0.921829 -0.467053
vt 0.901897 -0.512464
vt 0.921829 -0.512464
vt 0.980063 -0.985291
vt 0.984533 -0.987872
vt 0.987835 -0.985966
vt 0.980063 -0.994266
vt 0.984533 -0.991685
vt 0.987835 -0.998753
vt 0.987835 -0.993591
vt 0.987835 -0.980803
vt 0.636379 -0.035356
vt 0.695714 -0.040573
vt 0.636379 -0.042145
vt 0.695714 -0.036928
vt 0.188267 -0.433329
vt 0.192174 -0.607047
vt 0.188267 -0.608081
vt 0.192174 -0.432294
vt 0.195222 -0.607382
vt 0.195222 -0.432629
vt 0.198891 -0.608417
vt 0.198891 -0.433664
vt 0.973925 -0.394580
vt 0.976532 -0.568054
vt 0.973925 -0.569334
vt 0.976532 -0.393302
vt 0.979214 -0.570211
vt 0.979214 -0.395458
vt 0.196352 -0.031261
vt 0.198500 -0.035879
vt 0.199852 -0.031598
vt 0.194999 -0.035542
vt 0.199852 -0.003819
vt 0.196352 -0.003483
vt 0.192411 -0.004404
vt 0.195911 -0.004741
vt 0.622767 -0.784354
vt 0.636594 -0.808746
vt 0.631792 -0.795353
vt 0.610608 -0.777075
vt 0.622767 -0.846869
vt 0.582954 -0.776636
vt 0.610611 -0.853760
vt 0.570796 -0.783529
vt 0.561774 -0.794239
vt 0.596785 -0.856001
vt 0.556972 -0.807480
vt 0.561774 -0.835044
vt 0.177422 -0.148481
vt 0.191249 -0.172873
vt 0.186447 -0.159480
vt 0.191249 -0.187044
vt 0.165263 -0.141202
vt 0.151436 -0.138523
vt 0.186446 -0.200285
vt 0.177422 -0.210997
vt 0.137609 -0.140764
vt 0.165266 -0.217888
vt 0.125450 -0.147656
vt 0.116429 -0.158367
vt 0.151439 -0.220129
vt 0.137612 -0.217449
vt 0.111627 -0.171607
vt 0.111627 -0.185778
vt 0.125454 -0.210170
vt 0.116429 -0.199171
vt 0.607685 -0.998753
vt 0.556972 -0.947002
vt 0.573343 -0.981558
vt 0.646267 -0.998078
vt 0.558429 -0.908441
vt 0.577386 -0.876274
vt 0.609398 -0.858495
vt 0.646523 -0.859248
vt 0.678813 -0.878329
vt 0.697236 -0.910999
vt 0.697236 -0.948132
vt 0.678813 -0.979777
vt 0.443061 -0.851749
vt 0.323452 -0.903609
vt 0.850657 -0.826241
vt 0.846992 -0.844700
vt 0.838413 -0.839607
vt 0.856845 -0.845903
vt 0.866266 -0.843008
vt 0.873628 -0.836517
vt 0.877657 -0.827551
vt 0.877657 -0.817662
vt 0.873627 -0.808557
vt 0.866265 -0.801813
vt 0.856844 -0.798595
vt 0.846991 -0.799459
vt 0.838413 -0.804257
vt 0.832590 -0.812158
vt 0.830530 -0.821797
vt 0.832590 -0.831506
s 1
usemtl Material.001
f 1/1/1 2/2/2 3/3/3
f 4/4/4 5/5/5 6/6/6
f 7/7/7 8/8/8 9/9/8
f 10/10/9 11/11/10 12/12/11
f 13/13/12 14/14/13 15/15/14
f 16/16/15 17/17/15 18/18/15
f 19/19/16 20/20/16 21/21/17
f 22/22/18 23/22/19 24/23/20
f 25/24/21 26/25/22 27/26/23
f 28/27/24 29/28/25 30/28/26
f 31/29/27 32/30/28 33/30/29
f 34/31/30 35/32/31 36/33/32
f 37/34/33 38/35/34 39/36/35
f 40/37/36 41/38/37 42/39/38
f 43/40/39 44/41/39 45/42/40
f 46/43/41 47/44/42 48/45/43
f 49/46/44 50/47/45 51/48/46
f 52/49/47 53/50/48 54/51/49
f 55/52/50 56/53/51 57/54/52
f 58/55/53 59/56/54 60/57/55
f 61/58/56 62/59/57 63/60/56
f 64/61/7 65/62/7 66/63/7
f 67/64/58 68/65/58 69/66/58
f 70/67/15 71/68/15 72/69/15
f 73/70/15 74/71/15 75/72/15
f 76/73/59 77/74/60 78/75/15
f 79/76/61 80/77/62 81/78/63
f 82/79/64 83/80/65 84/81/66
f 85/82/67 86/83/68 87/84/69
f 88/85/70 89/86/70 90/87/70
f 91/88/71 92/89/72 93/90/73
f 94/91/74 95/92/74 96/92/74
f 97/93/75 98/94/76 99/95/76
f 100/96/77 101/97/78 102/98/79
f 103/99/80 104/100/81 105/101/82
f 106/102/83 107/103/84 108/104/85
f 109/105/86 110/106/8 111/107/58
f 112/108/87 113/109/88 114/110/89
f 115/111/90 116/112/90 117/113/91
f 118/114/92 119/115/93 120/116/94
f 121/93/70 122/94/70 123/117/70
f 90/87/70 89/86/70 124/118/70
f 124/118/70 89/86/70 125/119/70
f 73/70/15 126/120/15 74/71/15
f 127/121/95 128/67/95 129/68/95
f 130/69/95 131/122/95 129/68/95
f 67/64/58 69/66/58 132/123/8
f 133/63/58 134/124/58 135/62/58
f 136/124/96 65/62/96 137/125/96
f 138/126/97 139/127/98 140/128/99
f 141/126/100 142/129/100 143/128/100
f 144/130/101 145/131/101 146/132/101
f 140/128/99 147/130/102 148/131/103
f 140/128/99 148/131/103 149/129/104
f 150/130/105 151/133/106 152/132/107
f 153/134/108 152/132/107 151/133/106
f 154/133/109 155/134/110 156/127/111
f 139/127/98 147/130/102 140/128/99
f 156/127/111 157/130/112 154/133/109
f 158/135/113 159/134/113 160/136/113
f 153/134/108 161/136/114 152/132/107
f 162/137/115 163/138/115 164/139/115
f 165/137/116 166/140/117 167/139/117
f 166/140/117 168/141/118 167/139/117
f 169/140/119 170/141/120 171/135/121
f 171/135/121 170/141/120 172/136/120
f 173/142/122 174/137/123 169/140/119
f 173/142/122 175/143/123 174/137/123
f 171/135/121 173/142/122 169/140/119
f 176/144/124 177/145/125 178/146/126
f 176/144/124 178/146/126 179/147/127
f 180/148/128 176/144/124 179/147/127
f 180/148/128 179/147/127 41/38/37
f 40/37/36 180/148/128 41/38/37
f 181/149/129 177/145/125 176/144/124
f 182/37/130 183/148/131 184/150/130
f 185/150/132 186/151/133 180/148/128
f 187/152/134 180/148/128 186/151/133
f 187/152/134 176/144/124 180/148/128
f 181/149/129 176/144/124 187/152/134
f 188/153/135 189/154/136 190/155/137
f 188/153/135 191/156/135 189/154/136
f 188/153/135 192/157/138 193/158/135
f 188/153/135 193/158/135 194/159/135
f 188/153/135 195/160/138 192/157/138
f 188/153/135 196/161/139 195/160/138
f 188/153/135 197/162/139 196/161/139
f 188/153/135 198/163/140 191/156/135
f 188/153/135 199/164/141 198/163/140
f 188/153/135 200/165/142 199/164/141
f 188/153/135 201/166/142 200/165/142
f 188/153/135 194/159/135 201/166/142
f 202/167/143 203/168/144 204/169/145
f 202/167/143 204/169/145 205/170/146
f 206/170/147 207/171/147 208/169/147
f 209/170/148 210/171/149 211/172/150
f 211/172/150 210/171/149 212/173/151
f 211/172/150 212/173/151 213/174/152
f 214/167/153 215/31/153 216/170/153
f 217/175/154 218/176/155 219/177/154
f 34/31/30 220/170/156 35/32/31
f 221/178/157 222/172/158 223/170/159
f 224/179/160 222/172/158 221/178/157
f 221/178/157 223/170/159 225/32/161
f 224/179/160 226/174/162 222/172/158
f 227/180/95 228/181/95 229/182/95
f 230/180/15 231/183/163 232/182/15
f 233/184/58 234/185/58 235/186/58
f 236/184/96 237/187/96 238/186/96
f 239/188/164 240/189/164 241/190/164
f 242/191/165 243/192/166 244/193/165
f 245/194/167 246/195/167 247/196/167
f 248/194/168 249/197/168 250/196/168
f 251/198/76 252/199/76 253/200/76
f 254/201/76 255/202/76 256/203/76
f 257/204/76 258/205/76 259/206/76
f 260/207/169 261/208/170 262/209/171
f 263/210/172 261/208/170 260/207/169
f 261/208/170 263/210/172 264/211/173
f 261/208/170 264/211/173 265/212/174
f 266/213/175 265/212/174 264/211/173
f 266/213/175 264/211/173 267/214/176
f 263/210/172 260/207/169 268/215/177
f 269/216/178 270/217/179 271/218/180
f 269/216/178 271/218/180 272/219/181
f 273/220/182 272/219/181 271/218/180
f 273/220/182 271/218/180 274/221/183
f 274/221/183 275/222/184 273/220/182
f 275/222/184 276/223/185 273/220/182
f 274/221/183 277/224/186 275/222/184
f 278/225/187 279/226/188 280/227/189
f 278/225/187 281/228/190 279/226/188
f 278/225/187 282/229/191 281/228/190
f 278/225/187 283/230/192 282/229/191
f 284/231/193 285/232/194 286/233/195
f 284/231/193 287/234/196 285/232/194
f 284/231/193 288/235/197 287/234/196
f 284/231/193 289/236/198 288/235/197
f 290/237/199 291/238/200 292/239/201
f 293/240/202 291/238/200 290/237/199
f 294/240/203 295/237/204 291/238/200
f 295/237/204 292/239/201 291/238/200
f 292/239/201 295/237/204 296/241/205
f 292/239/201 296/241/205 290/237/199
f 290/237/199 296/241/205 297/242/206
f 295/237/204 298/242/207 296/241/205
f 299/243/208 300/244/209 301/245/210
f 299/243/208 302/246/211 300/244/209
f 303/247/212 301/245/210 300/244/209
f 303/247/212 304/248/213 301/245/210
f 305/247/214 301/245/210 306/248/215
f 305/247/214 307/244/216 301/245/210
f 299/243/208 301/245/210 307/244/216
f 299/243/208 307/244/216 308/246/206
f 309/249/70 310/250/70 311/251/70
f 312/252/70 313/253/70 314/254/70
f 315/255/217 316/256/218 317/257/219
f 318/258/220 319/259/221 320/260/222
f 321/261/223 322/262/224 323/263/225
f 321/261/223 323/263/225 324/264/226
f 325/265/227 321/261/223 324/264/226
f 326/266/228 321/261/223 325/265/227
f 321/261/223 326/266/228 327/267/229
f 327/267/229 326/266/228 328/268/230
f 327/267/229 328/268/230 329/269/231
f 330/270/232 327/267/229 329/269/231
f 331/271/233 330/270/232 329/269/231
f 327/267/229 330/270/232 322/262/224
f 322/262/224 321/261/223 327/267/229
f 332/272/234 333/273/235 334/274/76
f 332/272/234 335/275/236 333/273/235
f 335/275/236 332/272/234 336/276/237
f 335/275/236 336/276/237 337/277/238
f 338/278/239 339/279/240 340/280/241
f 339/279/240 341/281/242 340/280/241
f 342/1/243 343/282/244 344/3/245
f 343/282/244 345/283/246 344/3/245
f 346/282/247 347/284/248 345/283/246
f 343/282/244 346/282/247 345/283/246
f 343/282/244 348/1/249 346/282/247
f 343/282/244 342/1/243 348/1/249
f 348/1/249 342/1/243 349/2/250
f 342/1/243 344/3/245 349/2/250
f 350/285/251 349/2/250 344/3/245
f 350/285/251 344/3/245 345/283/246
f 350/285/251 345/283/246 351/285/252
f 351/285/252 352/286/253 350/285/251
f 351/285/252 353/287/254 352/286/253
f 353/287/254 354/288/255 352/286/253
f 346/282/247 348/1/249 347/284/248
f 348/1/249 349/2/250 347/284/248
f 355/289/256 347/284/248 349/2/250
f 355/289/256 356/289/257 347/284/248
f 355/289/256 357/290/258 356/289/257
f 350/285/251 355/289/256 349/2/250
f 358/291/259 359/292/260 360/293/261
f 361/294/262 362/295/263 363/296/264
f 361/294/262 363/296/264 364/297/265
f 365/298/266 366/299/267 367/300/268
f 365/298/266 368/301/269 366/299/267
f 369/302/270 370/303/271 371/304/272
f 369/302/270 372/305/273 370/303/271
f 373/306/274 374/307/275 375/308/276
f 373/306/274 375/308/276 376/309/277
f 377/291/278 378/293/279 379/292/280
f 355/289/256 377/291/278 379/292/280
f 355/289/256 379/292/280 354/288/255
f 355/289/256 354/288/255 357/290/258
f 353/287/254 357/290/258 354/288/255
f 356/289/257 357/290/258 353/287/254
f 356/289/257 353/287/254 351/285/252
f 351/285/252 347/284/248 356/289/257
f 351/285/252 345/283/246 347/284/248
f 380/289/281 381/285/282 382/285/283
f 381/285/282 383/286/253 382/285/283
f 381/285/282 384/310/284 383/286/253
f 381/285/282 352/286/253 384/310/284
f 381/285/282 350/285/251 352/286/253
f 380/289/281 350/285/251 381/285/282
f 380/289/281 355/289/256 350/285/251
f 380/289/281 377/291/278 355/289/256
f 380/289/281 385/311/285 377/291/278
f 382/285/283 3/3/3 2/2/2
f 382/285/283 2/2/2 386/289/286
f 380/289/281 382/285/283 386/289/286
f 380/289/281 386/289/286 358/291/259
f 380/289/281 358/291/259 385/311/285
f 387/312/287 388/313/287 389/314/287
f 390/312/288 391/313/288 392/315/288
f 393/289/289 394/287/290 395/290/291
f 394/287/290 396/288/292 395/290/291
f 394/287/290 383/286/253 396/288/292
f 397/285/293 383/286/253 394/287/290
f 397/285/293 382/285/283 383/286/253
f 382/285/283 397/285/293 398/283/294
f 382/285/283 398/283/294 3/3/3
f 399/282/295 3/3/3 398/283/294
f 1/1/1 3/3/3 399/282/295
f 399/282/295 400/1/296 1/1/1
f 400/1/296 2/2/2 1/1/1
f 400/1/296 401/284/297 2/2/2
f 386/289/286 2/2/2 401/284/297
f 386/289/286 401/284/297 393/289/289
f 386/289/286 393/289/289 395/290/291
f 386/289/286 395/290/291 396/288/292
f 386/289/286 396/288/292 359/292/260
f 386/289/286 359/292/260 358/291/259
f 393/289/289 397/285/293 394/287/290
f 397/285/293 393/289/289 401/284/297
f 397/285/293 401/284/297 398/283/294
f 402/282/298 398/283/294 401/284/297
f 399/282/295 398/283/294 402/282/298
f 399/282/295 402/282/298 400/1/296
f 402/282/298 401/284/297 400/1/296
f 403/316/299 404/316/300 405/316/301
f 406/317/302 407/317/303 408/317/304
f 409/318/305 410/319/306 411/320/307
f 409/318/305 412/321/308 410/319/306
f 413/322/309 412/321/308 409/318/305
f 413/322/309 414/323/309 412/321/308
f 413/322/309 415/321/310 414/323/309
f 413/322/309 416/318/311 415/321/310
f 416/318/311 417/319/312 415/321/310
f 416/318/311 418/320/313 417/319/312
f 419/324/314 420/325/315 421/326/234
f 419/324/314 422/327/314 420/325/315
f 419/324/314 423/328/316 422/327/314
f 419/324/314 424/329/317 423/328/316
f 425/330/318 426/331/319 427/332/320
f 425/330/318 428/333/321 426/331/319
f 425/330/318 429/334/322 428/333/321
f 425/330/318 430/335/323 429/334/322
f 431/336/317 432/337/324 433/338/325
f 431/336/317 433/338/325 434/339/326
f 434/339/326 435/340/327 431/336/317
f 434/339/326 436/341/328 435/340/327
f 437/342/307 438/343/329 439/344/330
f 437/342/307 440/345/331 438/343/329
f 441/346/313 442/347/332 443/348/333
f 441/346/313 444/349/334 442/347/332
f 445/350/335 446/351/336 447/352/337
f 446/351/336 445/350/335 448/353/313
f 449/354/338 450/355/339 451/356/340
f 451/356/340 450/355/339 452/357/341
f 451/356/340 452/357/341 453/358/342
f 454/356/343 453/358/342 452/357/341
f 454/356/343 452/357/341 455/355/344
f 456/354/345 454/356/343 455/355/344
f 456/354/345 455/355/344 457/359/346
f 458/360/347 456/354/345 457/359/346
f 458/360/347 457/359/346 459/361/348
f 458/360/347 459/361/348 460/359/349
f 461/360/350 460/359/349 459/361/348
f 461/360/350 462/354/351 460/359/349
f 462/354/351 450/355/339 460/359/349
f 462/354/351 463/356/352 450/355/339
f 463/356/352 452/357/341 450/355/339
f 463/356/352 464/358/353 452/357/341
f 465/356/354 452/357/341 464/358/353
f 465/356/354 455/355/344 452/357/341
f 458/360/347 460/359/349 449/354/338
f 449/354/338 460/359/349 450/355/339
f 466/354/355 455/355/344 465/356/354
f 466/354/355 457/359/346 455/355/344
f 461/360/350 457/359/346 466/354/355
f 461/360/350 459/361/348 457/359/346
f 467/362/356 468/363/357 469/364/358
f 467/362/356 470/365/359 468/363/357
f 471/366/360 470/365/359 467/362/356
f 471/366/360 472/367/361 470/365/359
f 473/368/362 472/367/361 471/366/360
f 473/368/362 474/369/347 472/367/361
f 473/368/362 475/367/338 474/369/347
f 473/368/362 476/366/363 475/367/338
f 476/366/363 477/365/364 475/367/338
f 476/366/363 478/362/365 477/365/364
f 479/370/366 480/371/367 481/372/368
f 479/370/366 482/373/369 480/371/367
f 483/374/370 482/373/369 479/370/366
f 483/374/370 484/375/350 482/373/369
f 483/374/370 485/373/371 484/375/350
f 483/374/370 486/370/372 485/373/371
f 486/370/372 487/371/373 485/373/371
f 486/370/372 488/372/374 487/371/373
f 488/372/374 489/376/375 487/371/373
f 488/372/374 490/377/376 489/376/375
f 491/378/8 492/379/58 493/380/58
f 491/378/8 494/381/8 492/379/58
f 495/382/377 496/383/378 497/384/379
f 498/385/380 496/383/378 495/382/377
f 496/383/378 498/385/380 499/386/381
f 496/383/378 499/386/381 500/387/382
f 501/388/383 500/387/382 499/386/381
f 501/388/383 499/386/381 502/389/384
f 498/385/380 495/382/377 503/390/385
f 504/391/386 505/392/387 506/393/388
f 504/391/386 506/393/388 507/394/389
f 508/395/390 507/394/389 506/393/388
f 508/395/390 506/393/388 509/396/391
f 509/396/391 510/397/392 508/395/390
f 510/397/392 511/398/393 508/395/390
f 509/396/391 512/399/394 510/397/392
f 4/4/4 513/400/395 514/401/396
f 4/4/4 515/402/397 513/400/395
f 4/4/4 6/6/6 515/402/397
f 516/403/398 517/404/399 518/405/400
f 516/403/398 519/406/401 517/404/399
f 516/403/398 520/407/402 519/406/401
f 516/403/398 521/408/403 520/407/402
f 522/409/404 523/410/405 524/411/406
f 525/412/407 523/410/405 522/409/404
f 526/412/408 527/409/409 523/410/405
f 527/409/409 524/411/406 523/410/405
f 524/411/406 527/409/409 528/413/410
f 524/411/406 528/413/410 522/409/404
f 522/409/404 528/413/410 529/414/411
f 527/409/409 530/414/412 528/413/410
f 531/415/413 532/416/414 533/417/415
f 531/415/413 534/418/416 532/416/414
f 535/419/417 532/416/414 534/418/416
f 535/419/417 534/418/416 536/420/411
f 537/421/418 538/422/418 539/423/419
f 535/419/417 540/420/412 541/418/420
f 535/419/417 541/418/420 532/416/414
f 542/415/421 532/416/414 541/418/420
f 542/415/421 543/417/422 532/416/414
f 544/424/423 545/425/424 546/426/425
f 544/424/423 547/427/426 545/425/424
f 547/427/426 544/424/423 548/428/427
f 547/427/426 548/428/427 549/429/428
f 550/430/429 551/431/430 552/432/398
f 553/430/400 552/432/398 551/431/430
f 553/430/400 551/431/430 554/433/431
f 555/434/432 553/430/400 554/433/431
f 555/434/432 554/433/431 556/435/433
f 557/436/434 555/434/432 556/435/433
f 557/436/434 556/435/433 558/437/435
f 557/436/434 558/437/435 559/435/436
f 557/436/434 559/435/436 560/434/437
f 560/434/437 559/435/436 561/433/438
f 560/434/437 561/433/438 550/430/429
f 550/430/429 561/433/438 551/431/430
f 562/438/439 563/439/440 564/440/441
f 562/438/439 565/441/442 563/439/440
f 566/442/443 565/441/442 562/438/439
f 566/442/443 567/443/444 565/441/442
f 566/442/443 568/441/9 567/443/444
f 566/442/443 569/438/445 568/441/9
f 569/438/445 570/439/446 568/441/9
f 569/438/445 571/440/447 570/439/446
f 571/440/447 572/444/448 570/439/446
f 571/440/447 573/445/449 572/444/448
f 574/446/15 575/447/15 576/448/450
f 574/446/15 577/449/15 575/447/15
f 578/450/451 579/451/452 580/452/453
f 581/453/454 579/451/452 578/450/451
f 579/451/452 581/453/454 582/454/455
f 579/451/452 582/454/455 583/455/456
f 584/456/457 583/455/456 582/454/455
f 584/456/457 582/454/455 585/457/458
f 581/453/454 578/450/451 586/458/459
f 587/459/460 588/460/461 589/461/462
f 587/459/460 589/461/462 590/462/463
f 591/463/464 590/462/463 589/461/462
f 591/463/464 589/461/462 592/464/465
f 592/464/465 593/465/466 591/463/464
f 593/465/466 594/466/467 591/463/464
f 592/464/465 595/467/468 593/465/466
f 596/468/469 597/469/470 598/470/471
f 596/468/469 599/471/472 597/469/470
f 600/472/473 598/470/471 597/469/470
f 600/472/473 601/473/474 598/470/471
f 602/472/475 598/470/471 603/473/476
f 602/472/475 604/469/477 598/470/471
f 596/468/469 598/470/471 604/469/477
f 596/468/469 604/469/477 605/471/478
f 606/474/479 607/475/479 608/476/479
f 609/477/480 610/478/481 611/479/482
f 611/479/482 610/478/481 612/480/483
f 613/481/484 614/482/485 611/479/482
f 611/479/482 614/482/485 609/477/480
f 615/479/486 609/477/480 614/482/485
f 609/477/480 615/479/486 610/478/481
f 615/479/486 616/480/487 610/478/481
f 617/481/488 615/479/486 614/482/485
f 618/483/58 619/484/58 620/485/58
f 621/486/489 622/487/490 623/488/491
f 621/486/489 623/488/491 624/489/492
f 624/489/492 625/490/493 621/486/489
f 624/489/492 626/491/15 625/490/493
f 627/492/494 628/493/495 629/494/496
f 627/492/494 630/495/497 628/493/495
f 630/495/497 627/492/494 631/496/498
f 630/495/497 631/496/498 632/497/95
f 633/498/499 634/499/500 635/500/501
f 636/498/502 635/500/501 634/499/500
f 636/498/502 637/501/503 635/500/501
f 638/502/6 637/501/503 636/498/502
f 638/502/6 639/503/439 637/501/503
f 640/504/504 639/503/439 638/502/6
f 640/504/504 641/505/505 639/503/439
f 640/504/504 642/503/506 641/505/505
f 640/504/504 643/502/507 642/503/506
f 643/502/507 644/501/508 642/503/506
f 643/502/507 633/498/499 644/501/508
f 633/498/499 635/500/501 644/501/508
f 645/506/58 646/507/96 647/508/96
f 648/509/509 649/510/510 650/511/511
f 651/512/512 652/513/513 653/514/514
f 654/515/515 655/516/516 656/517/517
f 654/515/515 656/517/517 657/518/518
f 658/519/519 654/515/515 657/518/518
f 659/520/520 654/515/515 658/519/519
f 654/515/515 659/520/520 660/521/521
f 660/521/521 659/520/520 661/522/522
f 660/521/521 661/522/522 662/523/509
f 663/524/523 660/521/521 662/523/509
f 664/525/524 663/524/523 662/523/509
f 660/521/521 663/524/523 655/516/516
f 655/516/516 654/515/515 660/521/521
f 665/526/525 666/527/526 667/528/527
f 666/527/526 665/526/525 668/529/528
f 668/529/528 669/530/529 666/527/526
f 668/529/528 670/531/530 669/530/529
f 671/532/531 670/531/530 668/529/528
f 672/533/532 671/532/531 668/529/528
f 668/529/528 665/526/525 672/533/532
f 665/526/525 673/534/533 672/533/532
f 665/526/525 674/535/534 673/534/533
f 667/528/527 674/535/534 665/526/525
f 675/536/535 674/535/534 667/528/527
f 676/537/534 677/538/536 678/539/537
f 679/540/538 680/541/539 681/542/540
f 682/543/541 683/544/542 684/545/543
f 683/544/542 685/546/544 684/545/543
f 686/547/545 687/548/546 688/549/547
f 687/548/546 689/550/548 688/549/547
f 690/548/549 691/551/550 689/550/548
f 687/548/546 690/548/549 689/550/548
f 687/548/546 692/547/551 690/548/549
f 687/548/546 686/547/545 692/547/551
f 692/547/551 686/547/545 693/552/552
f 686/547/545 688/549/547 693/552/552
f 694/553/553 693/552/552 688/549/547
f 694/553/553 688/549/547 689/550/548
f 694/553/553 689/550/548 695/553/554
f 695/553/554 696/554/555 694/553/553
f 695/553/554 697/555/556 696/554/555
f 697/555/556 698/556/557 696/554/555
f 690/548/549 692/547/551 691/551/550
f 692/547/551 693/552/552 691/551/550
f 699/557/558 691/551/550 693/552/552
f 699/557/558 700/557/559 691/551/550
f 699/557/558 701/558/560 700/557/559
f 694/553/553 699/557/558 693/552/552
f 702/559/561 703/560/562 704/561/563
f 705/562/564 706/563/565 707/564/566
f 705/562/564 707/564/566 708/565/567
f 709/566/568 710/567/569 711/568/570
f 709/566/568 712/569/571 710/567/569
f 713/570/572 714/571/573 715/572/574
f 713/570/572 716/573/575 714/571/573
f 717/574/576 718/575/577 719/576/578
f 717/574/576 719/576/578 720/577/579
f 721/559/580 722/561/581 723/560/582
f 699/557/558 721/559/580 723/560/582
f 699/557/558 723/560/582 698/556/557
f 699/557/558 698/556/557 701/558/560
f 697/555/556 701/558/560 698/556/557
f 700/557/559 701/558/560 697/555/556
f 700/557/559 697/555/556 695/553/554
f 695/553/554 691/551/550 700/557/559
f 695/553/554 689/550/548 691/551/550
f 724/557/583 725/553/584 726/553/585
f 725/553/584 727/554/586 726/553/585
f 725/553/584 728/578/587 727/554/586
f 725/553/584 696/554/555 728/578/587
f 725/553/584 694/553/553 696/554/555
f 724/557/583 694/553/553 725/553/584
f 724/557/583 699/557/558 694/553/553
f 724/557/583 721/559/580 699/557/558
f 724/557/583 729/579/588 721/559/580
f 730/547/589 731/552/590 732/549/591
f 726/553/585 732/549/591 731/552/590
f 726/553/585 731/552/590 733/557/592
f 724/557/583 726/553/585 733/557/592
f 724/557/583 733/557/592 702/559/561
f 724/557/583 702/559/561 729/579/588
f 734/580/8 735/581/8 736/582/8
f 737/580/7 738/581/7 739/583/7
f 740/557/593 741/555/594 742/558/595
f 741/555/594 743/556/596 742/558/595
f 741/555/594 727/554/586 743/556/596
f 744/553/597 727/554/586 741/555/594
f 744/553/597 726/553/585 727/554/586
f 726/553/585 744/553/597 745/550/598
f 726/553/585 745/550/598 732/549/591
f 746/548/599 732/549/591 745/550/598
f 730/547/589 732/549/591 746/548/599
f 746/548/599 747/547/600 730/547/589
f 747/547/600 731/552/590 730/547/589
f 747/547/600 748/551/601 731/552/590
f 733/557/592 731/552/590 748/551/601
f 733/557/592 748/551/601 740/557/593
f 733/557/592 740/557/593 742/558/595
f 733/557/592 742/558/595 743/556/596
f 733/557/592 743/556/596 703/560/562
f 733/557/592 703/560/562 702/559/561
f 740/557/593 744/553/597 741/555/594
f 744/553/597 740/557/593 748/551/601
f 744/553/597 748/551/601 745/550/598
f 749/548/602 745/550/598 748/551/601
f 746/548/599 745/550/598 749/548/602
f 746/548/599 749/548/602 747/547/600
f 749/548/602 748/551/601 747/547/600
f 750/584/603 751/584/604 752/584/605
f 753/585/606 754/585/607 755/585/608
f 756/586/444 757/587/609 10/10/9
f 10/10/9 757/587/609 11/11/10
f 12/12/11 11/11/10 758/588/610
f 12/12/11 758/588/610 759/589/611
f 760/12/612 759/589/611 758/588/610
f 760/12/612 758/588/610 761/11/613
f 762/10/614 760/12/612 761/11/613
f 762/10/614 761/11/613 763/587/615
f 756/586/444 762/10/614 763/587/615
f 756/586/444 763/587/615 764/590/616
f 756/586/444 764/590/616 757/587/609
f 765/586/617 757/587/609 764/590/616
f 765/586/617 766/10/618 757/587/609
f 766/10/618 11/11/10 757/587/609
f 766/10/618 767/12/619 11/11/10
f 767/12/619 758/588/610 11/11/10
f 767/12/619 768/589/620 758/588/610
f 769/12/621 758/588/610 768/589/620
f 769/12/621 761/11/613 758/588/610
f 770/10/622 761/11/613 769/12/621
f 770/10/622 763/587/615 761/11/613
f 765/586/617 763/587/615 770/10/622
f 765/586/617 764/590/616 763/587/615
f 771/591/623 772/592/95 773/593/95
f 771/591/623 774/594/624 772/592/95
f 775/595/625 776/596/15 777/597/626
f 775/595/625 778/598/15 776/596/15
f 779/599/623 780/600/627 781/601/628
f 781/601/628 782/602/629 779/599/623
f 783/603/630 784/604/631 785/605/632
f 783/603/630 785/605/632 786/606/633
f 787/607/634 783/603/630 786/606/633
f 787/607/634 786/606/633 788/608/635
f 789/603/636 790/604/637 791/605/638
f 790/604/637 792/609/639 791/605/638
f 790/604/637 793/610/640 792/609/639
f 794/604/641 792/609/639 793/610/640
f 794/604/641 785/605/632 792/609/639
f 795/603/642 785/605/632 794/604/641
f 795/603/642 786/606/633 785/605/632
f 796/607/643 786/606/633 795/603/642
f 796/607/643 788/608/635 786/606/633
f 796/607/643 797/606/644 788/608/635
f 787/607/634 788/608/635 797/606/644
f 787/607/634 797/606/644 798/603/645
f 798/603/645 797/606/644 791/605/638
f 798/603/645 791/605/638 799/604/646
f 799/604/646 791/605/638 792/609/639
f 799/604/646 792/609/639 800/610/647
f 784/604/631 800/610/647 792/609/639
f 784/604/631 792/609/639 785/605/632
f 796/607/643 789/603/636 797/606/644
f 789/603/636 791/605/638 797/606/644
f 801/611/648 802/612/649 803/613/430
f 801/611/648 804/614/650 802/612/649
f 805/615/651 804/614/650 801/611/648
f 805/615/651 806/616/652 804/614/650
f 807/617/653 806/616/652 805/615/651
f 807/617/653 808/618/617 806/616/652
f 807/617/653 809/616/654 808/618/617
f 807/617/653 810/615/655 809/616/654
f 810/615/655 811/614/656 809/616/654
f 810/615/655 812/611/657 811/614/656
f 813/619/658 814/620/659 815/621/660
f 813/619/658 816/622/661 814/620/659
f 813/619/658 817/623/662 816/622/661
f 813/619/658 818/624/663 817/623/662
f 819/625/664 820/626/665 821/627/666
f 819/625/664 822/628/667 820/626/665
f 823/629/668 822/628/667 819/625/664
f 823/629/668 824/630/669 822/628/667
f 825/631/670 826/632/671 827/633/672
f 828/631/673 827/633/672 826/632/671
f 828/631/673 829/634/674 827/633/672
f 830/635/675 829/634/674 828/631/673
f 830/635/675 831/636/676 829/634/674
f 832/637/677 831/636/676 830/635/675
f 832/637/677 833/638/678 831/636/676
f 832/637/677 834/636/679 833/638/678
f 832/637/677 835/635/680 834/636/679
f 835/635/680 836/634/681 834/636/679
f 835/635/680 825/631/670 836/634/681
f 825/631/670 827/633/672 836/634/681
f 837/639/450 838/640/450 839/641/450
f 840/642/682 841/643/683 842/644/684
f 840/642/682 843/645/685 841/643/683
f 840/642/682 844/646/686 843/645/685
f 840/642/682 845/647/687 844/646/686
f 846/648/688 847/649/689 848/650/690
f 846/648/688 849/651/691 847/649/689
f 850/652/692 849/651/691 846/648/688
f 850/652/692 851/653/693 849/651/691
f 850/652/692 852/654/694 851/653/693
f 850/652/692 853/655/695 852/654/694
f 853/655/695 854/656/696 852/654/694
f 855/657/697 856/658/698 857/659/699
f 858/657/700 857/659/699 856/658/698
f 858/657/700 856/658/698 859/660/701
f 860/661/702 858/657/700 859/660/701
f 860/661/702 859/660/701 861/662/703
f 862/663/704 860/661/702 861/662/703
f 862/663/704 861/662/703 863/664/705
f 862/663/704 863/664/705 864/662/706
f 862/663/704 864/662/706 865/661/707
f 865/661/707 864/662/706 866/660/708
f 865/661/707 866/660/708 855/657/697
f 855/657/697 866/660/708 856/658/698
f 14/14/13 13/13/12 867/665/709
f 868/666/710 869/667/711 870/668/712
f 868/666/710 871/669/713 869/667/711
f 872/670/714 873/671/715 874/672/716
f 872/670/714 875/673/717 873/671/715
f 876/674/718 877/675/719 878/676/720
f 876/674/718 879/677/721 877/675/719
f 880/678/722 881/679/723 882/680/724
f 883/681/725 881/679/723 880/678/722
f 884/682/726 885/683/727 886/684/728
f 887/685/729 885/683/727 884/682/726
f 888/686/730 889/687/728 890/688/731
f 891/689/732 889/687/728 888/686/730
f 892/690/733 893/691/734 894/692/735
f 895/693/736 893/691/734 892/690/733
f 896/694/737 897/695/738 898/696/739
f 896/694/737 899/697/740 897/695/738
f 900/698/741 901/699/742 902/700/743
f 900/698/741 903/701/737 901/699/742
f 904/702/744 905/703/745 906/704/746
f 907/705/747 905/703/745 904/702/744
f 908/706/748 909/707/749 910/708/750
f 908/706/748 911/709/739 909/707/749
f 912/710/751 913/711/752 914/712/753
f 915/713/754 913/711/752 912/710/751
f 916/714/755 917/715/756 918/716/757
f 919/717/758 917/715/756 916/714/755
f 919/717/758 920/718/759 917/715/756
f 919/717/758 921/719/759 920/718/759
f 922/720/760 923/721/761 924/722/762
f 925/723/763 923/721/761 922/720/760
f 925/723/763 926/724/764 923/721/761
f 925/723/763 927/725/764 926/724/764
f 928/726/765 929/727/766 930/728/767
f 928/726/765 931/729/768 929/727/766
f 932/730/769 933/731/770 934/732/771
f 932/730/769 935/733/769 933/731/770
f 936/734/772 937/735/772 938/736/773
f 936/734/772 939/737/774 937/735/772
f 936/734/772 940/738/775 939/737/774
f 936/734/772 941/739/776 942/740/776
f 936/734/772 943/741/777 941/739/776
f 936/734/772 944/742/778 943/741/777
f 936/734/772 945/743/772 944/742/778
f 936/734/772 946/744/772 945/743/772
f 936/734/772 947/745/773 946/744/772
f 936/734/772 948/746/779 947/745/773
f 936/734/772 949/747/780 948/746/779
f 936/734/772 938/736/773 949/747/780
f 950/748/781 951/749/702 952/750/782
f 950/748/781 953/751/783 951/749/702
f 950/748/781 954/752/707 953/751/783
f 950/748/781 955/753/784 954/752/707
f 956/754/785 957/755/786 958/756/787
f 959/757/76 960/758/788 961/759/789
f 962/760/790 963/761/791 964/762/792
f 962/760/790 965/763/793 963/761/791
f 962/760/790 966/764/794 965/763/793
f 966/764/794 967/765/795 965/763/793
f 968/766/95 969/767/95 970/768/95
f 971/769/796 972/770/797 973/771/674
f 973/771/674 972/770/797 974/772/672
f 975/773/798 976/774/799 977/775/800
f 975/773/798 978/776/801 976/774/799
f 975/773/798 979/777/802 978/776/801
f 975/773/798 980/778/803 979/777/802
f 981/779/804 982/780/805 983/781/806
f 981/779/804 984/782/807 982/780/805
f 981/779/804 985/783/808 984/782/807
f 985/783/808 986/784/809 984/782/807
f 987/785/810 988/786/811 989/787/812
f 989/787/812 988/786/811 990/788/813
f 991/787/814 990/788/813 992/789/815
f 989/787/812 990/788/813 991/787/814
f 989/787/812 991/787/814 993/785/816
f 989/787/812 993/785/816 987/785/810
f 993/785/816 994/790/817 987/785/810
f 987/785/810 994/790/817 988/786/811
f 995/791/818 988/786/811 994/790/817
f 995/791/818 990/788/813 988/786/811
f 995/791/818 996/791/819 990/788/813
f 996/791/819 995/791/818 997/792/820
f 996/791/819 997/792/820 998/793/821
f 998/793/821 997/792/820 999/794/822
f 1000/795/823 1001/795/824 1002/796/825
f 1000/795/823 992/789/815 1001/795/824
f 1000/795/823 994/790/817 992/789/815
f 993/785/816 992/789/815 994/790/817
f 991/787/814 992/789/815 993/785/816
f 995/791/818 994/790/817 1000/795/823
f 1003/797/826 1004/798/827 1005/799/828
f 1006/800/829 1007/801/830 1008/802/831
f 1006/800/829 1009/803/832 1007/801/830
f 1010/804/833 1011/805/834 1012/806/835
f 1010/804/833 1012/806/835 1013/807/836
f 1014/808/837 1015/809/838 1016/810/839
f 1014/808/837 1016/810/839 1017/811/840
f 1018/812/841 1019/813/842 1020/814/843
f 1018/812/841 1021/815/844 1019/813/842
f 1022/797/845 1023/799/846 1024/798/847
f 1000/795/823 1023/799/846 1022/797/845
f 1000/795/823 999/794/822 1023/799/846
f 1000/795/823 1002/796/825 999/794/822
f 998/793/821 999/794/822 1002/796/825
f 1001/795/824 998/793/821 1002/796/825
f 1001/795/824 996/791/819 998/793/821
f 996/791/819 1001/795/824 992/789/815
f 996/791/819 992/789/815 990/788/813
f 1025/791/848 1026/791/849 1027/792/850
f 1025/791/848 1027/792/850 1028/816/851
f 1025/791/848 1028/816/851 997/792/820
f 1025/791/848 997/792/820 995/791/818
f 1029/795/852 1025/791/848 995/791/818
f 1029/795/852 995/791/818 1000/795/823
f 1029/795/852 1000/795/823 1022/797/845
f 1029/795/852 1022/797/845 1030/817/853
f 1031/818/95 1032/819/854 1033/820/95
f 1029/795/852 1026/791/849 1025/791/848
f 1034/818/15 1035/819/15 1036/821/15
f 1037/785/855 1038/786/856 1039/790/857
f 1026/791/849 1039/790/857 1038/786/856
f 1026/791/849 1040/795/858 1039/790/857
f 1029/795/852 1040/795/858 1026/791/849
f 1029/795/852 1003/797/826 1040/795/858
f 1029/795/852 1030/817/853 1003/797/826
f 1041/795/859 1042/796/860 1043/793/861
f 1040/795/858 1042/796/860 1041/795/859
f 1040/795/858 1041/795/859 1044/789/862
f 1040/795/858 1044/789/862 1039/790/857
f 1045/785/863 1039/790/857 1044/789/862
f 1045/785/863 1037/785/855 1039/790/857
f 1046/787/864 1037/785/855 1045/785/863
f 1037/785/855 1046/787/864 1038/786/856
f 1046/787/864 1047/788/865 1038/786/856
f 1026/791/849 1038/786/856 1047/788/865
f 1026/791/849 1047/788/865 1048/791/866
f 1048/791/866 1027/792/850 1026/791/849
f 1048/791/866 1043/793/861 1027/792/850
f 1043/793/861 1049/794/867 1027/792/850
f 1043/793/861 1042/796/860 1049/794/867
f 1040/795/858 1049/794/867 1042/796/860
f 1040/795/858 1005/799/828 1049/794/867
f 1040/795/858 1003/797/826 1005/799/828
f 1041/795/859 1043/793/861 1048/791/866
f 1048/791/866 1044/789/862 1041/795/859
f 1048/791/866 1047/788/865 1044/789/862
f 1050/787/868 1044/789/862 1047/788/865
f 1046/787/864 1050/787/868 1047/788/865
f 1046/787/864 1045/785/863 1050/787/868
f 1050/787/868 1045/785/863 1044/789/862
f 1051/822/869 1052/822/870 1053/822/871
f 1054/823/869 1055/823/872 1056/823/873
f 19/19/16 21/21/17 1057/824/497
f 19/19/16 1058/825/874 20/20/16
f 19/19/16 1059/826/875 1058/825/874
f 1060/827/876 1061/828/659 1062/829/660
f 1060/827/876 1063/830/877 1061/828/659
f 1060/827/876 1064/831/662 1063/830/877
f 1060/827/876 1065/832/878 1064/831/662
f 1066/833/879 1067/834/880 1068/835/881
f 1066/833/879 1069/836/882 1067/834/880
f 1070/837/883 1069/836/882 1066/833/879
f 1070/837/883 1071/838/884 1069/836/882
f 1072/839/885 1073/840/886 1074/841/887
f 1072/839/885 1075/842/888 1073/840/886
f 1072/839/885 1076/843/889 1075/842/888
f 1072/839/885 1077/844/890 1076/843/889
f 1078/845/891 1079/845/892 1080/845/893
f 1078/845/891 1081/845/894 1079/845/892
f 1082/846/895 1083/847/896 1084/848/897
f 1082/846/895 1085/849/898 1083/847/896
f 1085/849/898 1086/850/899 1083/847/896
f 1085/849/898 1087/851/900 1086/850/899
f 1087/851/900 1088/852/901 1086/850/899
f 1087/851/900 1089/853/902 1088/852/901
f 1089/853/902 1090/854/903 1088/852/901
f 1089/853/902 1091/855/904 1090/854/903
f 1089/853/902 1092/856/905 1091/855/904
f 1089/853/902 1093/857/906 1092/856/905
f 1087/851/900 1093/857/906 1089/853/902
f 1087/851/900 1094/858/907 1093/857/906
f 1085/849/898 1094/858/907 1087/851/900
f 1085/849/898 1095/859/908 1094/858/907
f 1082/846/895 1095/859/908 1085/849/898
f 1082/846/895 1096/860/909 1095/859/908
f 1097/861/910 1098/862/911 1099/863/912
f 1097/861/910 1100/864/913 1098/862/911
f 1101/865/914 1100/864/913 1097/861/910
f 1101/865/914 1102/866/914 1100/864/913
f 1101/865/914 1103/864/915 1102/866/914
f 1101/865/914 1104/861/916 1103/864/915
f 1104/861/916 1105/862/917 1103/864/915
f 1104/861/916 1106/863/623 1105/862/917
f 1107/867/918 1108/868/918 1109/869/918
f 1107/867/918 1110/870/919 1108/868/918
f 1111/871/920 1112/872/750 1113/873/921
f 1111/871/920 1114/874/748 1112/872/750
f 1115/875/922 1116/876/923 1117/877/764
f 1118/878/761 1116/876/923 1115/875/922
f 1118/878/761 1115/875/922 1114/874/748
f 1118/878/761 1114/874/748 1119/879/758
f 1120/880/759 1119/879/758 1114/874/748
f 1111/871/920 1120/880/759 1114/874/748
f 1111/871/920 1121/881/759 1120/880/759
f 1122/882/924 1121/881/759 1111/871/920
f 1122/882/924 1111/871/920 1123/883/925
f 1122/882/924 1123/883/925 1124/884/926
f 1125/885/927 1124/884/926 1123/883/925
f 1125/885/927 1126/886/928 1124/884/926
f 1122/882/924 1124/884/926 1127/887/929
f 1118/878/761 1128/888/930 1129/889/931
f 1118/878/761 1119/879/758 1128/888/930
f 1115/875/922 1130/890/768 1131/891/932
f 1115/875/922 1132/892/933 1130/890/768
f 1115/875/922 1117/877/764 1132/892/933
f 1117/877/764 1133/893/763 1132/892/933
f 1134/894/934 1132/892/933 1133/893/763
f 1134/894/934 1133/893/763 1135/895/935
f 1134/894/934 1135/895/935 1136/896/936
f 1137/897/937 1134/894/934 1136/896/936
f 1137/897/937 1136/896/936 1138/898/938
f 1137/897/937 1138/898/938 1139/899/939
f 1137/897/937 1139/899/939 1140/900/940
f 1140/900/940 1139/899/939 1141/901/941
f 1140/900/940 1141/901/941 1142/902/720
f 1143/903/942 1144/904/267 1145/905/943
f 1143/903/942 1146/906/269 1144/904/267
f 1147/907/270 1148/908/944 1149/909/945
f 1147/907/270 1150/910/946 1148/908/944
f 1151/911/947 1152/912/948 1153/913/949
f 1151/911/947 1154/914/950 1152/912/948
f 1155/915/951 1156/916/952 1157/917/953
f 1158/918/747 1156/916/952 1155/915/951
f 1159/919/954 1160/920/955 1161/921/956
f 1159/919/954 1162/922/739 1160/920/955
f 1163/923/920 1164/924/957 1165/925/958
f 1166/926/921 1164/924/957 1163/923/920
f 1167/927/959 1168/928/756 1169/929/960
f 1170/930/961 1168/928/756 1167/927/959
f 1170/930/961 1171/931/759 1168/928/756
f 1170/930/961 1172/932/759 1171/931/759
f 1173/933/760 1174/934/761 1175/935/762
f 1176/936/962 1174/934/761 1173/933/760
f 1176/936/962 1177/937/764 1174/934/761
f 1176/936/962 1178/938/764 1177/937/764
f 1179/939/963 1180/940/964 1181/941/965
f 1181/941/965 1182/942/966 1179/939/963
f 1183/943/765 1184/944/766 1185/945/767
f 1183/943/765 1186/946/967 1184/944/766
f 1187/947/968 1188/948/969 1189/949/970
f 1187/947/968 1190/950/971 1188/948/969
f 1191/951/972 1192/952/973 1193/953/974
f 1191/951/972 1194/954/975 1192/952/973
f 1195/955/975 1196/956/976 1197/957/977
f 1195/955/975 1198/958/978 1196/956/976
f 1199/959/979 1200/960/980 1201/961/981
f 1199/959/979 1202/962/982 1200/960/980
f 1203/963/983 1204/964/984 1205/965/985
f 1203/963/983 1206/966/986 1204/964/984
f 1206/966/986 1207/967/987 1204/964/984
f 1206/966/986 1208/968/988 1207/967/987
f 1209/969/989 1210/970/990 1211/971/991
f 1209/969/989 1212/972/992 1210/970/990
f 1213/973/993 1214/974/994 1215/975/995
f 1213/973/993 1216/976/996 1214/974/994
f 1213/973/993 1217/977/997 1216/976/996
f 1213/973/993 1218/978/998 1217/977/997
f 1217/977/997 1218/978/998 1219/979/999
f 1217/977/997 1219/979/999 1220/980/1000
f 1219/979/999 1221/981/1001 1220/980/1000
f 1222/982/1002 1220/980/1000 1221/981/1001
f 1222/982/1002 1209/969/989 1220/980/1000
f 1222/982/1002 1223/983/1003 1209/969/989
f 1209/969/989 1223/983/1003 1224/984/1004
f 1209/969/989 1224/984/1004 1212/972/992
f 1224/984/1004 1225/985/1005 1212/972/992
f 1226/986/1006 1212/972/992 1225/985/1005
f 1226/986/1006 1225/985/1005 1227/987/1007
f 1226/986/1006 1227/987/1007 1228/988/1008
f 1229/989/1009 1226/986/1006 1228/988/1008
f 1229/989/1009 1228/988/1008 1230/990/1010
f 1222/982/1002 1221/981/1001 1231/991/1011
f 1222/982/1002 1231/991/1011 1232/992/1012
f 1217/977/997 1233/993/1013 1234/994/1014
f 1217/977/997 1220/980/1000 1233/993/1013
f 1229/989/1009 1230/990/1010 1235/995/1015
f 1229/989/1009 1235/995/1015 1236/996/1016
f 1236/996/1016 1235/995/1015 1237/997/725
f 1236/996/1016 1237/997/725 1238/998/722
f 1239/999/1017 1240/1000/1018 1241/1001/674
f 1239/999/1017 1242/1002/1019 1240/1000/1018
f 1243/1003/1020 1242/1002/1019 1239/999/1017
f 1243/1003/1020 1244/1004/1021 1242/1002/1019
f 1243/1003/1020 1245/1002/642 1244/1004/1021
f 1243/1003/1020 1246/999/1022 1245/1002/642
f 1246/999/1022 1247/1000/641 1245/1002/642
f 1246/999/1022 1248/1001/1023 1247/1000/641
f 1248/1001/1023 1249/1005/1024 1247/1000/641
f 1248/1001/1023 1250/1006/1025 1249/1005/1024
f 1251/1007/995 1252/1008/1026 1253/1009/1027
f 1251/1007/995 1254/1010/1028 1252/1008/1026
f 1255/1011/1029 1256/1012/1030 1257/1013/1031
f 1258/1014/1032 1256/1012/1030 1255/1011/1029
f 1258/1014/1032 1259/1015/1033 1256/1012/1030
f 1258/1014/1032 1260/1016/1034 1259/1015/1033
f 1258/1014/1032 1261/1017/1035 1260/1016/1034
f 1261/1017/1035 1262/1018/1036 1260/1016/1034
f 1261/1017/1035 1263/1019/1037 1262/1018/1036
f 1264/1020/1038 1265/1021/1039 1266/1022/1040
f 1264/1020/1038 1267/1023/1041 1265/1021/1039
f 1267/1023/1041 1268/1024/1042 1265/1021/1039
f 1267/1023/1041 1269/1025/1043 1268/1024/1042
f 22/22/18 1270/1026/1044 1271/1027/1045
f 22/22/18 1272/1028/1046 1270/1026/1044
f 1272/1028/1046 22/22/18 1273/23/1047
f 22/22/18 24/23/20 1273/23/1047
f 1274/1029/1048 24/23/20 23/22/19
f 1275/1029/1049 1274/1029/1048 23/22/19
f 1276/1030/970 1274/1029/1048 1275/1029/1049
f 1277/1031/1050 1276/1030/970 1275/1029/1049
f 1278/1032/1051 1277/1031/1050 1275/1029/1049
f 1278/1032/1051 1275/1029/1049 1279/1033/1052
f 1275/1029/1049 23/22/19 22/22/18
f 1276/1030/970 1280/1030/1053 1274/1029/1048
f 1274/1029/1048 1280/1030/1053 24/23/20
f 1281/1034/1054 1282/1035/1055 1283/1036/1056
f 1281/1034/1054 1284/1037/1057 1282/1035/1055
f 1285/1038/1058 1284/1037/1057 1281/1034/1054
f 1285/1038/1058 1286/1039/630 1284/1037/1057
f 1287/1040/1059 1286/1039/630 1285/1038/1058
f 1287/1040/1059 1288/1041/634 1286/1039/630
f 1287/1040/1059 1289/1039/1060 1288/1041/634
f 1287/1040/1059 1290/1038/703 1289/1039/1060
f 1290/1038/703 1291/1037/1061 1289/1039/1060
f 1290/1038/703 1292/1034/1062 1291/1037/1061
f 1293/1042/1063 1294/1042/1064 1295/1042/1065
f 1293/1042/1063 1296/1042/1066 1294/1042/1064
f 1296/1042/1066 1297/1042/1067 1294/1042/1064
f 1296/1042/1066 1298/1042/1068 1297/1042/1067
f 1299/1043/1068 1300/1044/1069 1301/1045/1070
f 1299/1043/1068 1302/1046/1071 1300/1044/1069
f 1302/1046/1071 1303/1047/1072 1300/1044/1069
f 1302/1046/1071 1304/1048/1073 1303/1047/1072
f 1304/1048/1073 1305/1049/1074 1303/1047/1072
f 1304/1048/1073 1306/1050/1075 1305/1049/1074
f 1306/1050/1075 1307/1051/1076 1305/1049/1074
f 1306/1050/1075 1308/1052/1077 1307/1051/1076
f 1306/1050/1075 1309/1053/1078 1308/1052/1077
f 1306/1050/1075 1310/1054/1079 1309/1053/1078
f 1304/1048/1073 1310/1054/1079 1306/1050/1075
f 1304/1048/1073 1311/1055/1080 1310/1054/1079
f 1302/1046/1071 1311/1055/1080 1304/1048/1073
f 1302/1046/1071 1312/1056/1081 1311/1055/1080
f 1299/1043/1068 1312/1056/1081 1302/1046/1071
f 1299/1043/1068 1313/1057/1082 1312/1056/1081
f 1314/1058/736 1315/1059/1083 1316/1060/1084
f 1317/1061/771 1318/1062/771 1319/1063/771
f 1317/1061/771 1320/1064/1085 1318/1062/771
f 1321/1065/1086 1322/1066/1087 1323/1067/1088
f 1321/1065/1086 1324/1068/1089 1322/1066/1087
f 1325/1069/1090 1326/1070/1091 1327/1071/928
f 1325/1069/1090 1327/1071/928 1328/1072/1092
f 1325/1069/1090 1328/1072/1092 1329/1073/1093
f 1325/1069/1090 1329/1073/1093 1330/1074/1094
f 1329/1073/1093 1331/1075/791 1330/1074/1094
f 1329/1073/1093 1332/1076/1095 1331/1075/791
f 1331/1075/791 1332/1076/1095 1333/1077/790
f 1334/1078/807 1333/1077/790 1332/1076/1095
f 1334/1078/807 1332/1076/1095 1321/1065/1086
f 1334/1078/807 1321/1065/1086 1335/1079/1096
f 1321/1065/1086 1336/1080/806 1335/1079/1096
f 1321/1065/1086 1323/1067/1088 1336/1080/806
f 1336/1080/806 1323/1067/1088 1337/1081/1097
f 1338/1082/1098 1337/1081/1097 1323/1067/1088
f 1338/1082/1098 1339/1083/1099 1337/1081/1097
f 1338/1082/1098 1340/1084/1100 1339/1083/1099
f 1341/1085/1101 1340/1084/1100 1338/1082/1098
f 1341/1085/1101 1342/1086/1102 1340/1084/1100
f 1341/1085/1101 1343/1087/1103 1342/1086/1102
f 1341/1085/1101 1344/1088/1104 1343/1087/1103
f 1334/1078/807 1345/1089/1105 1333/1077/790
f 1334/1078/807 1346/1090/1106 1345/1089/1105
f 1329/1073/1093 1347/1091/1107 1332/1076/1095
f 1329/1073/1093 1348/1092/1108 1347/1091/1107
f 1349/1093/1109 1350/1094/1110 1351/1095/1111
f 1349/1093/1109 1352/1096/1112 1350/1094/1110
f 1353/1097/1113 1354/1098/1114 1355/1099/1115
f 1353/1097/1113 1356/1100/1116 1354/1098/1114
f 1357/1101/1117 1354/1098/1114 1356/1100/1116
f 1357/1101/1117 1356/1100/1116 1358/1102/1118
f 1358/1102/1118 1359/1103/1119 1357/1101/1117
f 1358/1102/1118 1360/1104/1120 1359/1103/1119
f 1360/1104/1120 1361/1105/1121 1359/1103/1119
f 1360/1104/1120 1362/1106/1122 1361/1105/1121
f 1363/1107/1123 1361/1105/1121 1362/1106/1122
f 1363/1107/1123 1362/1106/1122 1364/1108/1124
f 1365/1109/1125 1363/1107/1123 1364/1108/1124
f 1365/1109/1125 1364/1108/1124 1366/1110/1126
f 1367/1109/1127 1366/1110/1126 1364/1108/1124
f 1367/1109/1127 1364/1108/1124 1368/1107/1128
f 1368/1107/1128 1364/1108/1124 1362/1106/1122
f 1368/1107/1128 1362/1106/1122 1369/1105/1129
f 1360/1104/1120 1369/1105/1129 1362/1106/1122
f 1360/1104/1120 1370/1103/1130 1369/1105/1129
f 1358/1102/1118 1370/1103/1130 1360/1104/1120
f 1358/1102/1118 1371/1101/991 1370/1103/1130
f 1371/1101/991 1358/1102/1118 1356/1100/1116
f 1371/1101/991 1356/1100/1116 1372/1098/1131
f 1353/1097/1113 1372/1098/1131 1356/1100/1116
f 1353/1097/1113 1373/1099/1132 1372/1098/1131
f 1374/1111/1133 1375/1112/1134 1376/1113/1135
f 1374/1111/1133 1377/1114/1136 1375/1112/1134
f 1377/1114/1136 1378/1115/1137 1375/1112/1134
f 1377/1114/1136 1379/1116/1138 1378/1115/1137
f 1379/1116/1138 1380/1117/1139 1378/1115/1137
f 1379/1116/1138 1381/1118/1140 1380/1117/1139
f 1379/1116/1138 1382/1117/1141 1381/1118/1140
f 1379/1116/1138 1383/1115/1142 1382/1117/1141
f 1377/1114/1136 1383/1115/1142 1379/1116/1138
f 1377/1114/1136 1384/1112/1143 1383/1115/1142
f 1374/1111/1133 1384/1112/1143 1377/1114/1136
f 1374/1111/1133 1385/1113/1144 1384/1112/1143
f 1386/1119/1128 1387/1120/1145 1388/1121/1146
f 1387/1120/1145 1386/1119/1128 1389/1122/1147
f 1390/1123/1148 1391/1124/1149 1392/1125/1150
f 1390/1123/1148 1393/1126/1151 1391/1124/1149
f 1394/1127/1152 1395/1128/1153 1396/1129/1115
f 1394/1127/1152 1397/1130/1154 1395/1128/1153
f 1398/1131/1155 1399/1132/22 1400/1133/1156
f 1398/1131/1155 1401/1134/1157 1399/1132/22
f 1402/1135/1158 1403/1136/1159 1404/1137/1160
f 1402/1135/1158 1405/1138/1161 1403/1136/1159
f 1406/1139/1162 1405/1138/1161 1402/1135/1158
f 1406/1139/1162 27/26/23 1405/1138/1161
f 25/24/21 27/26/23 1406/1139/1162
f 1407/1140/1089 1408/1141/1163 1409/1142/1164
f 1408/1141/1163 1410/1143/1165 1409/1142/1164
f 1411/1144/1166 1412/1145/1167 1413/1146/1168
f 1414/1147/711 1413/1146/1168 1412/1145/1167
f 1415/1148/1169 1416/1149/1153 1417/1150/1170
f 1416/1149/1153 1418/1151/1171 1417/1150/1170
f 1419/1152/1172 1420/1153/1173 1421/1154/1174
f 1422/1155/1175 1421/1154/1174 1420/1153/1173
f 1423/1156/1176 1424/1157/949 1425/1158/1177
f 1426/1159/1178 1425/1158/1177 1424/1157/949
f 1427/1160/1173 1428/1161/1179 1429/1162/1180
f 1429/1162/1180 1428/1161/1179 1430/1163/1181
f 1431/1164/1182 1432/1165/1183 1433/1166/1184
f 1434/1167/1185 1435/1168/1186 1436/1169/1187
f 1434/1167/1185 1437/1170/1188 1435/1168/1186
f 1438/1171/1189 1437/1170/1188 1434/1167/1185
f 1438/1171/1189 1439/1172/1190 1437/1170/1188
f 1440/1173/1191 1441/1174/1192 1442/1175/1193
f 1441/1174/1192 1443/1176/1194 1442/1175/1193
f 1444/1177/1195 1445/1178/1196 1446/1179/1197
f 1447/1180/1198 1446/1179/1197 1445/1178/1196
f 1433/1166/1184 1448/1181/1199 1431/1164/1182
f 1449/1182/1200 1450/1183/1201 1451/1184/1202
f 1449/1182/1200 1452/1185/1203 1450/1183/1201
f 1452/1185/1203 1453/1186/1204 1450/1183/1201
f 1452/1185/1203 1454/1187/1205 1453/1186/1204
f 1455/1188/1206 1456/1189/1207 1457/1190/1208
f 1455/1188/1206 1458/1191/1209 1456/1189/1207
f 1455/1188/1206 1459/1192/1210 1458/1191/1209
f 1455/1188/1206 1460/1193/1211 1459/1192/1210
f 1461/1194/1212 1462/1195/1213 1463/1196/1214
f 1461/1194/1212 1464/1197/1215 1462/1195/1213
f 1465/1198/1216 1463/1196/1214 1466/1199/1217
f 1465/1198/1216 1467/1195/1218 1463/1196/1214
f 1461/1194/1212 1463/1196/1214 1467/1195/1218
f 1461/1194/1212 1467/1195/1218 1468/1197/1187
f 1469/1198/1219 1463/1196/1214 1462/1195/1213
f 1469/1198/1219 1466/1199/1217 1463/1196/1214
f 1466/1199/1217 1469/1198/1219 1470/1200/1220
f 1466/1199/1217 1470/1200/1220 1471/1201/1221
f 1471/1201/1221 1470/1200/1220 1472/1202/1222
f 1471/1201/1221 1472/1202/1222 1473/1203/1223
f 1474/1204/1224 1473/1203/1223 1472/1202/1222
f 1474/1204/1224 1475/1205/1225 1473/1203/1223
f 1476/1206/877 1475/1205/1225 1474/1204/1224
f 1476/1206/877 1477/1207/1226 1475/1205/1225
f 1478/1206/1227 1475/1205/1225 1477/1207/1226
f 1478/1206/1227 1479/1204/1228 1475/1205/1225
f 1479/1204/1228 1473/1203/1223 1475/1205/1225
f 1479/1204/1228 1480/1202/1162 1473/1203/1223
f 1471/1201/1221 1473/1203/1223 1480/1202/1162
f 1471/1201/1221 1480/1202/1162 1481/1200/1210
f 1466/1199/1217 1471/1201/1221 1481/1200/1210
f 1466/1199/1217 1481/1200/1210 1465/1198/1216
f 1482/1208/1229 1483/1209/1230 1484/1210/1231
f 1485/1211/1232 1486/1212/1232 1487/1213/1233
f 1485/1211/1232 1487/1213/1233 1488/1214/1234
f 1489/1215/1235 1485/1211/1232 1488/1214/1234
f 1489/1215/1235 1488/1214/1234 1490/1216/1236
f 1484/1210/1231 1489/1215/1235 1490/1216/1236
f 1484/1210/1231 1490/1216/1236 1491/1217/1237
f 1482/1208/1229 1484/1210/1231 1491/1217/1237
f 1492/1218/1238 1482/1208/1229 1491/1217/1237
f 1492/1218/1238 1493/1219/1239 1482/1208/1229
f 1492/1218/1238 1494/1220/1240 1493/1219/1239
f 1492/1218/1238 1495/1221/1241 1494/1220/1240
f 1496/1222/1242 1494/1220/1240 1495/1221/1241
f 1496/1222/1242 1495/1221/1241 1497/1223/1243
f 1497/1223/1243 1495/1221/1241 1498/1224/1244
f 1497/1223/1243 1498/1224/1244 1499/1225/1245
f 1499/1225/1245 1498/1224/1244 1500/1226/1246
f 1499/1225/1245 1500/1226/1246 1501/1227/1247
f 1501/1227/1247 1500/1226/1246 1502/1228/1248
f 1501/1227/1247 1502/1228/1248 1503/1229/1249
f 1491/1217/1237 1504/1230/1250 1492/1218/1238
f 1491/1217/1237 1490/1216/1236 1504/1230/1250
f 1490/1216/1236 1505/1231/1251 1504/1230/1250
f 1490/1216/1236 1488/1214/1234 1505/1231/1251
f 1492/1218/1238 1498/1224/1244 1495/1221/1241
f 1492/1218/1238 1504/1230/1250 1498/1224/1244
f 1504/1230/1250 1500/1226/1246 1498/1224/1244
f 1504/1230/1250 1505/1231/1251 1500/1226/1246
f 1505/1231/1251 1502/1228/1248 1500/1226/1246
f 1505/1231/1251 1506/1232/1252 1502/1228/1248
f 1488/1214/1234 1506/1232/1252 1505/1231/1251
f 1488/1214/1234 1487/1213/1233 1506/1232/1252
f 1507/1233/1253 1508/1234/1254 1509/1235/1255
f 1510/1236/1256 1511/1237/1257 1512/1238/1258
f 1513/1239/1259 1514/1240/1259 1515/1241/1259
f 1516/1242/1260 1517/1243/1261 1518/1244/1262
f 1519/1245/660 1517/1243/1261 1516/1242/1260
f 1520/1246/1263 1521/1247/1264 1522/1248/1159
f 1522/1248/1159 1523/1249/1265 1520/1246/1263
f 1524/1250/1266 1525/1251/661 1526/1252/1267
f 1524/1250/1266 1527/1253/1268 1525/1251/661
f 1528/1254/876 1529/1255/1180 1530/1256/1269
f 1528/1254/876 1531/1257/1215 1529/1255/1180
f 1532/1258/1270 1533/1259/1271 1534/1260/1272
f 1532/1258/1270 1535/1261/1273 1533/1259/1271
f 1536/1262/1274 1537/1263/1275 1538/1264/1271
f 1536/1262/1274 1539/1265/1276 1537/1263/1275
f 1539/1265/1276 1540/1266/1277 1537/1263/1275
f 1539/1265/1276 1541/1267/1278 1540/1266/1277
f 1541/1267/1278 1542/1268/1279 1540/1266/1277
f 1541/1267/1278 1543/1269/1280 1542/1268/1279
f 1544/1270/1281 1545/1271/1282 1546/1272/1283
f 1544/1270/1281 1547/1273/1284 1545/1271/1282
f 1547/1273/1284 1548/1274/1285 1545/1271/1282
f 1547/1273/1284 1549/1275/1286 1548/1274/1285
f 1550/1276/1287 1551/1277/1288 1552/1278/1289
f 1550/1276/1287 1553/1279/1290 1551/1277/1288
f 1550/1276/1287 1554/1280/1291 1553/1279/1290
f 1550/1276/1287 1555/1281/1191 1554/1280/1291
f 1556/1282/1292 1557/1283/1293 1558/1284/1294
f 1556/1282/1292 1559/1285/1284 1557/1283/1293
f 1560/1286/1295 1557/1283/1293 1559/1285/1284
f 1560/1286/1295 1559/1285/1284 1561/1287/1296
f 1561/1287/1296 1562/1288/1297 1560/1286/1295
f 1561/1287/1296 1563/1289/1298 1562/1288/1297
f 1563/1289/1298 1564/1290/1299 1562/1288/1297
f 1563/1289/1298 1565/1291/1300 1564/1290/1299
f 1566/1292/1301 1564/1290/1299 1565/1291/1300
f 1566/1292/1301 1565/1291/1300 1567/1293/1302
f 1568/1294/1303 1566/1292/1301 1567/1293/1302
f 1568/1294/1303 1567/1293/1302 1569/1295/1304
f 1570/1294/1305 1569/1295/1304 1567/1293/1302
f 1570/1294/1305 1567/1293/1302 1571/1292/1306
f 1571/1292/1306 1567/1293/1302 1565/1291/1300
f 1571/1292/1306 1565/1291/1300 1572/1290/1276
f 1563/1289/1298 1572/1290/1276 1565/1291/1300
f 1563/1289/1298 1573/1288/683 1572/1290/1276
f 1561/1287/1296 1573/1288/683 1563/1289/1298
f 1561/1287/1296 1574/1286/1307 1573/1288/683
f 1574/1286/1307 1561/1287/1296 1559/1285/1284
f 1574/1286/1307 1559/1285/1284 1575/1283/1308
f 1556/1282/1292 1575/1283/1308 1559/1285/1284
f 1556/1282/1292 1576/1284/1309 1575/1283/1308
f 1577/1296/1310 1578/1297/1311 1579/1298/1312
f 1580/1299/1313 1579/1298/1312 1578/1297/1311
f 1581/1300/1314 1582/1301/1315 1583/1302/1316
f 1582/1301/1315 1584/1303/1317 1583/1302/1316
f 1585/1304/1318 1583/1302/1316 1584/1303/1317
f 1586/1305/1319 1587/1306/1320 1588/1307/1321
f 1587/1306/1320 1589/1308/1322 1588/1307/1321
f 1590/1309/1323 1591/1310/1324 1592/1311/1325
f 1591/1310/1324 1593/1312/1326 1592/1311/1325
f 1594/1313/1089 1595/1314/1163 1596/1315/1327
f 1595/1314/1163 1597/1316/1165 1596/1315/1327
f 1598/1317/1191 1599/1318/1287 1600/1319/1328
f 1599/1318/1287 1601/1320/1329 1600/1319/1328
f 1602/1321/1330 1603/1322/1331 1604/1323/1332
f 1602/1321/1330 1605/1324/1333 1603/1322/1331
f 1602/1321/1330 1606/1325/1334 1605/1324/1333
f 1602/1321/1330 1607/1326/1335 1606/1325/1334
f 1608/1327/1336 1609/1328/1337 1610/1329/1338
f 1609/1328/1337 1608/1327/1336 1611/1330/1339
f 1612/1331/1340 1613/1332/1303 1614/1333/1341
f 1612/1331/1340 1615/1334/1342 1613/1332/1303
f 1616/1335/1343 1617/1336/1344 1618/1337/1194
f 1616/1335/1343 1619/1338/1345 1617/1336/1344
f 1620/1339/1346 1621/1340/1347 1622/1341/1347
f 1620/1339/1346 1623/1342/1348 1621/1340/1347
f 1623/1342/1348 1620/1339/1346 1624/1343/1349
f 1620/1339/1346 1625/1343/1350 1624/1343/1349
f 1620/1339/1346 1626/1339/1351 1625/1343/1350
f 29/28/25 1625/1343/1350 1626/1339/1351
f 29/28/25 1627/27/1352 1625/1343/1350
f 28/27/24 1627/27/1352 29/28/25
f 1628/1344/1353 28/27/24 30/28/26
f 1629/1345/1354 1628/1344/1353 30/28/26
f 1629/1345/1354 30/28/26 1630/1346/1355
f 1631/1347/1007 1632/1348/1002 1633/1349/1356
f 1634/1350/1005 1632/1348/1002 1631/1347/1007
f 1634/1350/1005 1635/1351/1357 1632/1348/1002
f 1634/1350/1005 1636/1352/1004 1635/1351/1357
f 1637/1353/1358 1638/1354/1359 1639/1355/1359
f 1637/1353/1358 1640/1356/1360 1638/1354/1359
f 1640/1356/1360 1637/1353/1358 1641/1357/1361
f 1637/1353/1358 1642/1357/1362 1641/1357/1361
f 1637/1353/1358 1643/1353/1363 1642/1357/1362
f 32/30/28 1642/1357/1362 1643/1353/1363
f 32/30/28 1644/29/1364 1642/1357/1362
f 31/29/27 1644/29/1364 32/30/28
f 1645/1358/1365 31/29/27 33/30/29
f 1646/1359/1366 1645/1358/1365 33/30/29
f 1646/1359/1366 33/30/29 1647/1360/1366
f 1648/1361/1367 1649/1362/1368 1650/1363/1246
f 1648/1361/1367 1650/1363/1246 1651/1364/1244
f 1652/1365/1369 1651/1364/1244 1653/1366/1241
f 1652/1365/1369 1648/1361/1367 1651/1364/1244
f 1654/1367/1237 1648/1361/1367 1652/1365/1369
f 1654/1367/1237 1655/1368/1370 1648/1361/1367
f 1655/1368/1370 1649/1362/1368 1648/1361/1367
f 1655/1368/1370 1656/1369/1371 1649/1362/1368
f 1656/1369/1371 1657/1370/1372 1658/1371/1373
f 1656/1369/1371 1658/1371/1373 1659/1372/1374
f 1656/1369/1371 1659/1372/1374 1649/1362/1368
f 1649/1362/1368 1659/1372/1374 1660/1373/1375
f 1649/1362/1368 1660/1373/1375 1650/1363/1246
f 1661/1374/1376 1650/1363/1246 1660/1373/1375
f 1662/1375/1377 1650/1363/1246 1661/1374/1376
f 1662/1375/1377 1651/1364/1244 1650/1363/1246
f 1663/1376/1378 1651/1364/1244 1662/1375/1377
f 1663/1376/1378 1653/1366/1241 1651/1364/1244
f 1664/1377/1379 1653/1366/1241 1663/1376/1378
f 1664/1377/1379 1665/1378/1380 1653/1366/1241
f 1652/1365/1369 1653/1366/1241 1665/1378/1380
f 1652/1365/1369 1665/1378/1380 1666/1379/1381
f 1652/1365/1369 1666/1379/1381 1667/1380/1382
f 1652/1365/1369 1667/1380/1382 1654/1367/1237
f 1667/1380/1382 1668/1381/1383 1654/1367/1237
f 1668/1381/1383 1655/1368/1370 1654/1367/1237
f 1667/1380/1382 1669/1382/1384 1668/1381/1383
f 1661/1374/1376 1660/1373/1375 1670/1383/1376
f 1668/1381/1383 1671/1384/1385 1655/1368/1370
f 1671/1384/1385 1656/1369/1371 1655/1368/1370
f 1671/1384/1385 1672/1385/1372 1656/1369/1371
f 1656/1369/1371 1672/1385/1372 1657/1370/1372
f 1673/1386/1386 1674/1387/1387 1675/1388/1388
f 1673/1386/1386 1675/1388/1388 1676/1389/1389
f 1677/1390/1390 1673/1386/1386 1676/1389/1389
f 1677/1390/1390 1676/1389/1389 1678/1391/1391
f 1679/1392/1392 1677/1390/1390 1678/1391/1391
f 1680/1389/1393 1681/1391/1394 1682/1393/1395
f 1680/1389/1393 1682/1393/1395 1683/1394/1396
f 1684/1388/1397 1680/1389/1393 1683/1394/1396
f 1685/1388/1398 1686/1395/1398 1687/1394/1398
f 1688/1396/1399 1689/1387/1400 1690/1388/1401
f 1688/1396/1399 1691/1397/1402 1689/1387/1400
f 1692/1396/1403 1693/1397/1404 1694/1398/1405
f 1692/1396/1403 1694/1398/1405 1695/1399/1406
f 1696/1400/1407 1697/1388/1407 1698/1396/1407
f 1699/1400/1408 1700/1388/1409 1701/1395/1410
f 1699/1400/1408 1701/1395/1410 1702/1401/1411
f 1703/1402/1412 1704/1393/1413 1705/1401/1414
f 1704/1393/1413 1706/1403/1415 1705/1401/1414
f 1707/1404/1416 1708/1405/1417 1709/1406/1418
f 1710/1407/1419 1707/1404/1416 1709/1406/1418
f 1710/1407/1419 1711/1408/1420 1707/1404/1416
f 1710/1407/1419 1679/1392/1392 1711/1408/1420
f 1679/1392/1392 1703/1402/1412 1711/1408/1420
f 1679/1392/1392 1678/1391/1391 1703/1402/1412
f 1678/1391/1391 1704/1393/1413 1703/1402/1412
f 1712/1409/1421 1705/1401/1414 1713/1400/1422
f 1703/1402/1412 1705/1401/1414 1712/1409/1421
f 1714/1410/1423 1703/1402/1412 1712/1409/1421
f 1714/1410/1423 1715/1411/1424 1703/1402/1412
f 1716/1412/1425 1715/1411/1424 1714/1410/1423
f 1711/1408/1420 1717/1413/1426 1718/1414/1426
f 1711/1408/1420 1715/1411/1424 1717/1413/1426
f 1703/1402/1412 1715/1411/1424 1711/1408/1420
f 1719/1415/1427 1716/1412/1425 1714/1410/1423
f 1716/1412/1425 1720/1416/1428 1715/1411/1424
f 1715/1411/1424 1720/1416/1428 1717/1413/1426
f 37/34/33 1717/1413/1426 1720/1416/1428
f 37/34/33 1718/1414/1426 1717/1413/1426
f 39/36/35 1718/1414/1426 37/34/33
f 1711/1408/1420 1718/1414/1426 39/36/35
f 1711/1408/1420 39/36/35 1707/1404/1416
f 1707/1404/1416 39/36/35 1721/1417/1429
f 1707/1404/1416 1721/1417/1429 1708/1405/1417
f 1720/1416/1428 1722/1418/1430 37/34/33
f 1721/1417/1429 39/36/35 1723/1419/1431
f 1723/1419/1431 39/36/35 38/35/34
f 1724/1420/1432 1723/1419/1431 38/35/34
f 1725/1421/1433 1723/1419/1431 1724/1420/1432
f 1726/1422/1434 1727/1423/1435 1728/1424/1436
f 1728/1424/1436 1729/1425/1437 1726/1422/1434
f 1730/1426/1438 1726/1422/1434 1729/1425/1437
f 1729/1425/1437 1731/1427/1439 1730/1426/1438
f 1729/1425/1437 1732/1428/1440 1731/1427/1439
f 1732/1428/1440 1729/1425/1437 1733/1429/1441
f 1733/1429/1441 1729/1425/1437 1728/1424/1436
f 1733/1429/1441 1728/1424/1436 1734/1430/1442
f 1734/1430/1442 1728/1424/1436 1735/1431/1443
f 1734/1430/1442 1735/1431/1443 1736/1432/1444
f 1737/1433/1445 1736/1432/1444 1735/1431/1443
f 1734/1430/1442 1736/1432/1444 1738/1434/1446
f 1734/1430/1442 1738/1434/1446 1739/1435/1447
f 1733/1429/1441 1734/1430/1442 1739/1435/1447
f 1733/1429/1441 1739/1435/1447 1740/1436/1448
f 1732/1428/1440 1733/1429/1441 1740/1436/1448
f 1740/1436/1448 1741/1437/1449 1732/1428/1440
f 1740/1436/1448 1742/1438/1450 1741/1437/1449
f 1742/1438/1450 1740/1436/1448 1743/1439/1451
f 1739/1435/1447 1743/1439/1451 1740/1436/1448
f 1743/1439/1451 1739/1435/1447 1744/1440/1452
f 1739/1435/1447 1745/1441/1453 1744/1440/1452
f 1739/1435/1447 1738/1434/1446 1745/1441/1453
f 1746/1442/1454 1745/1441/1453 1738/1434/1446
f 1736/1432/1444 1746/1442/1454 1738/1434/1446
f 1736/1432/1444 1747/1443/1455 1746/1442/1454
f 1737/1433/1445 1747/1443/1455 1736/1432/1444
f 1737/1433/1445 1748/1432/1456 1747/1443/1455
f 1737/1433/1445 1749/1431/1457 1748/1432/1456
f 1750/1430/1458 1748/1432/1456 1749/1431/1457
f 1750/1430/1458 1749/1431/1457 1751/1424/1459
f 1752/1429/1460 1750/1430/1458 1751/1424/1459
f 1752/1429/1460 1751/1424/1459 1753/1425/1461
f 1754/1428/1462 1752/1429/1460 1753/1425/1461
f 1753/1425/1461 1755/1427/1463 1754/1428/1462
f 1753/1425/1461 1756/1426/1464 1755/1427/1463
f 1756/1426/1464 1753/1425/1461 1757/1422/1465
f 1751/1424/1459 1757/1422/1465 1753/1425/1461
f 1757/1422/1465 1751/1424/1459 1758/1423/1466
f 1758/1423/1466 1751/1424/1459 1749/1431/1457
f 1758/1423/1466 1749/1431/1457 1759/1444/1467
f 1759/1444/1467 1749/1431/1457 1737/1433/1445
f 1759/1444/1467 1737/1433/1445 1760/1445/1468
f 1761/1444/1469 1760/1445/1468 1737/1433/1445
f 1761/1444/1469 1737/1433/1445 1735/1431/1443
f 1727/1423/1435 1761/1444/1469 1735/1431/1443
f 1727/1423/1435 1735/1431/1443 1728/1424/1436
f 1748/1432/1456 1746/1442/1454 1747/1443/1455
f 1748/1432/1456 1762/1434/1470 1746/1442/1454
f 1750/1430/1458 1762/1434/1470 1748/1432/1456
f 1750/1430/1458 1763/1435/1471 1762/1434/1470
f 1752/1429/1460 1763/1435/1471 1750/1430/1458
f 1752/1429/1460 1764/1436/1472 1763/1435/1471
f 1754/1428/1462 1764/1436/1472 1752/1429/1460
f 1764/1436/1472 1754/1428/1462 1765/1437/1473
f 1764/1436/1472 1765/1437/1473 1766/1438/1474
f 1766/1438/1474 1767/1439/1475 1764/1436/1472
f 1763/1435/1471 1764/1436/1472 1767/1439/1475
f 1767/1439/1475 1768/1440/1476 1763/1435/1471
f 1763/1435/1471 1768/1440/1476 1769/1441/1477
f 1763/1435/1471 1769/1441/1477 1762/1434/1470
f 1746/1442/1454 1762/1434/1470 1769/1441/1477
f 1746/1442/1454 1769/1441/1477 1770/1446/1478
f 1746/1442/1454 1770/1446/1478 1745/1441/1453
f 1771/1447/1479 1772/1448/1480 1773/1449/1481
f 1771/1447/1479 1774/1450/1482 1772/1448/1480
f 1771/1447/1479 1773/1449/1481 1775/1451/1483
f 1776/1452/1484 1775/1451/1483 1773/1449/1481
f 1771/1447/1479 1775/1451/1483 1776/1452/1484
f 1776/1452/1484 1777/1453/1485 1771/1447/1479
f 1771/1447/1479 1777/1453/1485 1774/1450/1482
f 1777/1453/1485 1778/1454/1486 1774/1450/1482
f 1772/1448/1480 1774/1450/1482 1778/1454/1486
f 1772/1448/1480 1778/1454/1486 1779/1455/1487
f 1772/1448/1480 1779/1455/1487 1773/1449/1481
f 1776/1452/1484 1773/1449/1481 1779/1455/1487
f 1779/1455/1487 1780/1456/1488 1776/1452/1484
f 1776/1452/1484 1780/1456/1488 1777/1453/1485
f 1777/1453/1485 1780/1456/1488 1778/1454/1486
f 1779/1455/1487 1778/1454/1486 1780/1456/1488
f 1781/1457/1489 1782/1458/1490 1783/1459/1491
f 1783/1459/1491 1784/1460/1492 1781/1457/1489
f 1784/1460/1492 1783/1459/1491 1785/1461/1493
f 1782/1458/1490 1785/1461/1493 1783/1459/1491
f 1782/1458/1490 1786/1462/1494 1785/1461/1493
f 1787/1463/1495 1786/1462/1494 1782/1458/1490
f 1787/1463/1495 1788/1464/1496 1786/1462/1494
f 1781/1457/1489 1787/1463/1495 1782/1458/1490
f 1789/1465/1497 1790/1466/1498 1791/1467/1499
f 1792/1468/1500 1790/1466/1498 1789/1465/1497
f 1793/1469/1501 1794/1470/1502 1792/1468/1500
f 1794/1470/1502 1795/1471/1503 1792/1468/1500
f 1796/1472/1504 1797/1473/1505 1798/1474/1506
f 1796/1472/1504 1793/1469/1501 1797/1473/1505
f 1793/1469/1501 1799/1475/1507 1797/1473/1505
f 1793/1469/1501 1792/1468/1500 1799/1475/1507
f 1792/1468/1500 1800/1476/1508 1799/1475/1507
f 1792/1468/1500 1789/1465/1497 1800/1476/1508
f 1800/1476/1508 1789/1465/1497 1801/1477/1509
f 1791/1467/1499 1801/1477/1509 1789/1465/1497
f 1802/1478/1510 1803/1479/1511 1804/1480/1512
f 1802/1478/1510 1805/1481/1513 1803/1479/1511
f 1806/1482/1514 1805/1481/1513 1802/1478/1510
f 1807/1483/1515 1808/1484/1516 1809/1485/1517
f 1809/1485/1517 1808/1484/1516 1810/1486/1518
f 1809/1485/1517 1810/1486/1518 1811/1487/1519
f 1811/1487/1519 1810/1486/1518 1806/1482/1514
f 1811/1487/1519 1806/1482/1514 1812/1488/1520
f 1806/1482/1514 1802/1478/1510 1812/1488/1520
f 1813/1489/1521 1812/1488/1520 1802/1478/1510
f 1813/1489/1521 1802/1478/1510 1814/1490/1522
f 1814/1490/1522 1802/1478/1510 1804/1480/1512
f 1814/1490/1522 1804/1480/1512 1815/1491/1523
f 1816/1492/1524 1812/1488/1520 1813/1489/1521
f 1816/1492/1524 1811/1487/1519 1812/1488/1520
f 1817/1493/1525 1811/1487/1519 1816/1492/1524
f 1817/1493/1525 1809/1485/1517 1811/1487/1519
f 1799/1475/1507 1809/1485/1517 1817/1493/1525
f 1799/1475/1507 1800/1476/1508 1809/1485/1517
f 1809/1485/1517 1800/1476/1508 1807/1483/1515
f 1801/1477/1509 1807/1483/1515 1800/1476/1508
f 1818/1494/1526 1819/1495/1527 1820/1496/1528
f 1820/1496/1528 1821/1497/1529 1818/1494/1526
f 1804/1480/1512 1803/1479/1511 1822/1498/1530
f 1804/1480/1512 1822/1498/1530 1823/1499/1531
f 1815/1491/1523 1804/1480/1512 1823/1499/1531
f 1815/1491/1523 1823/1499/1531 1824/1500/1532
f 1825/1501/1533 1815/1491/1523 1824/1500/1532
f 1825/1501/1533 1826/1502/1534 1815/1491/1523
f 1826/1502/1534 1814/1490/1522 1815/1491/1523
f 1826/1502/1534 1827/1503/1535 1814/1490/1522
f 1827/1503/1535 1813/1489/1521 1814/1490/1522
f 1827/1503/1535 1828/1504/1536 1813/1489/1521
f 1828/1504/1536 1816/1492/1524 1813/1489/1521
f 1828/1504/1536 1829/1505/1537 1816/1492/1524
f 1829/1505/1537 1817/1493/1525 1816/1492/1524
f 1829/1505/1537 1798/1474/1506 1817/1493/1525
f 1798/1474/1506 1799/1475/1507 1817/1493/1525
f 1798/1474/1506 1797/1473/1505 1799/1475/1507
f 1823/1499/1531 1822/1498/1530 1820/1496/1528
f 1823/1499/1531 1820/1496/1528 1819/1495/1527
f 1824/1500/1532 1823/1499/1531 1819/1495/1527
f 1824/1500/1532 1819/1495/1527 1830/1506/1538
f 1831/1507/1539 1824/1500/1532 1830/1506/1538
f 1831/1507/1539 1825/1501/1533 1824/1500/1532
f 1832/1508/1540 1825/1501/1533 1831/1507/1539
f 1832/1508/1540 1833/1509/1541 1825/1501/1533
f 1833/1509/1541 1826/1502/1534 1825/1501/1533
f 1833/1509/1541 1834/1510/1542 1826/1502/1534
f 1834/1510/1542 1827/1503/1535 1826/1502/1534
f 1834/1510/1542 1835/1511/1543 1827/1503/1535
f 1835/1511/1543 1828/1504/1536 1827/1503/1535
f 1835/1511/1543 1836/1512/1544 1828/1504/1536
f 1836/1512/1544 1829/1505/1537 1828/1504/1536
f 1836/1512/1544 1837/1513/1545 1829/1505/1537
f 1837/1513/1545 1798/1474/1506 1829/1505/1537
f 1837/1513/1545 1796/1472/1504 1798/1474/1506
f 1838/1514/1546 1839/1515/1547 1840/1516/1547
f 1838/1514/1546 1841/1517/1548 1839/1515/1547
f 1842/1518/1549 1843/1519/1550 1844/1520/1551
f 1842/1518/1549 1845/1521/1552 1843/1519/1550
f 1846/1522/1553 1847/1523/1554 1848/1524/1555
f 1846/1522/1553 1849/1525/1556 1847/1523/1554
f 1850/1526/1557 1849/1525/1556 1846/1522/1553
f 1850/1526/1557 1851/1527/1558 1849/1525/1556
f 1852/1528/1559 1853/1528/1559 1854/1528/1559
f 1855/1529/1560 1856/1529/1561 1857/1529/1562
f 1856/1529/1561 1858/1529/1563 1857/1529/1562
f 1857/1529/1562 1858/1529/1563 1859/1529/1564
f 1858/1529/1563 1860/1529/1565 1859/1529/1564
f 1860/1529/1565 1861/1529/1566 1859/1529/1564
f 1862/1530/1567 1863/1530/1567 1864/1530/1567
f 1865/1531/1568 1866/1531/1568 1867/1531/1568
f 1868/1532/1569 1869/1532/786 1870/1532/1570
f 1871/1532/1571 1869/1532/786 1868/1532/1569
f 1872/1532/787 1869/1532/786 1871/1532/1571
f 1873/1532/1572 1872/1532/787 1871/1532/1571
f 1874/1532/1573 1872/1532/787 1873/1532/1572
f 1875/1533/1574 1876/1534/1575 1877/1535/1576
f 1878/1536/1577 1875/1533/1574 1877/1535/1576
f 1875/1533/1574 1879/1537/1578 1876/1534/1575
f 1880/1538/1579 1876/1534/1575 1879/1537/1578
f 1881/1538/1580 1882/1539/1581 1883/1537/1582
f 1881/1538/1580 1884/1540/1583 1882/1539/1581
f 1881/1538/1580 1885/1541/1584 1884/1540/1583
f 1876/1534/1575 1886/1542/1585 1877/1535/1576
f 1887/1543/1586 1888/1538/1587 1889/1534/1586
f 1890/1543/1588 1891/1544/1589 1876/1534/1575
f 1876/1534/1575 1891/1544/1589 1886/1542/1585
f 1890/1543/1588 1892/1545/1590 1891/1544/1589
f 1877/1535/1576 1886/1542/1585 1893/1546/1591
f 1878/1536/1577 1877/1535/1576 1894/1547/1592
f 1877/1535/1576 1893/1546/1591 1894/1547/1592
f 1895/1548/1593 1896/1549/1594 1897/1550/1595
f 1895/1548/1593 1898/1551/1596 1896/1549/1594
f 1899/1546/1597 1898/1551/1596 1895/1548/1593
f 1899/1546/1597 1900/1545/1598 1898/1551/1596
f 1901/1552/1599 1900/1545/1598 1899/1546/1597
f 1901/1552/1599 1902/1553/1600 1900/1545/1598
f 1902/1553/1600 1903/1543/1601 1900/1545/1598
f 1904/1547/1602 1901/1552/1599 1899/1546/1597
f 1905/1554/1196 1906/1555/1603 1907/1556/1285
f 1905/1554/1196 1908/1557/1283 1906/1555/1603
f 1909/1558/1604 1908/1557/1283 1905/1554/1196
f 1909/1558/1604 1910/1559/1605 1908/1557/1283
f 43/40/39 45/42/40 1911/1560/1606
f 1911/1560/1606 45/42/40 1912/1561/1607
f 1912/1561/1607 45/42/40 1913/42/1608
f 1912/1561/1607 1913/42/1608 1914/1561/1609
f 1913/42/1608 1915/1562/1610 1914/1561/1609
f 1913/42/1608 1916/1563/1611 1915/1562/1610
f 1917/1563/1612 1915/1562/1610 1916/1563/1611
f 1917/1563/1612 1918/1562/1613 1915/1562/1610
f 1919/1564/1614 1918/1562/1613 1917/1563/1612
f 1917/1563/1612 1920/1565/900 1919/1564/1614
f 1917/1563/1612 1921/1566/900 1920/1565/900
f 1922/1567/1615 1923/1568/1616 1924/1569/1617
f 1923/1568/1616 1922/1567/1615 1925/1570/1618
f 1926/1571/1619 1925/1570/1618 1922/1567/1615
f 1927/1572/1620 1928/1573/1621 1929/1574/1622
f 1928/1573/1621 1927/1572/1620 1930/1575/1623
f 1928/1573/1621 1930/1575/1623 1931/1576/1624
f 1931/1576/1624 1930/1575/1623 1932/1577/1625
f 1931/1576/1624 1932/1577/1625 1933/1578/1626
f 1933/1578/1626 1932/1577/1625 1934/1579/1627
f 1933/1578/1626 1934/1579/1627 1935/1580/1628
f 1935/1580/1628 1934/1579/1627 1936/1581/1629
f 1935/1580/1628 1936/1581/1629 1937/1582/1630
f 1937/1582/1630 1936/1581/1629 1938/1583/1631
f 1937/1582/1630 1938/1583/1631 1939/1584/1632
f 1940/1582/1633 1939/1584/1632 1938/1583/1631
f 1940/1582/1633 1938/1583/1631 1941/1581/1634
f 1942/1580/1635 1940/1582/1633 1941/1581/1634
f 1942/1580/1635 1941/1581/1634 1943/1579/1636
f 1944/1578/1637 1942/1580/1635 1943/1579/1636
f 1944/1578/1637 1943/1579/1636 1945/1577/1638
f 1946/1576/1639 1945/1577/1638 1947/1575/1640
f 1946/1576/1639 1944/1578/1637 1945/1577/1638
f 1948/1585/1641 1944/1578/1637 1946/1576/1639
f 1948/1585/1641 1949/1586/1642 1944/1578/1637
f 1949/1586/1642 1942/1580/1635 1944/1578/1637
f 1949/1586/1642 1950/1587/1643 1942/1580/1635
f 1950/1587/1643 1940/1582/1633 1942/1580/1635
f 1950/1587/1643 1951/1588/1644 1940/1582/1633
f 1951/1588/1644 1939/1584/1632 1940/1582/1633
f 1951/1588/1644 1952/1589/1645 1939/1584/1632
f 1951/1588/1644 1953/1590/1646 1952/1589/1645
f 1950/1587/1643 1953/1590/1646 1951/1588/1644
f 1950/1587/1643 1954/1591/1646 1953/1590/1646
f 1949/1586/1642 1954/1591/1646 1950/1587/1643
f 1949/1586/1642 1955/1592/1646 1954/1591/1646
f 1955/1592/1646 1949/1586/1642 1948/1585/1641
f 1955/1592/1646 1948/1585/1641 1956/1593/1647
f 1948/1585/1641 1957/1594/1648 1956/1593/1647
f 1957/1594/1648 1948/1585/1641 1946/1576/1639
f 1957/1594/1648 1946/1576/1639 1958/1573/1649
f 1958/1573/1649 1946/1576/1639 1947/1575/1640
f 1958/1573/1649 1947/1575/1640 1959/1572/1650
f 1958/1573/1649 1960/1595/1651 1957/1594/1648
f 1959/1572/1650 1929/1574/1622 1958/1573/1649
f 1958/1573/1649 1929/1574/1622 1960/1595/1651
f 1928/1573/1621 1960/1595/1651 1929/1574/1622
f 1928/1573/1621 1961/1594/1652 1960/1595/1651
f 1961/1594/1652 1928/1573/1621 1931/1576/1624
f 1961/1594/1652 1931/1576/1624 1962/1585/1653
f 1962/1585/1653 1931/1576/1624 1933/1578/1626
f 1962/1585/1653 1933/1578/1626 1963/1586/1654
f 1963/1586/1654 1933/1578/1626 1935/1580/1628
f 1963/1586/1654 1935/1580/1628 1964/1587/1655
f 1964/1587/1655 1935/1580/1628 1937/1582/1630
f 1964/1587/1655 1937/1582/1630 1965/1588/1656
f 1965/1588/1656 1937/1582/1630 1939/1584/1632
f 1965/1588/1656 1939/1584/1632 1966/1589/1657
f 1965/1588/1656 1966/1589/1657 1967/1590/1658
f 1964/1587/1655 1965/1588/1656 1967/1590/1658
f 1964/1587/1655 1967/1590/1658 1968/1591/1658
f 1963/1586/1654 1964/1587/1655 1968/1591/1658
f 1963/1586/1654 1968/1591/1658 1969/1592/1658
f 1969/1592/1658 1962/1585/1653 1963/1586/1654
f 1969/1592/1658 1970/1593/1659 1962/1585/1653
f 1962/1585/1653 1970/1593/1659 1961/1594/1652
f 46/43/41 1971/1596/41 47/44/42
f 48/45/43 47/44/42 1972/1597/1660
f 1972/1597/1660 47/44/42 1973/44/1661
f 1972/1597/1660 1973/44/1661 1974/1597/1662
f 1973/44/1661 1975/1598/1663 1974/1597/1662
f 1973/44/1661 1976/1599/1664 1975/1598/1663
f 1977/1599/1665 1975/1598/1663 1976/1599/1664
f 1977/1599/1665 1978/1598/1666 1975/1598/1663
f 1979/1600/1667 1978/1598/1666 1977/1599/1665
f 1977/1599/1665 1980/1601/1668 1979/1600/1667
f 1977/1599/1665 1981/1602/1668 1980/1601/1668
f 1982/1603/1669 1983/1604/1670 1984/1605/1671
f 1982/1603/1669 1985/1606/1623 1983/1604/1670
f 1985/1606/1623 1986/1607/1672 1983/1604/1670
f 1985/1606/1623 1987/1608/1673 1986/1607/1672
f 1988/1609/1622 1986/1607/1672 1987/1608/1673
f 1988/1609/1622 1989/1610/1674 1986/1607/1672
f 1988/1609/1622 1990/1607/1675 1989/1610/1674
f 1988/1609/1622 1991/1608/1650 1990/1607/1675
f 1992/1606/1676 1990/1607/1675 1991/1608/1650
f 1992/1606/1676 1993/1604/1677 1990/1607/1675
f 1994/1603/1678 1993/1604/1677 1992/1606/1676
f 1994/1603/1678 1995/1605/1679 1993/1604/1677
f 1996/1611/1680 1995/1605/1679 1994/1603/1678
f 1996/1611/1680 1997/1612/1681 1995/1605/1679
f 1998/1613/1682 1997/1612/1681 1996/1611/1680
f 1998/1613/1682 1999/1614/1683 1997/1612/1681
f 2000/1615/1684 1999/1614/1683 1998/1613/1682
f 2000/1615/1684 2001/1616/1685 1999/1614/1683
f 2000/1615/1684 2002/1614/1686 2001/1616/1685
f 2000/1615/1684 2003/1613/1687 2002/1614/1686
f 2003/1613/1687 2004/1612/1688 2002/1614/1686
f 2003/1613/1687 2005/1611/1689 2004/1612/1688
f 2005/1611/1689 1984/1605/1671 2004/1612/1688
f 2005/1611/1689 1982/1603/1669 1984/1605/1671
f 1704/1393/1413 2006/1617/1690 1706/1403/1415
f 2006/1617/1690 2007/1618/1691 1706/1403/1415
f 2006/1617/1690 2008/1619/1692 2007/1618/1691
f 2009/1620/1693 2010/1621/1694 2011/1622/1695
f 2009/1620/1693 2012/1623/1696 2010/1621/1694
f 50/47/45 2012/1623/1696 2009/1620/1693
f 2013/1624/1697 2011/1622/1695 2014/1625/1698
f 2015/1626/1699 2011/1622/1695 2013/1624/1697
f 2015/1626/1699 2009/1620/1693 2011/1622/1695
f 51/48/46 2009/1620/1693 2015/1626/1699
f 50/47/45 2009/1620/1693 51/48/46
f 49/46/44 51/48/46 2016/1627/1700
f 2017/1628/1701 49/46/44 2016/1627/1700
f 2017/1628/1701 2016/1627/1700 2018/1629/1702
f 2017/1628/1701 2018/1629/1702 2019/1630/1703
f 2019/1630/1703 2018/1629/1702 2020/1631/1434
f 2019/1630/1703 2020/1631/1434 2021/1632/1704
f 2019/1630/1703 2021/1632/1704 2022/1633/1705
f 2018/1629/1702 2016/1627/1700 2023/1634/1706
f 2018/1629/1702 2023/1634/1706 2020/1631/1434
f 2023/1634/1706 2024/1635/1707 2025/1636/1708
f 2016/1627/1700 2024/1635/1707 2023/1634/1706
f 2016/1627/1700 51/48/46 2024/1635/1707
f 51/48/46 2015/1626/1699 2024/1635/1707
f 2014/1625/1698 2026/1637/1709 2027/1638/1258
f 2028/1620/1710 2029/1622/1711 2030/1621/1712
f 2028/1620/1710 2030/1621/1712 2031/1623/1713
f 2032/47/1714 2028/1620/1710 2031/1623/1713
f 2032/47/1714 2033/48/1715 2028/1620/1710
f 2033/48/1715 2034/1626/1716 2028/1620/1710
f 2033/48/1715 2035/1635/1717 2034/1626/1716
f 2035/1635/1717 2036/1639/1718 2034/1626/1716
f 2035/1635/1717 2037/1640/1719 2036/1639/1718
f 2036/1639/1718 2037/1640/1719 2038/1641/1720
f 2039/1642/1468 2038/1641/1720 2037/1640/1719
f 2039/1642/1468 2040/1640/1721 2038/1641/1720
f 2040/1640/1721 2039/1642/1468 2025/1636/1708
f 2040/1640/1721 2025/1636/1708 2024/1635/1707
f 2024/1635/1707 2041/1639/1722 2040/1640/1721
f 2024/1635/1707 2015/1626/1699 2041/1639/1722
f 2015/1626/1699 2027/1638/1258 2041/1639/1722
f 2015/1626/1699 2013/1624/1697 2027/1638/1258
f 2027/1638/1258 2013/1624/1697 2014/1625/1698
f 2034/1626/1716 2029/1622/1711 2028/1620/1710
f 2042/46/1723 2033/48/1715 2032/47/1714
f 2043/1628/1724 2044/1627/1725 2042/46/1723
f 2042/46/1723 2044/1627/1725 2033/48/1715
f 2044/1627/1725 2035/1635/1717 2033/48/1715
f 2041/1639/1722 2038/1641/1720 2040/1640/1721
f 2027/1638/1258 2038/1641/1720 2041/1639/1722
f 2038/1641/1720 2027/1638/1258 2045/1643/1726
f 2038/1641/1720 2045/1643/1726 2046/1638/1727
f 2046/1638/1727 2036/1639/1718 2038/1641/1720
f 2034/1626/1716 2036/1639/1718 2046/1638/1727
f 2034/1626/1716 2046/1638/1727 2047/1624/1728
f 2034/1626/1716 2047/1624/1728 2029/1622/1711
f 2047/1624/1728 2048/1625/1729 2029/1622/1711
f 2046/1638/1727 2048/1625/1729 2047/1624/1728
f 2048/1625/1729 2046/1638/1727 2049/1637/1428
f 2037/1640/1719 2050/1636/1730 2039/1642/1468
f 2037/1640/1719 2035/1635/1717 2050/1636/1730
f 2051/1634/1466 2050/1636/1730 2035/1635/1717
f 2044/1627/1725 2051/1634/1466 2035/1635/1717
f 2052/1629/1731 2051/1634/1466 2044/1627/1725
f 2043/1628/1724 2052/1629/1731 2044/1627/1725
f 2043/1628/1724 2053/1630/1732 2052/1629/1731
f 2053/1630/1732 2054/1631/1733 2052/1629/1731
f 2053/1630/1732 2055/1632/1734 2054/1631/1733
f 2053/1630/1732 2056/1633/1735 2055/1632/1734
f 2052/1629/1731 2054/1631/1733 2051/1634/1466
f 2057/1644/1736 2058/1645/1737 2059/1646/1738
f 2060/1647/1739 2058/1645/1737 2057/1644/1736
f 2061/1648/1740 2062/1649/1741 2063/1650/1742
f 2061/1648/1740 2064/1651/1743 2062/1649/1741
f 2065/1652/1744 2066/1653/1745 2067/1654/1746
f 2068/1655/1747 2066/1653/1745 2065/1652/1744
f 2069/1656/1748 2068/1655/1747 2065/1652/1744
f 2069/1656/1748 2065/1652/1744 2070/1657/1749
f 2070/1657/1749 2063/1650/1742 2069/1656/1748
f 2069/1656/1748 2063/1650/1742 2071/1658/1750
f 2063/1650/1742 2062/1649/1741 2071/1658/1750
f 2062/1649/1741 2072/1659/1751 2071/1658/1750
f 2073/1660/1752 2072/1659/1751 2062/1649/1741
f 2074/1661/1753 2075/1662/1754 2076/1663/1755
f 2074/1661/1753 2077/1664/1756 2075/1662/1754
f 2074/1661/1753 2078/1665/1757 2077/1664/1756
f 2074/1661/1753 2079/1666/1758 2078/1665/1757
f 2080/1667/1759 2081/1668/1760 2082/1669/1761
f 2083/1670/1762 2081/1668/1760 2080/1667/1759
f 2083/1670/1762 2084/1671/1763 2081/1668/1760
f 2083/1670/1762 2085/1672/1764 2084/1671/1763
f 2086/1673/1765 2085/1672/1764 2083/1670/1762
f 2087/1674/1766 2085/1672/1764 2086/1673/1765
f 2088/1675/1767 2085/1672/1764 2087/1674/1766
f 2089/1676/1768 2085/1672/1764 2088/1675/1767
f 2090/1677/1769 2085/1672/1764 2089/1676/1768
f 2091/1678/1770 2085/1672/1764 2090/1677/1769
f 2092/1679/1771 2085/1672/1764 2091/1678/1770
f 2092/1679/1771 2093/1680/1772 2085/1672/1764
f 2092/1679/1771 2094/1681/1773 2093/1680/1772
f 2095/1682/1774 2096/1683/918 2097/1684/918
f 2095/1682/1774 2098/1685/1774 2096/1683/918
f 2099/1686/1775 2100/1687/1776 2101/1688/1777
f 2102/1689/1778 2101/1688/1777 2100/1687/1776
f 2102/1689/1778 2103/1690/1779 2101/1688/1777
f 2103/1690/1779 2102/1689/1778 2104/1691/1780
f 2103/1690/1779 2104/1691/1780 2105/1692/1781
f 2105/1692/1781 2104/1691/1780 2106/1693/1782
f 2105/1692/1781 2106/1693/1782 2107/1694/1783
f 2108/1695/1784 2107/1694/1783 2106/1693/1782
f 2108/1695/1784 2109/1696/1785 2107/1694/1783
f 2110/1697/1786 2111/1698/1787 2112/1699/1788
f 2110/1697/1786 2113/1700/1789 2111/1698/1787
f 2113/1700/1789 2110/1697/1786 2114/1701/1790
f 2113/1700/1789 2114/1701/1790 2115/1702/1791
f 2115/1702/1791 2114/1701/1790 2116/1703/1792
f 2115/1702/1791 2116/1703/1792 2117/1704/1793
f 2118/1705/767 2117/1704/1793 2116/1703/1792
f 2118/1705/767 2119/1706/1794 2117/1704/1793
f 2120/1707/1795 2119/1706/1794 2118/1705/767
f 2120/1707/1795 2121/1708/1796 2119/1706/1794
f 2121/1708/1796 2120/1707/1795 2122/1709/1797
f 2121/1708/1796 2122/1709/1797 2123/1710/1798
f 2123/1710/1798 2122/1709/1797 2124/1711/1799
f 2123/1710/1798 2124/1711/1799 2125/1712/1800
f 2125/1712/1800 2124/1711/1799 2126/1713/1801
f 2125/1712/1800 2126/1713/1801 2127/1714/1802
f 2128/1715/1803 2129/1716/1804 2130/1717/1805
f 2128/1715/1803 2131/1718/1806 2129/1716/1804
f 2132/1715/1807 2131/1718/1806 2128/1715/1803
f 2132/1715/1807 2133/1718/1808 2131/1718/1806
f 2132/1715/1807 2134/1716/1809 2133/1718/1808
f 2132/1715/1807 2135/1717/1810 2134/1716/1809
f 2136/1719/1811 2137/1720/721 2138/1721/1812
f 2136/1719/1811 2139/1722/1813 2137/1720/721
f 2140/1723/1101 2141/1724/1811 2142/1725/1814
f 2140/1723/1101 2142/1725/1814 2143/1726/1815
f 2140/1723/1101 2143/1726/1815 2144/1727/1100
f 2140/1723/1101 2144/1727/1100 2145/1728/1098
f 2145/1728/1098 2144/1727/1100 2146/1729/1099
f 2145/1728/1098 2146/1729/1099 2147/1730/1097
f 2145/1728/1098 2147/1730/1097 2148/1731/1149
f 2149/1732/806 2148/1731/1149 2147/1730/1097
f 2150/1733/1816 2148/1731/1149 2149/1732/806
f 2150/1733/1816 2151/1734/1087 2148/1731/1149
f 2150/1733/1816 2152/1735/1817 2151/1734/1087
f 2153/1736/793 2154/1737/1091 2155/1738/928
f 2153/1736/793 2155/1738/928 2156/1739/1818
f 2153/1736/793 2156/1739/1818 2157/1740/1819
f 2153/1736/793 2157/1740/1819 2158/1741/1820
f 2157/1740/1819 2159/1742/1821 2158/1741/1820
f 2157/1740/1819 2160/1743/1095 2159/1742/1821
f 2159/1742/1821 2160/1743/1095 2161/1744/1822
f 2162/1745/807 2161/1744/1822 2160/1743/1095
f 2162/1745/807 2160/1743/1095 2150/1733/1816
f 2162/1745/807 2150/1733/1816 2163/1746/1823
f 2150/1733/1816 2149/1732/806 2163/1746/1823
f 2162/1745/807 2164/1747/1105 2161/1744/1822
f 2162/1745/807 2165/1748/1106 2164/1747/1105
f 2157/1740/1819 2166/1749/1107 2160/1743/1095
f 2157/1740/1819 2167/1750/1824 2166/1749/1107
f 2168/1751/1825 2169/1752/1826 2170/1753/1827
f 2168/1751/1825 2171/1754/1828 2169/1752/1826
f 2172/1755/1829 2173/1756/1830 2174/1757/1831
f 2172/1755/1829 2175/1758/1832 2173/1756/1830
f 2175/1758/1832 2176/1759/1137 2173/1756/1830
f 2175/1758/1832 52/49/47 2176/1759/1137
f 52/49/47 54/51/49 2176/1759/1137
f 2177/1760/1833 2178/1761/1114 2179/1762/1115
f 2177/1760/1833 2180/1763/1834 2178/1761/1114
f 2181/1764/1117 2178/1761/1114 2180/1763/1834
f 2181/1764/1117 2180/1763/1834 2182/1765/1835
f 2182/1765/1835 2183/1766/1836 2181/1764/1117
f 2182/1765/1835 2184/1767/1837 2183/1766/1836
f 2184/1767/1837 2185/1768/1121 2183/1766/1836
f 2184/1767/1837 2186/1769/1838 2185/1768/1121
f 2187/1770/1151 2185/1768/1121 2186/1769/1838
f 2187/1770/1151 2186/1769/1838 2188/1771/1839
f 2189/1772/1840 2187/1770/1151 2188/1771/1839
f 2189/1772/1840 2188/1771/1839 2190/1773/1841
f 2191/1774/1842 2192/1775/1843 2193/1776/1844
f 2191/1774/1842 2194/1777/1845 2192/1775/1843
f 2195/1778/1846 2196/1779/1847 2197/1780/1848
f 2195/1778/1846 2198/1781/1849 2196/1779/1847
f 2199/1782/1850 2196/1779/1847 2198/1781/1849
f 2199/1782/1850 2198/1781/1849 2200/1783/1851
f 2201/1784/1852 2199/1782/1850 2200/1783/1851
f 2201/1784/1852 2200/1783/1851 2202/1785/1853
f 2202/1785/1853 2203/1786/1854 2201/1784/1852
f 2202/1785/1853 2204/1787/1855 2203/1786/1854
f 2205/1788/1856 2203/1786/1854 2204/1787/1855
f 2206/1789/756 2207/1790/926 2208/1791/1857
f 2209/1792/1858 2210/1793/930 2211/1794/931
f 2209/1792/1858 2212/1795/758 2210/1793/930
f 2209/1792/1858 2213/1796/1859 2212/1795/758
f 2214/1797/759 2212/1795/758 2213/1796/1859
f 2215/1798/1860 2214/1797/759 2213/1796/1859
f 2215/1798/1860 2216/1799/1861 2214/1797/759
f 2206/1789/756 2216/1799/1861 2215/1798/1860
f 2206/1789/756 2215/1798/1860 2217/1800/925
f 2206/1789/756 2217/1800/925 2207/1790/926
f 2218/1801/927 2207/1790/926 2217/1800/925
f 2218/1801/927 2219/1802/1862 2207/1790/926
f 2215/1798/1860 2220/1803/750 2221/1804/921
f 2215/1798/1860 2213/1796/1859 2220/1803/750
f 2209/1792/1858 2222/1805/1863 2213/1796/1859
f 2209/1792/1858 2223/1806/1864 2222/1805/1863
f 2222/1805/1863 2223/1806/1864 2224/1807/764
f 2222/1805/1863 2224/1807/764 2225/1808/1865
f 2224/1807/764 2226/1809/763 2225/1808/1865
f 2227/1810/934 2225/1808/1865 2226/1809/763
f 2227/1810/934 2226/1809/763 2228/1811/1866
f 2227/1810/934 2228/1811/1866 2229/1812/936
f 2230/1813/1867 2227/1810/934 2229/1812/936
f 2230/1813/1867 2229/1812/936 2231/1814/1868
f 2230/1813/1867 2231/1814/1868 2232/1815/1869
f 2230/1813/1867 2232/1815/1869 2233/1816/1870
f 2233/1816/1870 2232/1815/1869 2234/1817/941
f 2233/1816/1870 2234/1817/941 2235/1818/1871
f 2222/1805/1863 2236/1819/1872 2237/1820/747
f 2222/1805/1863 2225/1808/1865 2236/1819/1872
f 2238/1821/1873 2239/1822/1215 2240/1823/1213
f 2238/1821/1873 2240/1823/1213 2241/1824/1874
f 2242/1825/1219 2241/1824/1874 2240/1823/1213
f 2242/1825/1219 2243/1826/1875 2241/1824/1874
f 2243/1826/1875 2242/1825/1219 2244/1827/1220
f 2243/1826/1875 2244/1827/1220 2245/1828/1876
f 2245/1828/1876 2244/1827/1220 2246/1829/1222
f 2245/1828/1876 2246/1829/1222 2247/1830/1877
f 2248/1831/1878 2247/1830/1877 2246/1829/1222
f 2248/1831/1878 2249/1832/1879 2247/1830/1877
f 2250/1833/661 2249/1832/1879 2248/1831/1878
f 2250/1833/661 2251/1834/1880 2249/1832/1879
f 2252/1835/1881 2253/1836/1882 2254/1837/1883
f 2254/1837/1883 2255/1838/1884 2256/1839/1885
f 2254/1837/1883 2257/1840/1886 2255/1838/1884
f 2258/1838/1887 2259/1841/1888 2260/1842/1888
f 2258/1838/1887 2261/1843/1889 2259/1841/1888
f 2262/1839/1890 2261/1843/1889 2258/1838/1887
f 2261/1843/1889 2262/1839/1890 2263/1844/1891
f 2264/1843/1892 2265/1845/1892 2266/1844/1893
f 2267/1841/1894 2265/1845/1892 2264/1843/1892
f 2262/1839/1890 2268/1846/1891 2263/1844/1891
f 2269/1847/1895 2270/1848/1896 2271/1846/1897
f 2272/1839/1898 2273/1846/1898 2274/1847/1898
f 2275/1841/1899 2276/1845/1899 2277/1849/1900
f 2269/1847/1895 2278/1850/1901 2270/1848/1896
f 2279/1850/1902 2280/1851/1903 2281/1847/1904
f 2282/1852/1905 2270/1848/1896 2278/1850/1901
f 2280/1851/1903 2279/1850/1902 2283/1852/1906
f 2284/1851/1907 2285/1853/1908 2286/1852/1909
f 2287/1854/1910 2288/1855/1911 2289/1856/1912
f 2290/1852/1913 2291/1848/1914 2292/1857/1915
f 2285/1853/1908 2293/1857/1916 2286/1852/1909
f 2285/1853/1908 2294/1858/1917 2293/1857/1916
f 2295/1858/1918 2296/1859/1919 2297/1860/1920
f 2298/176/1921 2299/1861/1922 2296/1859/1919
f 2300/1862/1923 2301/1863/1924 2302/1864/1925
f 2302/1864/1925 2303/1865/1926 2300/1862/1923
f 2302/1864/1925 2304/1866/1927 2303/1865/1926
f 2305/1867/1928 2303/1865/1926 2304/1866/1927
f 2305/1867/1928 2304/1866/1927 2306/1868/1929
f 2297/1860/1920 2305/1867/1928 2306/1868/1929
f 2297/1860/1920 2306/1868/1929 2307/1869/1930
f 2295/1858/1918 2297/1860/1920 2307/1869/1930
f 2307/1869/1930 2308/1853/1931 2295/1858/1918
f 2309/1869/1932 2285/1853/1908 2284/1851/1907
f 2304/1866/1927 2310/1870/1933 2311/1871/1934
f 2302/1864/1925 2310/1870/1933 2304/1866/1927
f 2312/1872/1732 2313/1873/1935 2314/1874/1936
f 2312/1872/1732 2315/175/1937 2313/1873/1935
f 2315/175/1937 2298/176/1921 2313/1873/1935
f 2315/175/1937 2316/177/1938 2298/176/1921
f 2316/177/1938 2299/1861/1922 2298/176/1921
f 2316/177/1938 2317/1875/1939 2299/1861/1922
f 2317/1875/1939 2318/1876/1940 2299/1861/1922
f 2299/1861/1922 2318/1876/1940 2319/1877/1941
f 2299/1861/1922 2319/1877/1941 2296/1859/1919
f 2296/1859/1919 2319/1877/1941 2320/1878/1942
f 2320/1878/1942 2297/1860/1920 2296/1859/1919
f 2320/1878/1942 2321/1879/1943 2297/1860/1920
f 2321/1879/1943 2305/1867/1928 2297/1860/1920
f 2321/1879/1943 2322/1880/1944 2305/1867/1928
f 2322/1880/1944 2303/1865/1926 2305/1867/1928
f 2322/1880/1944 2323/1881/1945 2303/1865/1926
f 2323/1881/1945 2300/1862/1923 2303/1865/1926
f 2323/1881/1945 2324/1882/1946 2300/1862/1923
f 2313/1873/1935 2325/1883/1947 2314/1874/1936
f 2325/1883/1947 2326/1884/1318 2314/1874/1936
f 2312/1872/1732 2314/1874/1936 2326/1884/1318
f 2300/1862/1923 2324/1882/1946 2327/1885/1948
f 2328/1886/1949 2300/1862/1923 2327/1885/1948
f 2328/1886/1949 2327/1885/1948 2329/1887/1950
f 2328/1886/1949 2329/1887/1950 2330/1888/1951
f 2328/1886/1949 2330/1888/1951 2331/1889/1952
f 2328/1886/1949 2331/1889/1952 2332/1890/1953
f 2332/1890/1953 2331/1889/1952 2333/1891/1954
f 2332/1890/1953 2333/1891/1954 2334/1892/1955
f 2335/1893/1956 2334/1892/1955 2333/1891/1954
f 2336/1894/1957 2334/1892/1955 2335/1893/1956
f 2336/1894/1957 2335/1893/1956 2337/1895/1958
f 2338/1896/1959 2336/1894/1957 2337/1895/1958
f 2338/1896/1959 2337/1895/1958 2339/1897/1960
f 2340/1898/1961 2338/1896/1959 2339/1897/1960
f 2340/1898/1961 2339/1897/1960 2341/1899/1962
f 2341/1899/1962 2325/1883/1947 2340/1898/1961
f 2341/1899/1962 2342/1900/1963 2325/1883/1947
f 2326/1884/1318 2325/1883/1947 2342/1900/1963
f 2333/1891/1954 2343/1901/1964 2335/1893/1956
f 2342/1900/1963 2344/1902/1965 2326/1884/1318
f 2345/1903/1966 2344/1902/1965 2342/1900/1963
f 2345/1903/1966 2342/1900/1963 2341/1899/1962
f 2345/1903/1966 2341/1899/1962 2339/1897/1960
f 2345/1903/1966 2339/1897/1960 2346/1904/1967
f 2339/1897/1960 2347/1905/1968 2346/1904/1967
f 2339/1897/1960 2337/1895/1958 2347/1905/1968
f 2347/1905/1968 2337/1895/1958 2335/1893/1956
f 2335/1893/1956 2348/1906/1969 2347/1905/1968
f 2348/1906/1969 2335/1893/1956 2343/1901/1964
f 2343/1901/1964 2349/1907/1970 2348/1906/1969
f 2296/1859/1919 2295/1858/1918 2350/1908/1971
f 2298/176/1921 2296/1859/1919 2350/1908/1971
f 2313/1873/1935 2298/176/1921 2350/1908/1971
f 2313/1873/1935 2350/1908/1971 2253/1836/1882
f 2313/1873/1935 2253/1836/1882 2325/1883/1947
f 2253/1836/1882 2340/1898/1961 2325/1883/1947
f 2253/1836/1882 2252/1835/1881 2340/1898/1961
f 2252/1835/1881 2338/1896/1959 2340/1898/1961
f 2252/1835/1881 2351/1909/1972 2338/1896/1959
f 2351/1909/1972 2336/1894/1957 2338/1896/1959
f 2351/1909/1972 2352/1910/1490 2336/1894/1957
f 2352/1910/1490 2334/1892/1955 2336/1894/1957
f 2352/1910/1490 2332/1890/1953 2334/1892/1955
f 2304/1866/1927 2332/1890/1953 2352/1910/1490
f 2304/1866/1927 2328/1886/1949 2332/1890/1953
f 2304/1866/1927 2311/1871/1934 2328/1886/1949
f 2300/1862/1923 2328/1886/1949 2311/1871/1934
f 2300/1862/1923 2311/1871/1934 2301/1863/1924
f 2289/1856/1912 2353/1911/1973 2354/1912/1974
f 2289/1856/1912 2355/1913/1975 2353/1911/1973
f 2288/1855/1911 2355/1913/1975 2289/1856/1912
f 2356/1847/1976 2254/1837/1883 2256/1839/1885
f 2357/1851/1977 2254/1837/1883 2356/1847/1976
f 2252/1835/1881 2254/1837/1883 2357/1851/1977
f 2252/1835/1881 2357/1851/1977 2307/1869/1930
f 2307/1869/1930 2351/1909/1972 2252/1835/1881
f 2307/1869/1930 2306/1868/1929 2351/1909/1972
f 2306/1868/1929 2352/1910/1490 2351/1909/1972
f 2306/1868/1929 2304/1866/1927 2352/1910/1490
f 2358/1914/1978 2359/1915/1979 2360/1916/1980
f 2358/1914/1978 2360/1916/1980 2361/1917/1981
f 2362/1918/1982 2361/1917/1981 2360/1916/1980
f 2362/1918/1982 2363/1919/1983 2361/1917/1981
f 2364/1920/1984 2365/1921/1985 2366/1922/1986
f 2364/1920/1984 2366/1922/1986 2367/1923/1987
f 2367/1923/1987 2368/1924/1988 2364/1920/1984
f 2367/1923/1987 2369/1925/963 2368/1924/1988
f 2369/1925/963 2370/1926/1989 2368/1924/1988
f 2369/1925/963 2371/1927/1990 2370/1926/1989
f 2372/1928/1991 2370/1926/1989 2371/1927/1990
f 2372/1928/1991 2371/1927/1990 2373/1929/1992
f 2363/1919/1983 2372/1928/1991 2373/1929/1992
f 2363/1919/1983 2373/1929/1992 2374/1918/1993
f 2374/1918/1993 2361/1917/1981 2363/1919/1983
f 2374/1918/1993 2375/1916/1994 2361/1917/1981
f 2358/1914/1978 2361/1917/1981 2375/1916/1994
f 2358/1914/1978 2375/1916/1994 2376/1915/1995
f 2363/1919/1983 2362/1918/1982 2377/1929/1790
f 2363/1919/1983 2377/1929/1790 2372/1928/1991
f 2372/1928/1991 2377/1929/1790 2378/1927/1996
f 2372/1928/1991 2378/1927/1996 2370/1926/1989
f 2379/1925/767 2370/1926/1989 2378/1927/1996
f 2379/1925/767 2368/1924/1988 2370/1926/1989
f 2380/1923/1997 2368/1924/1988 2379/1925/767
f 2380/1923/1997 2364/1920/1984 2368/1924/1988
f 2364/1920/1984 2380/1923/1997 2381/1922/1797
f 2364/1920/1984 2381/1922/1797 2365/1921/1985
f 2365/1921/1985 2381/1922/1797 2382/1930/1998
f 2365/1921/1985 2382/1930/1998 2383/1931/1999
f 2383/1931/1999 2382/1930/1998 2384/1932/2000
f 2383/1931/1999 2384/1932/2000 2385/1933/2001
f 2383/1931/1999 2385/1933/2001 2386/1932/2002
f 2383/1931/1999 2386/1932/2002 2387/1930/2003
f 2365/1921/1985 2383/1931/1999 2387/1930/2003
f 2365/1921/1985 2387/1930/2003 2366/1922/1986
f 2388/1934/2004 2389/1935/2005 2390/1936/2006
f 2388/1934/2004 2391/1937/2007 2389/1935/2005
f 2392/1938/484 2391/1937/2007 2388/1934/2004
f 2392/1938/484 2393/1939/2008 2391/1937/2007
f 2392/1938/484 2394/1939/2009 2393/1939/2008
f 2392/1938/484 2395/1938/2010 2394/1939/2009
f 2396/1940/2011 2397/54/1780 2398/52/2012
f 2396/1940/2011 2399/1941/1778 2397/54/1780
f 2399/1941/1778 2396/1940/2011 2400/1942/2013
f 2399/1941/1778 2400/1942/2013 2401/1943/2014
f 2402/1936/2015 2401/1943/2014 2400/1942/2013
f 2402/1936/2015 2403/1935/2016 2401/1943/2014
f 2404/1934/2017 2403/1935/2016 2402/1936/2015
f 2404/1934/2017 2405/1937/2018 2403/1935/2016
f 2395/1938/2010 2405/1937/2018 2404/1934/2017
f 2395/1938/2010 2406/1939/2019 2405/1937/2018
f 2392/1938/484 2406/1939/2019 2395/1938/2010
f 2392/1938/484 2407/1939/1808 2406/1939/2019
f 2392/1938/484 2408/1937/2020 2407/1939/1808
f 2392/1938/484 2388/1934/2004 2408/1937/2020
f 2388/1934/2004 2409/1935/2021 2408/1937/2020
f 2388/1934/2004 2390/1936/2006 2409/1935/2021
f 2390/1936/2006 2410/1943/2022 2409/1935/2021
f 2390/1936/2006 2411/1942/2023 2410/1943/2022
f 2395/1938/2010 2412/1937/2024 2394/1939/2009
f 2395/1938/2010 2404/1934/2017 2412/1937/2024
f 2404/1934/2017 2413/1935/2025 2412/1937/2024
f 2404/1934/2017 2402/1936/2015 2413/1935/2025
f 2402/1936/2015 2414/1943/2026 2413/1935/2025
f 2402/1936/2015 2400/1942/2013 2414/1943/2026
f 2415/1941/2027 2414/1943/2026 2400/1942/2013
f 2415/1941/2027 2400/1942/2013 2396/1940/2011
f 2396/1940/2011 2416/54/2028 2415/1941/2027
f 2396/1940/2011 2398/52/2012 2416/54/2028
f 2398/52/2012 2417/53/2029 2416/54/2028
f 2398/52/2012 2418/1944/2030 2417/53/2029
f 2419/1945/2031 2417/53/2029 2418/1944/2030
f 2419/1945/2031 2418/1944/2030 2420/1946/2032
f 2421/1945/739 2420/1946/2032 2418/1944/2030
f 2421/1945/739 2418/1944/2030 2422/53/2033
f 2398/52/2012 2422/53/2033 2418/1944/2030
f 2398/52/2012 2397/54/1780 2422/53/2033
f 2423/1941/2034 2410/1943/2022 2411/1942/2023
f 2423/1941/2034 2411/1942/2023 2424/1940/2035
f 2424/1940/2035 57/54/52 2423/1941/2034
f 2424/1940/2035 55/52/50 57/54/52
f 55/52/50 2425/1944/2036 56/53/51
f 2426/1945/1846 56/53/51 2425/1944/2036
f 2426/1945/1846 2425/1944/2036 2427/1946/2037
f 2428/1945/983 2427/1946/2037 2425/1944/2036
f 2428/1945/983 2425/1944/2036 2429/53/986
f 55/52/50 2429/53/986 2425/1944/2036
f 55/52/50 2430/54/2038 2429/53/986
f 2424/1940/2035 2430/54/2038 55/52/50
f 2424/1940/2035 2431/1941/2039 2430/54/2038
f 2431/1941/2039 2424/1940/2035 2411/1942/2023
f 2431/1941/2039 2411/1942/2023 2432/1943/1041
f 2390/1936/2006 2432/1943/1041 2411/1942/2023
f 2390/1936/2006 2389/1935/2005 2432/1943/1041
f 2433/1947/2040 2434/1948/2041 2435/1949/2042
f 2433/1947/2040 2435/1949/2042 2436/1950/2043
f 2436/1950/2043 2435/1949/2042 2437/1951/2044
f 2437/1951/2044 2435/1949/2042 2438/1949/2045
f 2437/1951/2044 2438/1949/2045 2439/1951/2046
f 2438/1949/2045 2440/1952/2047 2439/1951/2046
f 2438/1949/2045 2441/1953/2048 2440/1952/2047
f 2442/1953/2049 2440/1952/2047 2441/1953/2048
f 2435/1949/2042 2442/1953/2049 2441/1953/2048
f 2435/1949/2042 2441/1953/2048 2438/1949/2045
f 2442/1953/2049 2443/1952/2050 2440/1952/2047
f 2444/1954/2051 2443/1952/2050 2442/1953/2049
f 2442/1953/2049 2445/1955/2052 2444/1954/2051
f 2442/1953/2049 2446/1956/2053 2445/1955/2052
f 2447/1957/2054 2448/1958/2055 2449/1959/2056
f 2447/1957/2054 2450/1960/717 2448/1958/2055
f 2451/1961/718 2452/1962/2057 2453/1963/2058
f 2451/1961/718 2454/1964/721 2452/1962/2057
f 2455/1965/2059 2456/1966/1088 2457/1967/1087
f 2455/1965/2059 2458/1968/2060 2456/1966/1088
f 2459/1969/2061 2460/1970/2062 2461/1971/1115
f 2459/1969/2061 2462/1972/2063 2460/1970/2062
f 2463/1973/53 2464/1974/53 2465/1975/53
f 2466/1976/54 2464/1974/53 2463/1973/53
f 58/55/53 2467/1977/53 59/56/54
f 2468/1978/2064 2469/1979/56 2470/1980/57
f 2471/1981/2065 2469/1979/56 2468/1978/2064
f 61/58/56 2472/1982/2066 62/59/57
f 2473/1983/658 2474/1984/2067 2475/1985/1262
f 2476/1986/660 2474/1984/2067 2473/1983/658
f 2477/1987/1266 2478/1988/661 2479/1989/2068
f 2477/1987/1266 2480/1990/2069 2478/1988/661
f 2481/1991/876 2482/1992/2070 2483/1993/2071
f 2481/1991/876 2484/1994/1215 2482/1992/2070
f 2485/1995/1287 2486/1996/2072 2487/1997/2073
f 2485/1995/1287 2488/1998/2074 2486/1996/2072
f 2485/1995/1287 2489/1999/1291 2488/1998/2074
f 2485/1995/1287 2490/2000/1191 2489/1999/1291
f 2491/2001/2075 2492/2002/1293 2493/2003/1294
f 2491/2001/2075 2494/2004/2076 2492/2002/1293
f 2495/2005/1295 2492/2002/1293 2494/2004/2076
f 2495/2005/1295 2494/2004/2076 2496/2006/2077
f 2496/2006/2077 2497/2007/2078 2495/2005/1295
f 2496/2006/2077 2498/2008/2079 2497/2007/2078
f 2498/2008/2079 2499/2009/1299 2497/2007/2078
f 2498/2008/2079 2500/2010/2080 2499/2009/1299
f 2501/2011/2081 2499/2009/1299 2500/2010/2080
f 2501/2011/2081 2500/2010/2080 2502/2012/2082
f 2503/2013/1303 2501/2011/2081 2502/2012/2082
f 2503/2013/1303 2502/2012/2082 2504/2014/2083
f 2505/2015/2084 2506/2016/1303 2507/2017/1341
f 2505/2015/2084 2508/2018/1342 2506/2016/1303
f 2509/2019/2085 2510/2020/2086 2511/2021/1194
f 2509/2019/2085 2512/2022/2087 2510/2020/2086
f 2513/2023/2088 2514/2024/2089 2515/2025/2090
f 2513/2023/2088 2516/2026/2091 2514/2024/2089
f 2517/2027/2092 2516/2026/2091 2513/2023/2088
f 2517/2027/2092 2518/2028/2093 2516/2026/2091
f 2519/2029/2094 2518/2028/2093 2517/2027/2092
f 2519/2029/2094 2520/2030/2095 2518/2028/2093
f 2521/2031/2096 2520/2030/2095 2519/2029/2094
f 2521/2031/2096 2522/2032/2097 2520/2030/2095
f 2523/2033/2098 2522/2032/2097 2521/2031/2096
f 2523/2033/2098 2524/2034/2099 2522/2032/2097
f 2523/2033/2098 2525/2035/2100 2524/2034/2099
f 2526/2036/2101 2525/2035/2100 2523/2033/2098
f 2527/2037/2102 2525/2035/2100 2526/2036/2101
f 2527/2037/2102 2528/2038/2103 2525/2035/2100
f 2529/2039/2104 2528/2038/2103 2527/2037/2102
f 2529/2039/2104 2530/2040/2105 2528/2038/2103
f 2531/2041/2106 2532/2042/58 2533/2043/2107
f 2533/2043/2107 2532/2042/58 2534/2044/2108
f 2534/2044/2108 2532/2042/58 2535/2045/2109
f 2535/2045/2109 2532/2042/58 2536/2046/2110
f 2536/2046/2110 2532/2042/58 2537/2047/2111
f 2537/2047/2111 2532/2042/58 2531/2041/2106
f 2538/2048/2112 2539/2049/2113 2540/2050/2114
f 2538/2048/2112 2541/2051/2115 2539/2049/2113
f 2541/2051/2115 2542/2052/2116 2539/2049/2113
f 2541/2051/2115 2543/2053/2117 2542/2052/2116
f 2544/2054/2118 2545/2055/2119 2546/2055/2120
f 2544/2054/2118 2547/2054/2118 2545/2055/2119
f 2548/2056/2121 2549/2057/2122 2550/2058/1066
f 2548/2056/2121 2551/2059/2123 2549/2057/2122
f 2552/2060/2124 2553/2061/2125 2554/2062/2126
f 2552/2060/2124 2555/2063/2127 2553/2061/2125
f 2552/2060/2124 2556/2061/2128 2555/2063/2127
f 2552/2060/2124 2557/2062/737 2556/2061/2128
f 2558/2064/2129 2559/2065/2130 2560/2066/2131
f 2558/2064/2129 2561/2067/2132 2559/2065/2130
f 2558/2064/2129 2562/2065/2133 2561/2067/2132
f 2558/2064/2129 2563/2066/2134 2562/2065/2133
f 2564/2068/2135 2565/2069/2136 2566/2070/2137
f 2564/2068/2135 2567/2071/2138 2565/2069/2136
f 2564/2068/2135 2568/2072/2139 2567/2071/2138
f 2564/2068/2135 2569/2073/2140 2568/2072/2139
f 2570/2074/2141 2571/2075/2142 2572/2076/2143
f 2570/2074/2141 2573/2077/2144 2571/2075/2142
f 2574/2078/2145 2573/2077/2144 2570/2074/2141
f 2574/2078/2145 2575/2079/2146 2573/2077/2144
f 2576/2078/2147 2573/2077/2144 2575/2079/2146
f 2576/2078/2147 2577/2074/2148 2573/2077/2144
f 2577/2074/2148 2571/2075/2142 2573/2077/2144
f 2577/2074/2148 2578/2076/2149 2571/2075/2142
f 2579/2080/2150 2580/2081/2151 2581/2082/2152
f 2579/2080/2150 2582/2083/2153 2580/2081/2151
f 2579/2080/2150 2583/2084/2154 2582/2083/2153
f 2579/2080/2150 2584/2085/2155 2583/2084/2154
f 2585/2086/8 2586/2087/8 2587/2088/8
f 2588/2089/7 2589/2088/7 2590/2086/7
f 2591/2090/58 2592/2089/58 2587/2088/58
f 2593/2091/2156 2594/2092/2157 2595/2093/96
f 2594/2092/2157 2596/2094/2134 2595/2093/96
f 2596/2094/2134 2597/2095/2158 2595/2093/96
f 2597/2095/2158 2598/2096/2159 2595/2093/96
f 2598/2096/2159 2599/2097/2160 2595/2093/96
f 2599/2097/2160 2593/2091/2156 2595/2093/96
f 2600/2098/2161 2601/2098/2161 2602/2098/2161
f 2603/2099/2162 2604/2099/2163 2605/2099/2164
f 2604/2099/2163 2606/2099/2165 2605/2099/2164
f 2605/2099/2164 2606/2099/2165 2607/2099/2166
f 2606/2099/2165 2608/2099/2167 2607/2099/2166
f 2608/2099/2167 2609/2099/7 2607/2099/2166
f 2610/2100/425 2611/2100/2168 2612/2100/2169
f 2611/2100/2168 2613/2100/2170 2612/2100/2169
f 2614/2101/2171 2615/2101/2172 2616/2101/2173
f 2617/2101/2174 2615/2101/2172 2614/2101/2171
f 2618/2102/2175 2619/2102/2176 2620/2102/425
f 2621/2102/2177 2619/2102/2176 2618/2102/2175
f 2622/2102/2178 2619/2102/2176 2621/2102/2177
f 2623/2102/568 2622/2102/2178 2621/2102/2177
f 2624/2102/2179 2622/2102/2178 2623/2102/568
f 2625/2103/2180 2626/2104/2146 2627/2104/2181
f 2625/2103/2180 2628/2103/2182 2626/2104/2146
f 2629/2103/2183 2626/2104/2146 2628/2103/2182
f 2629/2103/2183 2630/2104/2184 2626/2104/2146
f 2631/2105/2185 2632/2105/2186 2633/2106/2187
f 2634/2106/2188 2633/2106/2187 2635/2107/2189
f 2631/2105/2185 2633/2106/2187 2634/2106/2188
f 2636/2108/2190 2631/2105/2185 2634/2106/2188
f 2637/2109/2191 2631/2105/2185 2636/2108/2190
f 2637/2109/2191 2638/2110/2192 2631/2105/2185
f 2638/2110/2192 2632/2105/2186 2631/2105/2185
f 2638/2110/2192 2639/2110/2193 2632/2105/2186
f 2640/2111/2194 2641/2111/2195 2642/2112/2195
f 2640/2111/2194 2642/2112/2195 2643/2112/2196
f 2644/2113/2197 2640/2111/2194 2643/2112/2196
f 2644/2113/2197 2643/2112/2196 2645/2114/2198
f 2646/2113/2199 2644/2113/2197 2645/2114/2198
f 2646/2113/2199 2645/2114/2198 2647/2114/2200
f 2648/2109/2201 2637/2109/2191 2636/2108/2190
f 2648/2109/2201 2636/2108/2190 2649/2108/2202
f 2649/2108/2202 2636/2108/2190 2650/2115/2203
f 2636/2108/2190 2634/2106/2188 2650/2115/2203
f 2650/2115/2203 2634/2106/2188 2651/2116/2204
f 2634/2106/2188 2635/2107/2189 2651/2116/2204
f 2649/2108/2202 2650/2115/2203 2652/2115/2205
f 2650/2115/2203 2651/2116/2204 2653/2117/2206
f 2654/2118/2207 2655/2119/2208 2656/2118/2209
f 2657/2120/2150 2658/2121/2210 2659/2122/2211
f 2657/2120/2150 2660/2123/2212 2658/2121/2210
f 2661/2124/2213 2658/2121/2210 2660/2123/2212
f 2661/2124/2213 2662/2125/2137 2658/2121/2210
f 2663/2126/2214 2664/2127/2215 2665/2128/2216
f 2664/2127/2215 2666/2129/2217 2665/2128/2216
f 2664/2127/2215 2667/2130/2218 2666/2129/2217
f 2668/2131/2219 2667/2130/2218 2664/2127/2215
f 2669/2132/2220 2670/2133/2221 2671/2134/2222
f 2672/2135/2223 2670/2133/2221 2669/2132/2220
f 2673/2136/2224 2670/2133/2221 2672/2135/2223
f 2674/2137/2225 2675/2138/2225 2676/2139/2226
f 2677/2140/2226 2675/2138/2225 2674/2137/2225
f 2678/2141/2227 2679/2142/2228 2680/2143/2229
f 2679/2142/2228 2681/2144/2227 2680/2143/2229
f 2682/2145/2230 2683/2146/2231 2684/2147/2232
f 2683/2146/2231 2685/2148/2231 2684/2147/2232
f 2685/2148/2231 2686/2149/2233 2684/2147/2232
f 2687/2150/570 2688/2151/2234 2689/2152/2235
f 2690/2153/58 2691/2154/2236 2692/2155/2237
f 2693/2156/2238 2694/2157/2239 2695/2158/2240
f 2693/2156/2238 2696/2159/2241 2694/2157/2239
f 2697/2160/2242 2696/2159/2241 2693/2156/2238
f 2697/2160/2242 2698/2161/2243 2696/2159/2241
f 2699/2162/2244 2700/2163/2245 2701/2163/2246
f 2702/2164/2247 2703/2165/2248 2704/2165/2249
f 2699/2162/2244 2701/2163/2246 2705/2162/2250
f 2705/2162/2250 2701/2163/2246 2706/2166/2251
f 2701/2163/2246 2707/2167/2252 2706/2166/2251
f 2701/2163/2246 2708/2168/2253 2707/2167/2252
f 2700/2163/2245 2708/2168/2253 2701/2163/2246
f 2700/2163/2245 2709/2168/2254 2708/2168/2253
f 2702/2164/2247 2704/2165/2249 2710/2164/2255
f 2710/2164/2255 2704/2165/2249 2711/2169/2256
f 2705/2162/2250 2706/2166/2251 2712/2170/2257
f 2712/2170/2257 2706/2166/2251 2713/2166/2185
f 2706/2166/2251 2714/2167/2258 2713/2166/2185
f 2706/2166/2251 2707/2167/2252 2714/2167/2258
f 2707/2167/2252 2715/2171/2259 2714/2167/2258
f 2707/2167/2252 2716/2171/2260 2715/2171/2259
f 2708/2168/2253 2716/2171/2260 2707/2167/2252
f 2708/2168/2253 2717/2172/2261 2716/2171/2260
f 2710/2164/2255 2711/2169/2256 2718/2173/2262
f 2718/2173/2262 2711/2169/2256 2719/2169/2263
f 2712/2170/2257 2713/2166/2185 2720/2170/2264
f 2718/2173/2262 2719/2169/2263 2721/2173/2195
f 2722/2174/2265 2723/2175/2266 2724/2176/2267
f 2725/2177/2268 2726/2178/2269 2727/2179/2270
f 2725/2177/2268 2727/2179/2270 2728/2180/2271
f 2725/2177/2268 2728/2180/2271 2729/2179/2272
f 2729/2179/2272 2728/2180/2271 2730/2181/2273
f 2729/2179/2272 2730/2181/2273 2731/2182/2274
f 2731/2182/2274 2730/2181/2273 2732/2183/2275
f 2731/2182/2274 2732/2183/2275 2722/2174/2265
f 2722/2174/2265 2732/2183/2275 2723/2175/2266
f 2733/2174/2276 2734/2175/2277 2732/2183/2275
f 2733/2174/2276 2735/2176/2278 2734/2175/2277
f 2727/2179/2270 2730/2181/2273 2728/2180/2271
f 2727/2179/2270 2736/2182/2279 2730/2181/2273
f 2736/2182/2279 2732/2183/2275 2730/2181/2273
f 2736/2182/2279 2733/2174/2276 2732/2183/2275
f 2725/2177/2268 2729/2179/2272 2737/2178/586
f 2738/2184/2280 2739/2185/2281 2740/2186/2282
f 2738/2184/2280 2741/2187/2283 2739/2185/2281
f 2741/2187/2283 2742/2188/2187 2739/2185/2281
f 2741/2187/2283 2743/2189/2284 2742/2188/2187
f 2744/2190/84 2745/2191/2285 2746/2192/2286
f 2747/2193/2287 2748/2194/2288 2749/2195/2289
f 2750/2196/2290 2751/2197/2291 2752/2198/2292
f 2750/2196/2290 2753/2199/2293 2751/2197/2291
f 2750/2196/2290 2754/2197/2294 2753/2199/2293
f 2750/2196/2290 2755/2198/2295 2754/2197/2294
f 2756/2200/2296 2757/2201/2217 2758/2202/2297
f 2756/2200/2296 2759/2203/2199 2757/2201/2217
f 2760/2200/2298 2757/2201/2217 2759/2203/2199
f 2760/2200/2298 2759/2203/2199 2761/2201/2299
f 2760/2200/2298 2761/2201/2299 2762/2202/2300
f 2762/2202/2300 2761/2201/2299 2763/2204/2301
f 2762/2202/2300 2763/2204/2301 2764/2205/2302
f 2764/2205/2302 2763/2204/2301 2765/2206/2195
f 2764/2205/2302 2765/2206/2195 2766/2207/2303
f 2767/2205/2304 2766/2207/2303 2765/2206/2195
f 2767/2205/2304 2765/2206/2195 2768/2204/2215
f 2769/2205/2305 2768/2204/2215 2765/2206/2195
f 2769/2205/2305 2765/2206/2195 2770/2207/2306
f 2771/2205/88 2770/2207/2306 2765/2206/2195
f 2771/2205/88 2765/2206/2195 2763/2204/2301
f 2772/2202/2307 2771/2205/88 2763/2204/2301
f 2772/2202/2307 2763/2204/2301 2761/2201/2299
f 2756/2200/2296 2772/2202/2307 2761/2201/2299
f 2756/2200/2296 2761/2201/2299 2759/2203/2199
f 2760/2200/2298 2773/2202/2308 2757/2201/2217
f 2774/2208/7 2775/2209/96 2776/2210/7
f 2774/2208/7 2776/2210/7 2777/2211/7
f 2778/2212/2309 2779/2213/2309 2780/2212/2309
f 2778/2212/2309 2781/2213/2309 2779/2213/2309
f 2782/2214/2310 2783/2215/2310 2784/2215/2311
f 2782/2214/2310 2785/2214/2312 2783/2215/2310
f 2786/2216/2313 2787/2217/2314 2788/2218/2315
f 2789/2216/87 2788/2218/2315 2787/2217/2314
f 2789/2216/87 2787/2217/2314 2790/2219/2316
f 2791/2220/2317 2789/2216/87 2790/2219/2316
f 2791/2220/2317 2790/2219/2316 2792/2221/2318
f 2793/2222/2319 2791/2220/2317 2792/2221/2318
f 2793/2222/2319 2792/2221/2318 2794/2223/2320
f 2793/2222/2319 2794/2223/2320 2795/2221/2321
f 2793/2222/2319 2795/2221/2321 2796/2220/2322
f 2797/2224/2225 2798/2225/2225 2799/2226/2225
f 2797/2224/2225 2799/2226/2225 2800/2227/2225
f 2786/2216/2313 2801/2219/2323 2787/2217/2314
f 2802/2228/2324 2803/2229/2325 2804/2230/2326
f 2804/2230/2326 2803/2229/2325 2805/2231/2327
f 2804/2230/2326 2805/2231/2327 2806/2232/2328
f 2806/2232/2328 2807/2233/2259 2804/2230/2326
f 2806/2232/2328 2808/2234/2329 2807/2233/2259
f 2806/2232/2328 2805/2231/2327 2809/2235/2330
f 2810/2236/2331 2811/2237/2332 2812/2238/2259
f 2812/2238/2259 2811/2237/2332 2813/2239/2326
f 2811/2237/2332 2814/2240/2333 2813/2239/2326
f 2811/2237/2332 2815/2241/2327 2814/2240/2333
f 2816/2242/2334 2815/2241/2327 2811/2237/2332
f 2813/2239/2326 2814/2240/2333 2817/2243/2333
f 2818/2244/2335 2819/2245/2336 2820/2245/2337
f 2818/2244/2335 2821/2244/2338 2819/2245/2336
f 2822/2244/2339 2819/2245/2336 2821/2244/2338
f 2822/2244/2339 2823/2245/2340 2819/2245/2336
f 2824/2246/2341 2825/2247/2342 2826/2248/2343
f 2824/2246/2341 2827/2249/2344 2825/2247/2342
f 2828/2250/2345 2825/2247/2342 2827/2249/2344
f 2828/2250/2345 2829/2251/2346 2825/2247/2342
f 2830/2252/2347 2831/2253/2348 2832/2254/2349
f 2830/2252/2347 2832/2254/2349 2833/2255/2350
f 2834/2256/2351 2830/2252/2347 2833/2255/2350
f 2834/2256/2351 2833/2255/2350 2835/2257/2336
f 2836/2256/2352 2835/2257/2336 2833/2255/2350
f 2836/2256/2352 2833/2255/2350 2837/2252/2353
f 2837/2252/2353 2833/2255/2350 2832/2254/2349
f 2837/2252/2353 2832/2254/2349 2838/2253/2354
f 2839/2258/2355 2840/2259/2356 2841/2260/2357
f 2839/2258/2355 2842/2261/2358 2840/2259/2356
f 2839/2258/2355 2843/2262/2359 2842/2261/2358
f 2839/2258/2355 2844/2263/2360 2843/2262/2359
f 2845/2264/2361 2846/2265/2362 2847/2266/2363
f 2845/2264/2361 2848/2267/2364 2846/2265/2362
f 2845/2264/2361 2849/2268/2365 2848/2267/2364
f 2845/2264/2361 2850/2269/2343 2849/2268/2365
f 2851/2270/2366 2852/2271/2367 2853/2272/2368
f 2851/2270/2366 2854/2273/2369 2852/2271/2367
f 2851/2270/2366 2855/2271/2370 2854/2273/2369
f 2851/2270/2366 2856/2272/2371 2855/2271/2370
f 2857/2274/2372 2858/2275/2373 2859/2276/2374
f 2860/2277/834 2861/2278/2375 2862/2279/2376
f 2863/2280/15 2864/2281/15 2865/2282/15
f 2866/2283/95 2867/2280/95 2868/2281/95
f 2869/2284/15 2864/2281/15 2870/2283/15
f 2871/2285/2377 2872/2286/2378 2873/2287/2379
f 2871/2285/2377 2874/2288/2380 2872/2286/2378
f 2874/2288/2380 2875/2289/2381 2872/2286/2378
f 2874/2288/2380 2876/2290/2382 2875/2289/2381
f 2877/2291/2383 2878/2291/2384 2879/2291/2385
f 2880/2291/95 2877/2291/2383 2879/2291/2385
f 2881/2292/2386 2882/2292/15 2883/2292/2387
f 2884/2292/2388 2881/2292/2386 2883/2292/2387
f 2885/2292/2389 2884/2292/2388 2883/2292/2387
f 2886/2292/2390 2884/2292/2388 2885/2292/2389
f 2887/2292/2391 2886/2292/2390 2885/2292/2389
f 2888/2293/2392 2889/2293/2393 2890/2293/2394
f 2890/2293/2394 2889/2293/2393 2891/2293/2395
f 2889/2293/2393 2892/2293/2396 2891/2293/2395
f 2891/2293/2395 2892/2293/2396 2893/2293/2397
f 2893/2293/2397 2892/2293/2396 2894/2293/2398
f 2895/2294/2399 2896/2294/2400 2897/2294/2401
f 2897/2294/2401 2896/2294/2400 2898/2294/2402
f 2899/2295/2403 2900/2295/2403 2901/2295/2403
f 2902/2296/2404 2903/2296/2405 2904/2297/2406
f 2902/2296/2404 2904/2297/2406 2905/2297/2404
f 2906/2298/95 2907/2299/95 2908/2300/95
f 2906/2298/95 2909/2301/95 2907/2299/95
f 2910/2302/2407 2911/2303/2404 2912/2302/2404
f 2910/2302/2407 2913/2303/2406 2911/2303/2404
f 2914/2304/2408 2915/2305/2409 2916/2306/2410
f 2914/2304/2408 2917/2307/2411 2915/2305/2409
f 2917/2307/2411 2918/2305/2412 2915/2305/2409
f 2917/2307/2411 2919/2307/2413 2918/2305/2412
f 2920/2308/2414 2919/2307/2413 2917/2307/2411
f 2920/2308/2414 2921/2308/65 2919/2307/2413
f 2922/2309/2415 2921/2308/65 2920/2308/2414
f 2923/2310/2416 2922/2309/2415 2920/2308/2414
f 2924/2311/2417 2925/2312/2418 2926/2313/2419
f 2927/2311/2420 2924/2311/2417 2926/2313/2419
f 2922/2309/2415 2928/2309/2421 2921/2308/65
f 2929/2314/2422 2930/2312/2423 2925/2312/2418
f 2924/2311/2417 2929/2314/2422 2925/2312/2418
f 2929/2314/2422 2931/2314/2423 2930/2312/2423
f 2927/2311/2420 2926/2313/2419 2932/2313/2424
f 2933/2310/2425 2923/2310/2416 2934/2315/2426
f 2923/2310/2416 2920/2308/2414 2934/2315/2426
f 2934/2315/2426 2920/2308/2414 2917/2307/2411
f 2934/2315/2426 2917/2307/2411 2914/2304/2408
f 2935/2315/2427 2934/2315/2426 2914/2304/2408
f 2935/2315/2427 2914/2304/2408 2936/2304/2428
f 2933/2310/2425 2934/2315/2426 2935/2315/2427
f 2937/2316/2429 2938/2317/2430 2939/2318/2431
f 2937/2316/2429 2940/2319/2432 2938/2317/2430
f 2941/2316/2433 2942/2317/2434 2940/2319/2432
f 2943/2320/2435 2941/2316/2433 2940/2319/2432
f 2943/2320/2435 2940/2319/2432 2944/2321/2436
f 2945/2322/2437 2943/2320/2435 2944/2321/2436
f 2945/2322/2437 2944/2321/2436 2946/2323/480
f 2947/2324/2438 2945/2322/2437 2946/2323/480
f 2947/2324/2438 2946/2323/480 2948/2322/2439
f 2947/2324/2438 2948/2322/2439 2949/2325/2440
f 2950/2320/2441 2940/2319/2432 2937/2316/2429
f 2950/2320/2441 2944/2321/2436 2940/2319/2432
f 2948/2322/2439 2944/2321/2436 2950/2320/2441
f 2948/2322/2439 2946/2323/480 2944/2321/2436
f 2947/2324/2438 2951/2325/2442 2945/2322/2437
f 2941/2316/2433 2952/2318/2443 2942/2317/2434
f 2953/2326/2444 2954/2327/2445 2955/2328/2446
f 2956/2329/95 2957/2330/2447 2958/2331/2431
f 2959/2332/2448 2960/2333/2449 2961/2334/2450
f 2959/2332/2448 2962/2335/2451 2960/2333/2449
f 2962/2335/2451 2963/2336/2357 2960/2333/2449
f 2962/2335/2451 2964/2337/2343 2963/2336/2357
f 2965/2338/2452 2966/2339/2453 2967/2340/2453
f 2965/2338/2452 2968/2341/2454 2966/2339/2453
f 2969/2342/2455 2970/2343/2456 2971/2344/2457
f 2972/2345/2458 2973/2346/2459 2974/2347/2460
f 2972/2345/2458 2975/2348/2459 2973/2346/2459
f 2976/2349/2461 2977/2350/2462 2978/2351/2463
f 2976/2349/2461 2979/2352/2464 2977/2350/2462
f 2976/2349/2461 2980/2350/2465 2979/2352/2464
f 2976/2349/2461 2981/2351/2466 2980/2350/2465
f 2981/2351/2466 2982/2343/2467 2980/2350/2465
f 2981/2351/2466 2983/2342/2468 2982/2343/2467
f 2983/2342/2468 2971/2344/2457 2982/2343/2467
f 2983/2342/2468 2984/2353/566 2971/2344/2457
f 2969/2342/2455 2971/2344/2457 2984/2353/566
f 77/74/60 2985/2354/2469 78/75/15
f 2985/2354/2469 2986/2355/2470 78/75/15
f 2986/2355/2470 2987/2356/2471 78/75/15
f 2987/2356/2471 2988/2357/2472 78/75/15
f 2988/2357/2472 76/73/59 78/75/15
f 2989/2358/2473 2990/2359/95 2991/2360/2474
f 2991/2360/2474 2990/2359/95 2992/2361/2475
f 2992/2361/2475 2990/2359/95 2993/2362/2476
f 2993/2362/2476 2990/2359/95 2994/2363/2477
f 2994/2363/2477 2990/2359/95 2995/2364/2478
f 2995/2364/2478 2990/2359/95 2989/2358/2473
f 2996/2365/2479 2997/2366/2480 2998/2367/2481
f 2996/2365/2479 2999/2368/2482 2997/2366/2480
f 2996/2365/2479 3000/2366/2483 2999/2368/2482
f 2996/2365/2479 3001/2367/2484 3000/2366/2483
f 3002/2369/2485 3003/2370/2486 3004/2371/2487
f 3002/2369/2485 3005/2372/2488 3003/2370/2486
f 3002/2369/2485 3006/2373/2489 3005/2372/2488
f 3002/2369/2485 3007/2374/2490 3006/2373/2489
f 79/76/61 3008/2375/2491 80/77/62
f 3009/2376/2492 3008/2375/2491 79/76/61
f 3009/2376/2492 3010/2377/1373 3008/2375/2491
f 3011/2376/2493 3008/2375/2491 3010/2377/1373
f 3011/2376/2493 3012/76/2494 3008/2375/2491
f 3012/76/2494 80/77/62 3008/2375/2491
f 3012/76/2494 3013/78/2495 80/77/62
f 3014/2378/2496 3015/2379/2497 3016/2380/2498
f 3014/2378/2496 3017/2381/2499 3015/2379/2497
f 3014/2378/2496 3018/2382/2500 3017/2381/2499
f 3014/2378/2496 3019/2383/2501 3018/2382/2500
f 3020/2384/2502 3021/2385/2503 3022/2385/2504
f 3022/2385/2504 3023/2386/2505 3024/2387/2506
f 3025/2388/2507 3024/2387/2506 3026/2387/2412
f 3022/2385/2504 3024/2387/2506 3025/2388/2507
f 3027/2384/2508 3022/2385/2504 3025/2388/2507
f 3020/2384/2502 3022/2385/2504 3027/2384/2508
f 3028/79/2509 3020/2384/2502 3027/2384/2508
f 3028/79/2509 3027/2384/2508 82/79/64
f 3029/2389/2510 3030/2390/2511 3031/2390/2512
f 3029/2389/2510 3031/2390/2512 3032/2389/2513
f 3032/2389/2513 3031/2390/2512 3033/2391/2514
f 3032/2389/2513 3033/2391/2514 3034/2392/2515
f 3034/2392/2515 3033/2391/2514 3035/2391/2516
f 3034/2392/2515 3035/2391/2516 3036/2392/2517
f 84/81/66 3037/80/2518 3038/81/2519
f 84/81/66 83/80/65 3037/80/2518
f 82/79/64 3027/2384/2508 83/80/65
f 3027/2384/2508 3025/2388/2507 83/80/65
f 83/80/65 3025/2388/2507 3039/2388/2520
f 3025/2388/2507 3026/2387/2412 3039/2388/2520
f 83/80/65 3039/2388/2520 3037/80/2518
f 3040/2393/2521 3041/2393/2522 3042/2394/2523
f 3043/2395/2524 3044/2396/1373 3045/2396/2525
f 3043/2395/2524 3046/2395/1232 3044/2396/1373
f 3047/2395/2526 3044/2396/1373 3046/2395/1232
f 3047/2395/2526 3048/2396/2527 3044/2396/1373
f 3049/2397/2528 3050/2398/2529 3051/2399/2530
f 3051/2399/2530 3050/2398/2529 3052/2400/2531
f 3051/2399/2530 3052/2400/2531 3053/2401/2532
f 3054/2402/2533 3051/2399/2530 3053/2401/2532
f 3055/2403/2534 3056/2404/2459 3057/2405/2460
f 3056/2404/2459 3058/2406/2535 3057/2405/2460
f 3059/2407/2536 3060/2408/2537 3061/2409/2538
f 3060/2408/2537 3062/2410/2539 3061/2409/2538
f 3062/2410/2539 3063/2411/2540 3061/2409/2538
f 3064/2412/2541 3065/2413/2542 3066/2414/2542
f 3066/2414/2542 3065/2413/2542 3067/2415/2543
f 3068/2416/2544 3069/2417/2545 3070/2418/2546
f 3070/2418/2546 3069/2417/2545 3071/2419/2545
f 3071/2419/2545 3069/2417/2545 3072/2420/2547
f 3073/2421/2548 3074/2422/2549 3075/2423/2550
f 3073/2421/2548 3076/2424/2551 3074/2422/2549
f 3077/2425/2552 3074/2422/2549 3076/2424/2551
f 3077/2425/2552 3078/2426/2553 3074/2422/2549
f 85/82/67 3079/2427/2554 86/83/68
f 3080/2428/2555 3079/2427/2554 85/82/67
f 3080/2428/2555 3081/2429/2556 3079/2427/2554
f 3082/2430/785 3083/2431/786 3084/2432/787
f 3085/2433/76 3086/2434/2557 3087/2435/789
f 3088/2436/76 3089/2437/76 3090/2438/76
f 3091/2439/2558 3088/2436/76 3090/2438/76
f 3092/2440/76 3091/2439/2558 3090/2438/76
f 3093/2441/2559 3094/2442/2560 3095/2443/2561
f 3093/2441/2559 3096/2444/2562 3094/2442/2560
f 3097/2445/2563 3096/2444/2562 3093/2441/2559
f 3097/2445/2563 3098/2446/2564 3096/2444/2562
f 3099/2447/2565 3100/2448/2566 3101/2449/2567
f 3099/2447/2565 3102/2450/2568 3100/2448/2566
f 3099/2447/2565 3103/2448/2569 3102/2450/2568
f 3099/2447/2565 3104/2449/2570 3103/2448/2569
f 3105/2451/2571 3106/2451/2572 3107/2452/1249
f 3105/2451/2571 3107/2452/1249 3108/2452/2573
f 3109/2453/2574 3105/2451/2571 3108/2452/2573
f 3109/2453/2574 3108/2452/2573 3110/2454/2575
f 3111/2453/1232 3109/2453/2574 3110/2454/2575
f 3111/2453/1232 3110/2454/2575 3112/2454/2576
f 3113/2455/2577 3114/2455/2578 3115/2456/2579
f 3113/2455/2577 3115/2456/2579 3116/2456/2580
f 3116/2456/2580 3115/2456/2579 3117/2457/2581
f 3115/2456/2579 3118/2458/2582 3117/2457/2581
f 3117/2457/2581 3118/2458/2582 3119/2459/2583
f 3118/2458/2582 3120/2459/81 3119/2459/2583
f 3117/2457/2581 3119/2459/2583 3121/2460/80
f 3116/2456/2580 3117/2457/2581 3122/2457/2584
f 3118/2458/2582 3123/2458/2585 3120/2459/81
f 3124/2461/2586 3123/2458/2585 3118/2458/2582
f 3115/2456/2579 3124/2461/2586 3118/2458/2582
f 3114/2455/2578 3124/2461/2586 3115/2456/2579
f 3114/2455/2578 3125/2462/2587 3124/2461/2586
f 3125/2462/2587 3126/2461/2588 3124/2461/2586
f 3125/2462/2587 3127/2462/2589 3126/2461/2588
f 3124/2461/2586 3126/2461/2588 3123/2458/2585
f 3128/2463/2590 3129/2464/2591 3130/2465/2592
f 3128/2463/2590 3131/2466/2593 3129/2464/2591
f 3131/2466/2593 3132/2467/2594 3129/2464/2591
f 3131/2466/2593 3133/2468/2595 3132/2467/2594
f 3134/2469/2596 3135/2470/2597 3136/2470/2598
f 3137/2471/2599 3138/2472/2600 3139/2471/2601
f 3139/2471/2601 3138/2472/2600 3140/2473/2602
f 3138/2472/2600 3141/2474/2603 3140/2473/2602
f 3138/2472/2600 3142/2475/2604 3141/2474/2603
f 3143/2472/2605 3142/2475/2604 3138/2472/2600
f 3143/2472/2605 3144/2475/2606 3142/2475/2604
f 3137/2471/2599 3143/2472/2605 3138/2472/2600
f 3134/2469/2596 3136/2470/2598 3145/2469/2607
f 3145/2469/2607 3136/2470/2598 3146/2476/2608
f 3139/2471/2601 3140/2473/2602 3147/2477/2609
f 3147/2477/2609 3140/2473/2602 3148/2473/2610
f 3140/2473/2602 3149/2474/2611 3148/2473/2610
f 3140/2473/2602 3141/2474/2603 3149/2474/2611
f 3141/2474/2603 3150/2478/81 3149/2474/2611
f 3141/2474/2603 3151/2478/2612 3150/2478/81
f 3142/2475/2604 3151/2478/2612 3141/2474/2603
f 3142/2475/2604 3152/2479/2613 3151/2478/2612
f 3145/2469/2607 3146/2476/2608 3153/2480/2614
f 3153/2480/2614 3146/2476/2608 3154/2476/2118
f 3147/2477/2609 3148/2473/2610 3155/2477/2615
f 3153/2480/2614 3154/2476/2118 3156/2480/2118
f 3157/2481/2616 3158/2482/2617 3159/2483/2618
f 3157/2481/2616 3160/2484/2619 3158/2482/2617
f 3160/2484/2619 3161/2485/2620 3158/2482/2617
f 3160/2484/2619 91/88/71 3161/2485/2620
f 3162/2486/2621 3163/2487/2622 3157/2481/2616
f 3162/2486/2621 3157/2481/2616 3159/2483/2618
f 3162/2486/2621 3159/2483/2618 3164/2481/2623
f 3164/2481/2623 3159/2483/2618 3158/2482/2617
f 3164/2481/2623 3158/2482/2617 3165/2484/2624
f 3165/2484/2624 3158/2482/2617 3161/2485/2620
f 3165/2484/2624 3161/2485/2620 3166/88/2625
f 3166/88/2625 3161/2485/2620 3167/90/2626
f 91/88/71 93/90/73 3161/2485/2620
f 3166/88/2625 3167/90/2626 3168/89/2627
f 3162/2486/2621 3164/2481/2623 3169/2487/2628
f 3170/2488/2629 3171/2489/2531 3172/2490/2630
f 3173/2488/2631 3174/2490/2632 3171/2489/2531
f 3173/2488/2631 3171/2489/2531 3175/2491/2633
f 3170/2488/2629 3175/2491/2633 3171/2489/2531
f 3170/2488/2629 3176/2489/2634 3175/2491/2633
f 3170/2488/2629 3177/2490/2635 3176/2489/2634
f 3177/2490/2635 3178/2492/2636 3176/2489/2634
f 3177/2490/2635 3179/2493/2637 3178/2492/2636
f 3179/2493/2637 3180/2494/2516 3178/2492/2636
f 3179/2493/2637 3181/2495/2638 3180/2494/2516
f 3182/2493/2639 3180/2494/2516 3181/2495/2638
f 3182/2493/2639 3183/2492/2640 3180/2494/2516
f 3184/2493/2641 3180/2494/2516 3183/2492/2640
f 3184/2493/2641 3185/2495/2642 3180/2494/2516
f 3186/2493/2467 3180/2494/2516 3185/2495/2642
f 3186/2493/2467 3178/2492/2636 3180/2494/2516
f 3187/2490/2643 3178/2492/2636 3186/2493/2467
f 3187/2490/2643 3176/2489/2634 3178/2492/2636
f 3173/2488/2631 3176/2489/2634 3187/2490/2643
f 3173/2488/2631 3175/2491/2633 3176/2489/2634
f 3188/2496/1566 3189/2497/2644 3190/2498/2645
f 3191/2499/2646 3192/2500/1562 3193/2501/1564
f 3194/2502/2647 3195/2503/2648 3196/2504/2649
f 3194/2502/2647 3197/2505/2650 3195/2503/2648
f 3194/2502/2647 3198/2503/2651 3197/2505/2650
f 3194/2502/2647 3199/2504/2652 3198/2503/2651
f 94/91/74 3200/91/2653 95/92/74
f 3201/2506/76 3202/2507/76 3203/2508/76
f 3204/2509/74 3205/2510/74 3206/2509/74
f 3204/2509/74 3207/2510/74 3205/2510/74
f 3208/2506/70 3209/2511/2654 3210/2508/2654
f 3211/2512/2655 3212/2513/2656 3213/2514/2657
f 3211/2512/2655 3214/2515/2658 3212/2513/2656
f 3215/2516/2659 3214/2515/2658 3211/2512/2655
f 3215/2516/2659 3216/2517/2660 3214/2515/2658
f 3217/96/2661 102/98/79 101/97/78
f 3217/96/2661 3218/2518/2662 102/98/79
f 3219/2519/2466 3218/2518/2662 3217/96/2661
f 3219/2519/2466 3220/2520/2663 3218/2518/2662
f 3221/2521/2664 3220/2520/2663 3219/2519/2466
f 3221/2521/2664 3222/2522/2665 3220/2520/2663
f 3221/2521/2664 3223/2520/2666 3222/2522/2665
f 3221/2521/2664 3224/2519/2667 3223/2520/2666
f 3225/2523/2668 3226/2524/2460 3227/2525/2460
f 3225/2523/2668 3228/2526/2669 3226/2524/2460
f 100/96/77 102/98/79 3229/2518/2670
f 3230/2527/2671 3231/2528/2672 3232/2529/2672
f 3233/2530/2673 3234/2531/2674 3235/2532/2675
f 3234/2531/2674 3232/2529/2672 3235/2532/2675
f 3234/2531/2674 3230/2527/2671 3232/2529/2672
f 3236/2533/2676 3230/2527/2671 3234/2531/2674
f 3237/2534/2677 3236/2533/2676 3234/2531/2674
f 3238/2535/259 3239/2536/2678 3240/2537/278
f 3238/2535/259 3241/2538/2679 3239/2536/2678
f 3242/2539/2680 3243/2540/2681 3244/2541/2682
f 3242/2539/2680 3245/2542/2683 3243/2540/2681
f 3246/2539/2684 3243/2540/2681 3245/2542/2683
f 3246/2539/2684 3247/2541/2685 3243/2540/2681
f 3248/2543/2686 3247/2541/2685 3246/2539/2684
f 3248/2543/2686 3249/2544/2687 3247/2541/2685
f 3250/2545/2688 3249/2544/2687 3248/2543/2686
f 3250/2545/2688 3251/2546/2689 3249/2544/2687
f 3250/2545/2688 3252/2544/2690 3251/2546/2689
f 3250/2545/2688 3253/2543/2691 3252/2544/2690
f 3254/2547/93 3255/2548/94 3256/2549/2692
f 3254/2547/93 3257/2550/92 3255/2548/94
f 3258/2551/2693 3259/2552/2694 3260/2553/2695
f 3258/2551/2693 3261/2554/1232 3259/2552/2694
f 3262/2551/2696 3259/2552/2694 3261/2554/1232
f 3262/2551/2696 3261/2554/1232 3263/2552/2697
f 3262/2551/2696 3263/2552/2697 3264/2553/2698
f 3264/2553/2698 3263/2552/2697 3265/2555/2684
f 3264/2553/2698 3265/2555/2684 3266/2556/2699
f 3266/2556/2699 3265/2555/2684 3267/2557/2118
f 3266/2556/2699 3267/2557/2118 3268/2558/2700
f 3269/2556/2701 3268/2558/2700 3267/2557/2118
f 3269/2556/2701 3267/2557/2118 3270/2555/2702
f 3271/2556/2703 3270/2555/2702 3267/2557/2118
f 3271/2556/2703 3267/2557/2118 3272/2558/2704
f 3273/2556/2705 3272/2558/2704 3267/2557/2118
f 3273/2556/2705 3267/2557/2118 3265/2555/2684
f 3274/2553/2706 3273/2556/2705 3265/2555/2684
f 3274/2553/2706 3265/2555/2684 3263/2552/2697
f 3258/2551/2693 3274/2553/2706 3263/2552/2697
f 3258/2551/2693 3263/2552/2697 3261/2554/1232
f 3262/2551/2696 3275/2553/2707 3259/2552/2694
f 3276/2559/2708 3277/2560/2709 3278/2561/2672
f 3276/2559/2708 3279/2562/2412 3280/2563/2710
f 3276/2559/2708 3281/2564/2711 3279/2562/2412
f 3281/2564/2711 3276/2559/2708 3278/2561/2672
f 3281/2564/2711 3278/2561/2672 3282/2565/2672
f 3283/2566/2712 3281/2564/2711 3282/2565/2672
f 3284/2567/2713 3285/2568/2714 3286/2569/2715
f 3287/2570/2716 3285/2568/2714 3284/2567/2713
f 3288/2571/2717 3285/2568/2714 3287/2570/2716
f 3289/2572/90 3290/2573/92 3291/2574/92
f 3292/2575/2718 3290/2573/92 3289/2572/90
f 3293/2576/2719 3294/2577/2702 3295/2578/2720
f 3294/2577/2702 3296/2579/2721 3295/2578/2720
f 3294/2577/2702 3297/2580/2722 3296/2579/2721
f 3298/2581/2723 3297/2580/2722 3294/2577/2702
f 3299/2582/2724 3300/2583/2725 3301/2584/2726
f 3300/2583/2725 3302/2585/2724 3301/2584/2726
f 3303/2586/2727 3304/2587/2728 3305/2588/2728
f 3304/2587/2728 3306/2589/2729 3305/2588/2728
f 3306/2589/2729 3307/2590/2730 3305/2588/2728
f 3308/2591/2731 3309/2592/2732 3310/2593/2733
f 3310/2593/2733 3309/2592/2732 3311/2594/2734
f 3311/2594/2734 3309/2592/2732 3312/2595/2735
f 3312/2595/2735 3309/2592/2732 3313/2596/2736
f 3313/2596/2736 3309/2592/2732 3314/2597/2737
f 3314/2597/2737 3309/2592/2732 3308/2591/2731
f 3315/2598/2738 3316/2599/221 105/101/82
f 105/101/82 3316/2599/221 3317/2600/221
f 105/101/82 3317/2600/221 103/99/80
f 103/99/80 3318/2601/2739 104/100/81
f 103/99/80 3317/2600/221 3319/2602/2581
f 3320/2603/2740 3321/2604/2741 3322/2605/2742
f 3321/2604/2741 3323/2606/2743 3322/2605/2742
f 3323/2606/2743 3324/2607/2744 3322/2605/2742
f 3324/2607/2744 3325/2608/2745 3322/2605/2742
f 3325/2608/2745 3326/2609/2746 3322/2605/2742
f 3326/2609/2746 3320/2603/2740 3322/2605/2742
f 3327/2610/1559 3328/2610/1559 3329/2610/1559
f 3330/2611/1560 3331/2611/270 3332/2611/1562
f 3331/2611/270 3333/2611/1563 3332/2611/1562
f 3332/2611/1562 3333/2611/1563 3334/2611/1564
f 3333/2611/1563 3335/2611/2747 3334/2611/1564
f 3335/2611/2747 3336/2611/70 3334/2611/1564
f 3337/2612/1567 3338/2612/1348 3339/2612/2748
f 3338/2612/1348 3340/2612/2749 3339/2612/2748
f 3341/2613/2750 3342/2613/2415 3343/2613/2751
f 3344/2613/2752 3342/2613/2415 3341/2613/2750
f 3345/2614/2753 3346/2614/786 3347/2614/1570
f 3348/2614/2754 3346/2614/786 3345/2614/2753
f 3349/2614/787 3346/2614/786 3348/2614/2754
f 3350/2614/1572 3349/2614/787 3348/2614/2754
f 3351/2614/1573 3349/2614/787 3350/2614/1572
f 3352/2615/2558 3353/2616/2755 3354/2617/2756
f 3352/2615/2558 3355/2618/2757 3353/2616/2755
f 3356/2619/2758 3357/2620/2759 3358/2621/2760
f 3356/2619/2758 3359/2622/2758 3357/2620/2759
f 3356/2619/2758 3360/2623/2761 3359/2622/2758
f 3356/2619/2758 3361/2624/2762 3360/2623/2761
f 3362/2625/2763 3363/2626/2764 3364/2627/2765
f 3362/2625/2763 3365/2628/2766 3363/2626/2764
f 3362/2625/2763 3366/2629/2767 3365/2628/2766
f 3362/2625/2763 3367/2630/2768 3366/2629/2767
f 106/102/83 108/104/85 3368/2631/2769
f 3368/2631/2769 3369/2632/2770 106/102/83
f 3368/2631/2769 3370/2633/2771 3369/2632/2770
f 3371/2634/2772 3372/2635/7 3373/2636/2773
f 3371/2634/2772 3374/2637/7 3372/2635/7
f 109/105/86 3375/2638/2774 110/106/8
f 3376/2639/2775 3377/2640/2776 3378/2641/2777
f 3377/2640/2776 3376/2639/2775 3379/2642/2778
f 3380/2643/2779 3381/2644/2780 3382/2645/2781
f 3380/2643/2779 3383/2646/2782 3381/2644/2780
f 3380/2643/2779 3384/2647/2783 3383/2646/2782
f 3384/2647/2783 3385/2648/2784 3383/2646/2782
f 3386/2649/2785 3387/2650/2786 3388/2649/2787
f 3389/2651/804 3390/2652/1096 3391/2653/2788
f 3389/2651/804 3392/2654/807 3390/2652/1096
f 3389/2651/804 3393/2655/2789 3392/2654/807
f 3393/2655/2789 3394/2656/809 3392/2654/807
f 3395/2657/2680 3396/2658/2790 3397/2659/2683
f 3398/2657/2684 3397/2659/2683 3396/2658/2790
f 3398/2657/2684 3396/2658/2790 3399/2660/2791
f 3400/2661/2686 3398/2657/2684 3399/2660/2791
f 3400/2661/2686 3399/2660/2791 3401/2662/2792
f 3402/2663/2688 3400/2661/2686 3401/2662/2792
f 3402/2663/2688 3401/2662/2792 3403/2664/2793
f 3402/2663/2688 3403/2664/2793 3404/2662/2794
f 3402/2663/2688 3404/2662/2794 3405/2661/2691
f 3406/2665/2718 3407/2666/2724 3408/2667/2795
f 3406/2665/2718 3408/2667/2795 3409/2668/93
f 3395/2657/2680 3410/2660/2796 3396/2658/2790
f 3411/2669/2797 3412/2670/791 3413/2671/791
f 3411/2669/2797 3414/2672/793 3412/2670/791
f 3411/2669/2797 3415/2673/2798 3414/2672/793
f 3415/2673/2798 3416/2674/2799 3414/2672/793
f 3417/2675/2800 3418/2676/2801 3419/2677/2802
f 3419/2677/2802 3418/2676/2801 3420/2678/82
f 3418/2676/2801 3421/2679/2803 3420/2678/82
f 3418/2676/2801 3422/2680/2804 3421/2679/2803
f 3423/2681/2805 3422/2680/2804 3418/2676/2801
f 3420/2678/82 3421/2679/2803 3424/2682/2806
f 3425/2683/2807 3426/2684/2808 3427/2685/2809
f 3425/2683/2807 3428/2686/2810 3426/2684/2808
f 3429/2687/2811 3426/2684/2808 3428/2686/2810
f 3429/2687/2811 3430/2688/2812 3426/2684/2808
f 3429/2687/2811 3431/2689/2813 3430/2688/2812
f 3429/2687/2811 3432/2690/2814 3431/2689/2813
f 3433/2687/2815 3431/2689/2813 3432/2690/2814
f 3433/2687/2815 3434/2688/1846 3431/2689/2813
f 3435/2691/2816 3436/2692/2817 3437/2693/2818
f 3438/2691/2819 3437/2693/2818 3436/2692/2817
f 3438/2691/2819 3436/2692/2817 3439/2694/2820
f 3440/2695/194 3438/2691/2819 3439/2694/2820
f 3440/2695/194 3439/2694/2820 3441/2696/2821
f 3442/2697/196 3440/2695/194 3441/2696/2821
f 3442/2697/196 3441/2696/2821 3443/2698/362
f 3442/2697/196 3443/2698/362 3444/2696/2822
f 3442/2697/196 3444/2696/2822 3445/2695/2823
f 3445/2695/2823 3444/2696/2822 3446/2694/356
f 3445/2695/2823 3446/2694/356 3435/2691/2816
f 3435/2691/2816 3446/2694/356 3436/2692/2817
f 3447/2699/2824 3448/2700/2825 3449/2701/1844
f 3447/2699/2824 3450/2702/2826 3448/2700/2825
f 3447/2699/2824 3451/2700/1170 3450/2702/2826
f 3447/2699/2824 3452/2701/2827 3451/2700/1170
f 3453/2703/2828 3454/2704/2829 3455/2705/2830
f 3453/2703/2828 3456/2706/953 3454/2704/2829
f 3457/2707/2831 3458/2708/2832 3459/2709/2833
f 3460/2710/2834 3458/2708/2832 3457/2707/2831
f 3461/2711/2835 3462/2712/1147 3463/2713/2836
f 3461/2711/2835 3464/2714/2837 3462/2712/1147
f 3465/1881/2838 3466/1862/2839 3467/1865/2840
f 3465/1881/2838 3468/1882/2841 3466/1862/2839
f 3469/2715/2842 3470/2716/2843 3471/2717/2844
f 3472/2718/2845 3470/2716/2843 3469/2715/2842
f 3473/2719/2846 3474/2720/2626 3475/2721/2627
f 3473/2719/2846 3476/2722/2626 3474/2720/2626
f 3477/2723/2847 3478/2724/73 3479/2725/73
f 3477/2723/2847 3480/2726/72 3478/2724/73
f 3481/2727/2848 3482/2728/2849 3483/2729/2776
f 3481/2727/2848 3484/2730/2850 3482/2728/2849
f 3485/2731/2851 3484/2730/2850 3481/2727/2848
f 3485/2731/2851 3486/2732/2851 3484/2730/2850
f 3485/2731/2851 3487/2730/2852 3486/2732/2851
f 3485/2731/2851 3488/2727/2853 3487/2730/2852
f 3488/2727/2853 3489/2728/2854 3487/2730/2852
f 3488/2727/2853 3490/2729/2855 3489/2728/2854
f 3491/2733/70 3492/2734/2856 3493/2735/2857
f 3494/2736/2646 3495/2737/1562 3496/2738/1564
f 3497/2739/2858 3498/2740/2858 3499/2740/2858
f 3497/2739/2858 3500/2739/2859 3498/2740/2858
f 3501/2741/2860 3502/2742/2860 3503/2741/2860
f 3501/2741/2860 3504/2742/2861 3502/2742/2860
f 3505/2743/2862 3506/2744/2863 3507/2745/2864
f 3505/2743/2862 3508/2746/2865 3506/2744/2863
f 3508/2746/2865 3509/2747/2866 3506/2744/2863
f 3508/2746/2865 3510/2748/2867 3509/2747/2866
f 3511/2749/2868 3509/2747/2866 3510/2748/2867
f 3511/2749/2868 3510/2748/2867 3512/2750/2869
f 3513/2751/2870 3511/2749/2868 3512/2750/2869
f 3513/2751/2870 3514/2752/2871 3511/2749/2868
f 3513/2751/2870 3515/2753/2872 3514/2752/2871
f 3513/2751/2870 3516/2754/2873 3515/2753/2872
f 3516/2754/2873 3517/2755/2874 3515/2753/2872
f 3516/2754/2873 3518/2756/2875 3517/2755/2874
f 3519/2754/2876 3517/2755/2874 3518/2756/2875
f 3519/2754/2876 3520/2753/2877 3517/2755/2874
f 3521/2751/2878 3520/2753/2877 3519/2754/2876
f 3521/2751/2878 3522/2752/2879 3520/2753/2877
f 3521/2751/2878 3523/2749/2880 3522/2752/2879
f 3521/2751/2878 3524/2750/2881 3523/2749/2880
f 3523/2749/2880 3524/2750/2881 3525/2748/2882
f 3523/2749/2880 3525/2748/2882 3526/2747/2883
f 3527/2746/2884 3526/2747/2883 3525/2748/2882
f 3527/2746/2884 3528/2744/2885 3526/2747/2883
f 3505/2743/2862 3528/2744/2885 3527/2746/2884
f 3505/2743/2862 3507/2745/2864 3528/2744/2885
f 3529/2757/2874 3530/2758/2886 3531/2759/2887
f 3529/2757/2874 3532/2760/2877 3530/2758/2886
f 3532/2760/2877 3533/2761/2888 3530/2758/2886
f 3532/2760/2877 3534/2762/2879 3533/2761/2888
f 3534/2762/2879 3535/2763/2889 3533/2761/2888
f 3534/2762/2879 3536/2764/2880 3535/2763/2889
f 3536/2764/2880 3537/2765/2890 3535/2763/2889
f 3536/2764/2880 3538/2766/2891 3537/2765/2890
f 3538/2766/2891 3539/2767/1798 3537/2765/2890
f 3538/2766/2891 3540/2768/2892 3539/2767/1798
f 3540/2768/2892 3541/2769/2893 3539/2767/1798
f 3540/2768/2892 3542/2770/2894 3541/2769/2893
f 3543/2768/2895 3541/2769/2893 3542/2770/2894
f 3543/2768/2895 3544/2767/2896 3541/2769/2893
f 3545/2766/2897 3544/2767/2896 3543/2768/2895
f 3545/2766/2897 3546/2765/2898 3544/2767/2896
f 3547/2764/2868 3546/2765/2898 3545/2766/2897
f 3547/2764/2868 3548/2763/2899 3546/2765/2898
f 3549/2762/2871 3548/2763/2899 3547/2764/2868
f 3549/2762/2871 3550/2761/2900 3548/2763/2899
f 3551/2760/2872 3550/2761/2900 3549/2762/2871
f 3551/2760/2872 3552/2758/2901 3550/2761/2900
f 3529/2757/2874 3552/2758/2901 3551/2760/2872
f 3529/2757/2874 3531/2759/2887 3552/2758/2901
f 3553/2771/2902 3554/2772/2903 3555/2773/2904
f 3554/2772/2903 3556/2774/2905 3555/2773/2904
f 3557/2775/2906 3558/2776/2907 3559/2777/2908
f 3560/2778/2909 3559/2777/2908 3558/2776/2907
f 3558/2776/2907 3561/2779/2910 3560/2778/2909
f 3562/2780/2911 3563/2781/2912 3564/2782/2913
f 3562/2780/2911 3565/2783/2914 3563/2781/2912
f 3566/2784/2915 3567/2785/2916 3568/2786/2917
f 3566/2784/2915 3569/2787/2918 3567/2785/2916
f 3569/2787/2918 3570/2788/2919 3567/2785/2916
f 3569/2787/2918 3571/2789/2920 3570/2788/2919
f 3572/2790/2050 3573/2791/2921 3574/2792/2922
f 3572/2790/2050 3575/2793/2923 3573/2791/2921
f 3576/2794/2924 3577/2795/2925 3578/2796/2926
f 3576/2794/2924 3579/2797/1183 3577/2795/2925
f 3579/2797/1183 3580/2798/2927 3577/2795/2925
f 3579/2797/1183 3581/2799/1182 3580/2798/2927
f 3582/2800/2928 3583/2801/2929 3584/2802/2930
f 3582/2800/2928 3585/2803/2931 3583/2801/2929
f 3586/2804/1990 3585/2803/2931 3582/2800/2928
f 3586/2804/1990 3587/2805/2914 3585/2803/2931
f 3588/2806/2932 3587/2805/2914 3586/2804/1990
f 3588/2806/2932 3589/2807/966 3587/2805/2914
f 3590/2808/2933 3591/2809/2934 3592/2810/2935
f 3591/2809/2934 3593/2811/2936 3592/2810/2935
f 3594/2812/2937 3592/2810/2935 3593/2811/2936
f 3594/2812/2937 3593/2811/2936 3595/2813/2938
f 3596/2814/1994 3597/2815/2939 3598/2816/1995
f 3596/2814/1994 3599/2817/2940 3597/2815/2939
f 3600/2818/1993 3599/2817/2940 3596/2814/1994
f 3600/2818/1993 3601/2819/2941 3599/2817/2940
f 3602/2820/1108 3603/2821/1093 3604/2822/2942
f 3603/2821/1093 3605/2823/2943 3604/2822/2942
f 3606/2824/2944 3607/2825/1182 3608/2826/2945
f 3606/2824/2944 3609/2827/2946 3607/2825/1182
f 3610/2828/2947 3609/2827/2946 3606/2824/2944
f 3610/2828/2947 3611/2829/2925 3609/2827/2946
f 3612/2830/2948 3613/2831/2949 3614/2832/2950
f 3612/2830/2948 3615/2833/2940 3613/2831/2949
f 3616/2834/2031 3615/2833/2940 3612/2830/2948
f 3616/2834/2031 3617/2835/2951 3615/2833/2940
f 3618/2836/2952 3619/2837/2953 3620/2838/2954
f 3618/2836/2952 3621/2839/2955 3619/2837/2953
f 3622/2840/2956 3621/2839/2955 3618/2836/2952
f 3622/2840/2956 3623/2841/2957 3621/2839/2955
f 3624/2842/2810 3625/2843/984 3626/2844/2958
f 3624/2842/2810 3627/2845/2808 3625/2843/984
f 3628/2846/2959 3627/2845/2808 3624/2842/2810
f 3628/2846/2959 3629/2847/2960 3627/2845/2808
f 3630/2848/2319 3631/2849/2961 3632/2850/2962
f 3633/2851/2225 3634/2852/2225 3635/2853/2225
f 3633/2851/2225 3636/2854/2225 3634/2852/2225
f 3637/108/2313 114/110/89 3638/109/2963
f 3637/108/2313 3639/2855/2315 114/110/89
f 112/108/87 114/110/89 3639/2855/2315
f 3640/2849/2964 113/109/88 112/108/87
f 3640/2849/2964 3641/2850/2965 113/109/88
f 3630/2848/2319 3641/2850/2965 3640/2849/2964
f 3630/2848/2319 3642/2856/2966 3641/2850/2965
f 3630/2848/2319 3632/2850/2962 3642/2856/2966
f 3643/2857/2967 3644/2858/2968 3645/2859/2969
f 3643/2857/2967 3646/2860/949 3644/2858/2968
f 3646/2860/949 3647/2861/2940 3644/2858/2968
f 3646/2860/949 3648/2862/2970 3647/2861/2940
f 3649/2863/690 3650/2864/2971 3651/2865/2972
f 3649/2863/690 3652/2866/2973 3650/2864/2971
f 3653/2867/2974 3654/2868/2975 3655/2869/2976
f 3653/2867/2974 3656/2870/2977 3654/2868/2975
f 3657/2871/2978 3658/2872/2979 3659/2873/2980
f 3657/2871/2978 3660/2874/2981 3658/2872/2979
f 3661/2875/2982 3662/2876/2983 3663/2877/964
f 3661/2875/2982 3664/2878/1993 3662/2876/2983
f 3665/2879/2984 3666/2880/724 3667/2881/2985
f 3665/2879/2984 3667/2881/2985 3668/2882/2986
f 3669/2883/2987 3665/2879/2984 3668/2882/2986
f 3669/2883/2987 3668/2882/2986 3670/2884/2988
f 3669/2883/2987 3670/2884/2988 3671/2885/2989
f 3669/2883/2987 3671/2885/2989 3672/2886/2990
f 3672/2886/2990 3671/2885/2989 3673/2887/2991
f 3672/2886/2990 3673/2887/2991 3674/2888/2779
f 3672/2886/2990 3674/2888/2779 3663/2877/964
f 3675/2889/2781 3663/2877/964 3674/2888/2779
f 3661/2875/2982 3663/2877/964 3675/2889/2781
f 3661/2875/2982 3675/2889/2781 3676/2890/2992
f 3677/2891/2993 3661/2875/2982 3676/2890/2992
f 3677/2891/2993 3678/2892/2994 3661/2875/2982
f 3677/2891/2993 3679/2893/2784 3680/2894/2995
f 3677/2891/2993 3680/2894/2995 3681/2895/2996
f 3677/2891/2993 3681/2895/2996 3678/2892/2994
f 3682/2896/2997 3678/2892/2994 3681/2895/2996
f 3683/2897/1184 3678/2892/2994 3682/2896/2997
f 3683/2897/1184 3684/2898/2028 3678/2892/2994
f 3683/2897/1184 3685/2899/2027 3684/2898/2028
f 3683/2897/1184 3682/2896/2997 3686/2900/2998
f 3687/2901/2999 3683/2897/1184 3686/2900/2998
f 3687/2901/2999 3688/2902/3000 3683/2897/1184
f 3689/2903/996 3690/2904/3001 3691/2905/3002
f 3689/2903/996 3688/2902/3000 3690/2904/3001
f 3687/2901/2999 3690/2904/3001 3688/2902/3000
f 3687/2901/2999 3692/2906/2980 3690/2904/3001
f 3693/2907/3003 3694/2908/2155 3695/2909/2137
f 3693/2907/3003 3696/2910/3004 3694/2908/2155
f 3697/2911/3005 3696/2910/3004 3693/2907/3003
f 3697/2911/3005 3698/2912/3006 3696/2910/3004
f 3699/2913/3007 3700/2914/3008 3701/2915/3009
f 3702/2916/191 3700/2914/3008 3699/2913/3007
f 3702/2916/191 3703/2917/366 3700/2914/3008
f 3704/2918/3010 3703/2917/366 3702/2916/191
f 3704/2918/3010 3705/2919/3011 3703/2917/366
f 3704/2918/3010 3706/2917/3012 3705/2919/3011
f 3704/2918/3010 3707/2916/3013 3706/2917/3012
f 3707/2916/3013 3708/2914/374 3706/2917/3012
f 3707/2916/3013 3709/2913/189 3708/2914/374
f 3709/2913/189 3701/2915/3009 3708/2914/374
f 3709/2913/189 3710/2920/3014 3701/2915/3009
f 3699/2913/3007 3701/2915/3009 3710/2920/3014
f 3711/2921/3015 3712/2922/3016 3713/2923/3017
f 3711/2921/3015 3714/2924/3016 3712/2922/3016
f 3715/2925/3018 3716/2926/3019 3717/2927/3020
f 3715/2925/3018 3718/2928/1129 3716/2926/3019
f 3718/2928/1129 3719/2929/2835 3716/2926/3019
f 3718/2928/1129 3720/2930/3021 3719/2929/2835
f 3720/2930/3021 3721/2931/3022 3719/2929/2835
f 3720/2930/3021 3722/2932/3023 3721/2931/3022
f 3723/2933/3024 3724/2934/984 3725/2935/3025
f 3723/2933/3024 3726/2936/3026 3724/2934/984
f 3726/2936/3026 3727/2937/987 3724/2934/984
f 3726/2936/3026 3728/2938/3027 3727/2937/987
f 3729/2939/737 3730/2940/3028 3731/2941/3029
f 3729/2939/737 3732/2942/3030 3730/2940/3028
f 3733/2939/3031 3730/2940/3028 3732/2942/3030
f 3733/2939/3031 3734/2941/3032 3730/2940/3028
f 3733/2939/3031 3735/2943/3033 3734/2941/3032
f 3733/2939/3031 3736/2944/3034 3735/2943/3033
f 3737/2945/2949 3735/2943/3033 3736/2944/3034
f 3737/2945/2949 3738/2946/3035 3735/2943/3033
f 3739/2947/94 3740/2948/2718 3741/2949/3036
f 3739/2947/94 117/113/91 3740/2948/2718
f 3742/2950/94 117/113/91 3739/2947/94
f 115/111/90 117/113/91 3742/2950/94
f 115/111/90 3743/2951/3037 116/112/90
f 3744/2952/2718 3743/2951/3037 115/111/90
f 3744/2952/2718 3745/2953/2718 3743/2951/3037
f 3746/2954/92 3745/2953/2718 3744/2952/2718
f 3747/2955/92 3745/2953/2718 3746/2954/92
f 3747/2955/92 3748/2956/2724 3745/2953/2718
f 3747/2955/92 120/116/94 3748/2956/2724
f 3749/2957/92 120/116/94 3747/2955/92
f 118/114/92 120/116/94 3749/2957/92
f 3750/2958/94 119/115/93 118/114/92
f 3751/2959/2095 3752/2960/2099 3753/2961/2097
f 3751/2959/2095 3754/2962/2100 3752/2960/2099
f 3755/2963/3038 3754/2962/2100 3751/2959/2095
f 3756/2964/2091 3754/2962/2100 3755/2963/3038
f 3756/2964/2091 3757/2965/2103 3754/2962/2100
f 3756/2964/2091 3758/2966/2105 3757/2965/2103
f 3759/2967/2089 3758/2966/2105 3756/2964/2091
f 3759/2967/2089 3760/2968/2104 3758/2966/2105
f 3761/2969/2090 3760/2968/2104 3759/2967/2089
f 3762/2970/2088 3760/2968/2104 3761/2969/2090
f 3762/2970/2088 3763/2971/2102 3760/2968/2104
f 3762/2970/2088 3764/2972/2101 3763/2971/2102
f 3765/2973/3039 3764/2972/2101 3762/2970/2088
f 3766/2974/3040 3764/2972/2101 3765/2973/3039
f 3766/2974/3040 3767/2975/2098 3764/2972/2101
f 3768/2976/3041 3767/2975/2098 3766/2974/3040
f 3769/2977/3042 3770/2978/3043 3771/2979/3044
f 3772/2980/3045 3770/2978/3043 3769/2977/3042
f 3772/2980/3045 3773/2981/3046 3770/2978/3043
f 3772/2980/3045 3774/2982/3047 3773/2981/3046
f 3772/2980/3045 3775/2983/3048 3774/2982/3047
f 3772/2980/3045 3776/2984/3049 3775/2983/3048
f 3772/2980/3045 3777/2985/3050 3776/2984/3049
f 3772/2980/3045 3778/2986/3051 3777/2985/3050
f 3772/2980/3045 3779/2987/3052 3778/2986/3051
f 3780/2988/3053 3779/2987/3052 3772/2980/3045
f 3781/1891/3054 3782/1893/3055 3783/1901/3056
f 3784/1886/3057 2327/1885/1948 3466/1862/2839
f 3784/1886/3057 3785/1887/3058 2327/1885/1948
f 3784/1886/3057 3786/1888/3059 3785/1887/3058
f 3784/1886/3057 3787/1889/3060 3786/1888/3059
f 3784/1886/3057 3788/1890/3061 3787/1889/3060
f 3788/1890/3061 3781/1891/3054 3787/1889/3060
f 3788/1890/3061 3789/1892/3062 3781/1891/3054
f 3782/1893/3055 3781/1891/3054 3789/1892/3062
f 3790/1894/3063 3782/1893/3055 3789/1892/3062
f 3790/1894/3063 3791/1895/3064 3782/1893/3055
f 2347/1905/1968 3782/1893/3055 3791/1895/3064
f 3782/1893/3055 2347/1905/1968 2348/1906/1969
f 2348/1906/1969 3783/1901/3056 3782/1893/3055
f 3783/1901/3056 2348/1906/1969 2349/1907/1970
f 3792/1866/3065 3788/1890/3061 3784/1886/3057
f 3792/1866/3065 3793/1910/3066 3788/1890/3061
f 3793/1910/3066 3789/1892/3062 3788/1890/3061
f 3793/1910/3066 3790/1894/3063 3789/1892/3062
f 3794/1867/3067 3792/1866/3065 3467/1865/2840
f 3794/1867/3067 3795/1868/3068 3792/1866/3065
f 3795/1868/3068 3793/1910/3066 3792/1866/3065
f 3795/1868/3068 3796/1909/3069 3793/1910/3066
f 3796/1909/3069 3790/1894/3063 3793/1910/3066
f 3796/1909/3069 3797/1896/3070 3790/1894/3063
f 3797/1896/3070 3791/1895/3064 3790/1894/3063
f 3797/1896/3070 3798/1897/3071 3791/1895/3064
f 3798/1897/3071 2347/1905/1968 3791/1895/3064
f 3798/1897/3071 2346/1904/1967 2347/1905/1968
f 2345/1903/1966 2346/1904/1967 3798/1897/3071
f 2345/1903/1966 3798/1897/3071 3799/1899/3072
f 2345/1903/1966 3799/1899/3072 3800/2989/3073
f 3799/1899/3072 3801/1883/3074 3800/2989/3073
f 3802/1884/3075 3800/2989/3073 3801/1883/3074
f 3801/1883/3074 3803/1874/3076 3802/1884/3075
f 3804/1873/3077 3803/1874/3076 3801/1883/3074
f 3805/1872/3078 3803/1874/3076 3804/1873/3077
f 2345/1903/1966 3800/2989/3073 2344/1902/1965
f 3800/2989/3073 3802/1884/3075 2344/1902/1965
f 3806/1860/3079 3795/1868/3068 3794/1867/3067
f 3806/1860/3079 3807/2990/3080 3795/1868/3068
f 3808/1858/3081 3807/2990/3080 3806/1860/3079
f 3808/1858/3081 3806/1860/3079 3809/1859/3082
f 3809/1859/3082 3810/1908/3083 3808/1858/3081
f 218/176/155 3810/1908/3083 3809/1859/3082
f 3804/1873/3077 3810/1908/3083 218/176/155
f 3804/1873/3077 3811/1836/3084 3810/1908/3083
f 3804/1873/3077 3801/1883/3074 3811/1836/3084
f 3811/1836/3084 3801/1883/3074 3812/1898/3085
f 3799/1899/3072 3812/1898/3085 3801/1883/3074
f 3812/1898/3085 3799/1899/3072 3798/1897/3071
f 3812/1898/3085 3798/1897/3071 3797/1896/3070
f 3813/1835/3086 3812/1898/3085 3797/1896/3070
f 3813/1835/3086 3797/1896/3070 3796/1909/3069
f 3807/2990/3080 3813/1835/3086 3796/1909/3069
f 3807/2990/3080 3796/1909/3069 3795/1868/3068
f 218/176/155 3809/1859/3082 3814/1861/3087
f 3811/1836/3084 3812/1898/3085 3813/1835/3086
f 3813/1835/3086 3815/1837/3088 3811/1836/3084
f 3813/1835/3086 3816/1851/3089 3815/1837/3088
f 3813/1835/3086 3807/2990/3080 3816/1851/3089
f 3807/2990/3080 3817/1853/3090 3816/1851/3089
f 3805/1872/3078 3804/1873/3077 217/175/154
f 217/175/154 3804/1873/3077 218/176/155
f 219/177/154 218/176/155 3814/1861/3087
f 219/177/154 3814/1861/3087 3818/1875/154
f 3818/1875/154 3814/1861/3087 3819/1876/3091
f 3814/1861/3087 3820/1877/3092 3819/1876/3091
f 3814/1861/3087 3809/1859/3082 3820/1877/3092
f 3809/1859/3082 2320/1878/1942 3820/1877/3092
f 2320/1878/1942 3809/1859/3082 3806/1860/3079
f 2320/1878/1942 3806/1860/3079 2321/1879/1943
f 2321/1879/1943 3806/1860/3079 3794/1867/3067
f 2321/1879/1943 3794/1867/3067 2322/1880/1944
f 2322/1880/1944 3794/1867/3067 3467/1865/2840
f 2322/1880/1944 3467/1865/2840 2323/1881/1945
f 2323/1881/1945 3467/1865/2840 3466/1862/2839
f 2323/1881/1945 3466/1862/2839 2324/1882/1946
f 3466/1862/2839 2327/1885/1948 2324/1882/1946
f 3821/2991/3093 3822/2992/3094 3823/2993/3095
f 3821/2991/3093 3824/2994/3096 3822/2992/3094
f 3821/2991/3093 3825/2995/3097 3824/2994/3096
f 3821/2991/3093 3826/2996/3098 3825/2995/3097
f 3821/2991/3093 3827/2997/3099 3826/2996/3098
f 3821/2991/3093 3828/2998/3100 3827/2997/3099
f 3821/2991/3093 3829/2999/3101 3828/2998/3100
f 3821/2991/3093 3830/3000/3102 3829/2999/3101
f 3821/2991/3093 3831/3001/3103 3830/3000/3102
f 3821/2991/3093 3832/3002/3104 3831/3001/3103
f 3821/2991/3093 3833/3003/3105 3832/3002/3104
f 3821/2991/3093 3834/3004/3106 3833/3003/3105
f 3821/2991/3093 3835/3005/3107 3834/3004/3106
f 3821/2991/3093 3836/3006/3108 3835/3005/3107
f 3821/2991/3093 3823/2993/3095 3836/3006/3108
