# Blender 5.2.2 LTS
# www.blender.org
mtllib bostagun.mtl
o w_toolgun_reference
v 0.006382 0.055443 0.755938
v 0.006382 0.065252 0.755938
v -0.172979 0.065252 -0.029615
v -0.172979 -0.122513 0.498922
v 0.730384 0.152146 1.406827
v 0.730889 -0.028619 1.574186
v 0.730670 -0.028619 0.992569
v 0.730604 -0.123764 1.034392
v -0.471225 -0.013304 0.790739
v -0.433022 0.013313 0.801140
v -0.482810 -0.081348 0.702310
v -0.477150 -0.076828 0.702310
v -0.492772 -0.008388 0.702310
v -0.477150 0.024065 0.702310
v -0.439407 0.026589 0.790739
v -0.459858 0.010285 0.790739
v -0.413911 0.017680 0.801140
v -0.448338 0.001091 0.801140
v -0.456853 -0.016573 0.801140
v -0.471225 -0.039459 0.790739
v -0.378801 0.046513 0.702310
v -0.388391 0.026589 0.790739
v -0.394776 0.013313 0.801140
v -0.413911 0.032403 0.790739
v -0.499839 -0.006764 0.687016
v -0.499839 -0.006764 0.702310
v -0.499839 -0.045998 0.702310
v -0.499839 -0.045998 0.687016
v -0.452157 -0.105793 0.687016
v -0.482810 -0.081348 0.687016
v -0.452157 -0.105793 0.702310
v -0.448997 0.046513 0.702310
v -0.452157 0.053030 0.702310
v -0.413911 0.054522 0.702310
v -0.413911 0.061763 0.702310
v -0.375664 0.053030 0.702310
v -0.350650 0.024065 0.702310
v -0.375664 -0.105793 0.687016
v -0.413911 -0.114526 0.687016
v -0.375664 -0.105793 0.702310
v -0.327961 -0.045998 0.702310
v -0.327961 -0.006764 0.702310
v -0.344988 0.028585 0.687016
v -0.375664 0.053030 0.687016
v -0.482810 0.028585 0.687016
v -0.482810 0.028585 0.702310
v -0.379459 0.001091 0.801140
v -0.370947 -0.016573 0.801140
v -0.367940 0.010285 0.790739
v -0.335025 -0.008388 0.702310
v -0.344988 0.028585 0.702310
v -0.335025 -0.044375 0.702310
v -0.350650 -0.076828 0.702310
v -0.378801 -0.099275 0.702310
v -0.344988 -0.081348 0.702310
v -0.413911 -0.114526 0.702310
v -0.448997 -0.099275 0.702310
v -0.356596 -0.039459 0.790739
v -0.413911 -0.107285 0.702310
v -0.439407 -0.079351 0.790739
v -0.413911 -0.085166 0.790739
v -0.492772 -0.044375 0.702310
v -0.459858 -0.063048 0.790739
v -0.456853 -0.036190 0.801140
v -0.367940 -0.063048 0.790739
v -0.388391 -0.079351 0.790739
v -0.379459 -0.053854 0.801140
v -0.370947 -0.036190 0.801140
v -0.356596 -0.013304 0.790739
v -0.448338 -0.053854 0.801140
v -0.413911 -0.070443 0.801140
v -0.433022 -0.066076 0.801140
v -0.394776 -0.066076 0.801140
v -0.538830 -0.028554 0.661584
v -0.559390 0.017746 0.646158
v -0.538830 0.010878 0.661584
v -0.538830 -0.068007 0.661584
v -0.593972 0.010878 0.594505
v -0.593972 -0.068007 0.594505
v -0.620129 -0.068007 0.568941
v -0.510458 -0.028554 0.684317
v -0.620129 0.010878 0.568941
v -0.660175 0.048487 0.568919
v -0.660175 -0.068007 0.568919
v -0.593972 -0.105244 0.594505
v -0.559390 -0.075007 0.646158
v -0.493606 -0.085869 0.684317
v -0.505740 -0.061819 0.684317
v -0.535715 -0.118344 0.646158
v -0.469929 -0.107460 0.684317
v -0.470435 -0.068007 0.684646
v -0.443906 -0.068007 0.684843
v -0.505740 0.004690 0.684317
v -0.470435 0.010878 0.684646
v -0.493606 0.028607 0.684317
v -0.469929 0.050199 0.684317
v -0.535715 0.061083 0.646158
v -0.499114 0.094458 0.646158
v -0.453560 0.114272 0.646158
v -0.403970 0.118331 0.646158
v -0.350233 0.040391 0.684317
v -0.326469 0.065252 0.657569
v -0.377792 0.010878 0.684756
v -0.314092 0.079273 0.646158
v -0.266389 0.124278 0.498790
v -0.289034 0.106241 0.594505
v -0.250942 0.065252 0.594812
v -0.340885 0.139792 0.594505
v -0.355741 0.106241 0.646158
v -0.462624 0.149775 0.594505
v -0.400920 0.154844 0.594505
v -0.564898 0.083596 0.594505
v -0.519346 0.125134 0.594505
v -0.533609 0.146221 0.498790
v -0.396202 0.180693 0.498790
v 0.099682 -0.112704 0.755938
v -0.412967 -0.068007 0.684931
v -0.398024 -0.068007 0.684887
v -0.440460 -0.120275 0.684317
v -0.427097 -0.068007 0.684909
v -0.519346 -0.182395 0.594505
v -0.350233 -0.097652 0.684317
v -0.377178 -0.115074 0.684317
v -0.408381 -0.122908 0.684317
v -0.453560 -0.171533 0.646158
v -0.462624 -0.207037 0.594505
v -0.533609 -0.203482 0.498790
v -0.586469 -0.155252 0.498790
v -0.564898 -0.140857 0.594505
v -0.499114 -0.151719 0.646158
v -0.467802 -0.232073 0.498790
v -0.403970 -0.175593 0.646158
v -0.396202 -0.237954 0.498790
v -0.400920 -0.212105 0.594505
v -0.355741 -0.163502 0.646158
v -0.314092 -0.136535 0.646158
v -0.340885 -0.197053 0.594505
v -0.289034 -0.163502 0.594505
v -0.443906 0.010878 0.684843
v -0.440460 0.063014 0.684317
v -0.408381 0.065647 0.684317
v -0.427097 0.010878 0.684909
v -0.412967 0.010878 0.684931
v -0.377792 -0.068007 0.684756
v -0.398024 0.010878 0.684887
v -0.377178 0.057835 0.684317
v -0.404497 -0.063816 0.518626
v -0.455184 -0.021269 0.518626
v -0.450642 -0.008805 0.518626
v -0.442129 0.001354 0.518626
v -0.450642 -0.047008 0.518626
v -0.393021 -0.057167 0.518626
v -0.430630 0.008003 0.518626
v -0.442129 0.001354 0.483540
v -0.450642 -0.008805 0.483540
v -0.455184 -0.021269 0.483540
v -0.455184 -0.034544 0.483540
v -0.455184 -0.034544 0.518626
v -0.450642 -0.047008 0.483540
v -0.442129 -0.057167 0.483540
v -0.442129 -0.057167 0.518626
v -0.430630 -0.063816 0.483540
v -0.417575 -0.066098 0.483540
v -0.430630 -0.063816 0.518626
v -0.417575 -0.066098 0.518626
v -0.384485 -0.047008 0.518626
v -0.417575 0.010307 0.518626
v -0.404497 -0.063816 0.483540
v -0.393021 -0.057167 0.483540
v -0.384485 -0.047008 0.483540
v -0.379943 -0.034544 0.483540
v -0.379943 -0.021269 0.483540
v -0.379943 -0.034544 0.518626
v -0.379943 -0.021269 0.518626
v -0.384485 -0.008805 0.483540
v -0.384485 -0.008805 0.518626
v -0.393021 0.001354 0.483540
v -0.393021 0.001354 0.518626
v -0.404497 0.008003 0.483540
v -0.404497 0.008003 0.518626
v -0.417575 0.010307 0.483540
v -0.430630 0.008003 0.483540
v -0.413911 0.061763 0.687016
v -0.452157 0.053030 0.687016
v -0.344988 -0.081348 0.687016
v -0.327961 -0.045998 0.687016
v -0.327961 -0.006764 0.687016
v -0.373118 -0.014817 1.030355
v -0.371496 -0.029585 1.034853
v -0.377418 -0.005711 1.018549
v -0.387030 -0.044353 0.992152
v -0.382729 -0.053481 1.003957
v -0.172078 -0.109589 0.868263
v -0.172078 0.050199 0.868263
v -0.237490 -0.094733 0.877062
v -0.222415 0.050199 0.875022
v -0.237490 0.035344 0.877062
v -0.234002 0.025096 0.886695
v -0.167141 0.025096 1.004308
v -0.212541 0.025096 0.878927
v -0.212541 -0.084508 0.878927
v -0.234002 -0.084508 0.886695
v -0.222415 -0.109589 0.875022
v -0.169885 -0.109589 1.020173
v -0.146625 0.050199 1.017803
v -0.169885 0.050199 1.020173
v -0.185113 -0.094733 1.021709
v -0.188601 -0.084508 1.012076
v -0.185113 0.035344 1.021709
v -0.167141 -0.084508 1.004308
v -0.188601 0.025096 1.012076
v -0.146625 -0.109589 1.017803
v -0.140503 -0.111937 1.036038
v -0.154612 -0.074985 1.025067
v -0.097517 -0.156985 0.966567
v -0.105943 -0.156985 0.853452
v 0.025603 -0.156985 0.852464
v 0.012262 -0.136995 0.785517
v 0.006382 -0.122513 0.755938
v -0.111713 -0.136995 0.785517
v -0.154678 -0.111937 0.838860
v -0.105241 -0.054161 1.100725
v 0.127879 -0.156985 1.008192
v 0.150129 -0.088172 0.935386
v -0.103969 -0.103291 1.083193
v 0.052966 -0.156985 0.921628
v -0.060829 -0.156985 1.040449
v 0.122546 -0.088172 0.897205
v 0.080175 -0.156985 0.960774
v -0.154612 -0.028619 1.025067
v -0.105899 -0.028619 1.109481
v -0.014223 -0.104696 1.208355
v 0.111861 -0.108886 1.293142
v 0.141308 -0.163436 1.234028
v 0.017463 -0.156985 1.152116
v 0.195594 -0.088172 0.977341
v 0.225810 -0.163436 1.069150
v -0.103969 0.046052 1.083193
v -0.154612 0.017724 1.025067
v -0.105241 -0.003078 1.100725
v -0.012753 -0.003078 1.229683
v -0.012753 -0.054161 1.229683
v -0.012028 -0.028619 1.240018
v 0.351937 -0.176514 1.117753
v 0.385466 -0.101119 1.054996
v -0.014223 0.047434 1.208355
v 0.107933 -0.003670 1.312495
v 0.106243 -0.028619 1.320878
v 0.107933 -0.053590 1.312495
v 0.290892 -0.063882 1.396141
v 0.290848 -0.122052 1.372245
v 0.476724 -0.191567 1.353331
v 0.304672 -0.176514 1.304640
v 0.493270 -0.191567 1.133815
v 0.730537 -0.158433 1.489091
v 0.730384 -0.209406 1.406827
v 0.473411 -0.137193 1.426686
v 0.474486 -0.073339 1.456945
v 0.290892 0.006643 1.396141
v 0.290847 0.064791 1.372245
v 0.111861 0.051626 1.293142
v 0.127879 0.099724 1.008192
v 0.080175 0.099724 0.960774
v 0.195594 0.030911 0.977341
v 0.225810 0.106175 1.069150
v 0.141308 0.106175 1.234028
v 0.473411 0.079932 1.426686
v 0.474486 0.016078 1.456945
v 0.290914 -0.028619 1.410031
v 0.304672 0.119253 1.304640
v 0.730537 0.101172 1.489091
v 0.730757 0.024197 1.540416
v 0.475211 -0.028619 1.477242
v 0.730757 -0.081458 1.540416
v 0.351937 0.119253 1.117753
v 0.476724 0.134306 1.353331
v 0.385466 0.043880 1.054996
v 0.493270 0.134306 1.133815
v 0.730407 0.152146 1.125301
v 0.139422 -0.028619 0.890118
v 0.150129 0.030911 0.935386
v 0.167660 -0.028619 0.928606
v 0.213060 -0.028619 0.969046
v 0.279460 0.032645 1.024254
v 0.292054 -0.028619 1.011396
v 0.392772 -0.028619 1.032439
v 0.518021 0.055180 1.059824
v 0.730604 0.066503 1.034392
v 0.524582 -0.028619 1.029280
v 0.730407 -0.209406 1.125301
v 0.518021 -0.112441 1.059824
v 0.098453 0.030911 0.840879
v 0.279460 -0.089906 1.024254
v 0.116248 -0.028619 0.838136
v 0.098453 -0.088172 0.840879
v 0.122546 0.030911 0.897205
v 0.099682 0.055444 0.755938
v 0.012262 0.079734 0.785517
v -0.111713 0.079734 0.785517
v -0.140503 0.054675 1.036038
v -0.097517 0.099724 0.966567
v -0.060829 0.099724 1.040449
v 0.017463 0.099724 1.152116
v 0.052966 0.099724 0.921628
v 0.025603 0.099724 0.852464
v -0.105943 0.099724 0.853452
v -0.321137 -0.068007 0.684010
v -0.300532 -0.068007 0.755938
v -0.300532 -0.122513 0.755938
v -0.228012 -0.074985 0.833725
v -0.278149 -0.074985 0.807481
v -0.278149 0.017724 0.807481
v -0.286358 -0.074985 0.795676
v -0.300532 0.010878 0.755938
v -0.321137 0.010878 0.684010
v -0.286358 0.017724 0.795676
v -0.300532 0.065252 0.755938
v -0.297417 -0.068007 0.766778
v -0.297417 0.010878 0.766778
v -0.285962 0.054675 0.780711
v -0.228012 0.017724 0.833725
v -0.257655 0.017724 0.821437
v -0.208394 0.017724 0.843511
v -0.227441 0.054675 0.812089
v -0.186956 0.054675 0.838355
v -0.188491 0.017724 0.875943
v -0.170324 0.054675 0.922900
v -0.163850 0.017724 1.010123
v -0.163850 -0.074985 1.010123
v -0.171398 -0.074985 0.971306
v -0.171398 0.017724 0.971306
v -0.179078 0.017724 0.928584
v -0.179078 -0.074985 0.928584
v -0.194526 0.017724 0.856414
v -0.188491 -0.074985 0.875943
v -0.194526 -0.074985 0.856414
v -0.208394 -0.074985 0.843511
v -0.170324 -0.111937 0.922900
v -0.186956 -0.111937 0.838355
v -0.262088 -0.111937 0.797498
v -0.257655 -0.074985 0.821437
v -0.285962 -0.111937 0.780711
v -0.747815 -0.036278 -1.237718
v -0.747815 -0.036278 -1.280485
v -0.634303 -0.036278 -1.316032
v -0.668491 -0.105858 -0.011929
v -0.660175 -0.105749 0.568919
v -0.620129 -0.105749 0.568941
v -0.614225 -0.105990 0.498790
v -0.673186 -0.105639 -0.156203
v -0.684224 -0.105661 -0.103891
v -0.635358 -0.106078 -0.029615
v -0.622213 -0.109457 -0.199737
v -0.602289 -0.118059 -0.029614
v -0.582344 -0.123062 -0.029614
v -0.602289 -0.117488 -0.199737
v -0.562397 -0.123062 -0.029615
v -0.562397 -0.122491 -0.199737
v -0.542473 -0.117137 -0.199737
v -0.509383 -0.101382 -0.199737
v -0.477259 -0.107592 -0.199737
v -0.458345 -0.108031 -0.199737
v -0.439453 -0.101733 -0.029614
v -0.439453 -0.101097 -0.199737
v -0.365439 -0.091200 -0.029615
v -0.333117 -0.076148 -0.166736
v -0.288003 -0.071167 -0.029614
v -0.234397 -0.077223 -0.140075
v -0.211137 -0.089489 -0.029614
v -0.193363 -0.102457 -0.118681
v -0.193363 -0.103028 -0.075826
v -0.172979 -0.128460 -0.075826
v -0.172979 -0.117664 -0.096058
v -0.091395 -0.122513 -0.005850
v -0.095871 -0.129052 -0.040849
v -0.172979 -0.129052 -0.052721
v -0.172979 -0.122513 -0.029614
v -0.100326 -0.128460 -0.075848
v -0.102278 -0.117664 -0.096102
v -0.303099 -0.122513 0.646443
v -0.326469 -0.122513 0.657568
v -0.250942 -0.122513 0.594812
v -0.312974 -0.122513 0.713632
v -0.004436 -0.112705 0.555096
v -0.091395 -0.112705 -0.005850
v 0.085047 -0.112704 0.625554
v 0.006382 -0.112705 0.755938
v 0.191293 -0.088589 0.616031
v 0.183855 -0.095655 0.635669
v 0.178984 -0.095655 0.618949
v 0.166674 -0.112704 0.621889
v 0.131916 -0.112704 0.720325
v 0.110193 -0.112704 0.619717
v 0.054305 -0.112704 0.620376
v 0.005503 -0.112705 0.578948
v 0.025626 -0.112705 0.603874
v 0.053997 -0.092649 0.590555
v 0.252295 -0.088589 0.592003
v 0.301314 -0.088589 0.494577
v 0.272020 -0.088589 0.345102
v 0.124719 -0.088589 0.248401
v 0.193159 -0.088589 0.263454
v 0.219534 -0.088589 0.283992
v 0.243869 -0.088589 0.315524
v 0.262563 -0.088589 0.351313
v 0.298287 -0.088589 0.441805
v 0.294052 -0.088589 0.534776
v 0.269630 -0.088589 0.558803
v 0.246852 -0.088589 0.580155
v 0.197372 -0.088589 0.250552
v 0.227302 -0.088589 0.274315
v -0.177432 -0.111937 0.860144
v -0.161875 -0.111937 0.973830
v -0.203853 -0.111937 0.823237
v -0.159879 -0.111937 0.766778
v -0.161590 -0.122513 0.755938
v -0.297417 -0.111937 0.766778
v -0.227441 -0.111937 0.812089
v -0.151343 -0.111937 1.018527
v -0.158079 -0.111937 0.791902
v -0.227725 -0.137500 0.420806
v -0.381698 -0.126441 0.420806
v -0.342596 -0.233894 0.420806
v -0.417575 -0.132760 0.420806
v -0.453429 -0.126441 0.420806
v -0.520815 -0.046108 0.420806
v -0.607401 -0.137500 0.420806
v -0.201701 0.010153 0.420806
v -0.193319 0.011624 0.408276
v -0.201701 -0.065966 0.420806
v -0.220374 -0.141757 0.408276
v -0.276658 -0.195824 0.420806
v -0.271217 -0.202341 0.408276
v -0.492531 -0.233894 0.420806
v -0.417575 -0.247104 0.420806
v -0.558469 -0.195824 0.420806
v -0.633448 -0.065966 0.420806
v -0.641808 0.011624 0.408276
v -0.614753 0.085944 0.408276
v -0.558469 0.140011 0.420806
v -0.492531 0.178082 0.420806
v -0.271217 0.146528 0.408276
v -0.227725 0.081687 0.420806
v -0.508374 0.024526 0.420806
v -0.607401 0.081687 0.420806
v -0.417575 0.076947 0.420806
v -0.417575 0.191291 0.420806
v -0.342596 0.178082 0.420806
v -0.276658 0.140011 0.420806
v -0.326775 -0.080339 0.420806
v -0.314312 -0.046108 0.420806
v -0.314312 -0.046108 0.452184
v -0.314312 -0.009705 0.420806
v -0.326775 0.024526 0.420806
v -0.350166 0.052415 0.420806
v -0.381698 0.070628 0.420806
v -0.381698 0.070628 0.452184
v -0.453429 0.070628 0.420806
v -0.484961 0.052415 0.420806
v -0.484961 0.052415 0.452184
v -0.520815 -0.009705 0.420806
v -0.633448 0.010153 0.420806
v -0.520815 -0.009705 0.452184
v -0.467209 0.031262 0.483540
v -0.508374 0.024526 0.452184
v -0.417575 0.049343 0.483540
v -0.453429 0.070628 0.452184
v -0.417575 0.076947 0.452184
v -0.367918 0.031262 0.483540
v -0.391156 0.044691 0.483540
v -0.350166 0.052415 0.452184
v -0.350672 0.010724 0.483540
v -0.326775 0.024526 0.452184
v -0.493628 -0.014488 0.483540
v -0.520815 -0.046108 0.452184
v -0.508374 -0.080339 0.420806
v -0.484961 -0.108228 0.420806
v -0.453429 -0.126441 0.452184
v -0.417575 -0.132760 0.452184
v -0.381698 -0.126441 0.452184
v -0.350166 -0.108228 0.420806
v -0.326775 -0.080339 0.452184
v -0.341499 -0.014488 0.483540
v -0.314312 -0.009705 0.452184
v -0.341499 -0.041325 0.483540
v -0.350166 -0.108228 0.452184
v -0.391156 -0.100482 0.483540
v -0.443994 -0.100482 0.483540
v -0.484456 -0.066537 0.483540
v -0.484961 -0.108228 0.452184
v -0.493628 -0.041325 0.483540
v -0.508374 -0.080339 0.452184
v -0.053654 -0.098705 0.039505
v -0.022342 -0.088326 0.190977
v -0.006170 -0.088326 0.215706
v -0.004655 -0.088326 0.322173
v 0.095140 -0.088589 0.249103
v 0.041008 -0.088326 0.241050
v 0.277815 -0.088589 0.395989
v 0.287206 0.031328 0.442551
v 0.289905 0.031328 0.490036
v 0.287206 -0.088589 0.442551
v 0.289905 -0.088589 0.490036
v 0.283739 -0.088589 0.530937
v 0.283739 0.031328 0.530937
v 0.269630 0.031328 0.558803
v 0.211503 0.031328 0.607298
v 0.211503 -0.088589 0.607298
v 0.191293 0.031328 0.616031
v 0.166652 0.055444 0.621889
v 0.145828 -0.112704 0.623184
v 0.083115 -0.100877 0.607188
v 0.053997 0.035410 0.590555
v 0.031659 0.031657 0.564158
v 0.031659 -0.088918 0.564158
v 0.022795 -0.088918 0.536071
v 0.022795 0.031657 0.536071
v 0.045658 0.031065 0.259680
v 0.007194 -0.088326 0.295622
v 0.045658 -0.088326 0.259680
v 0.124719 0.031328 0.248401
v 0.157215 -0.088589 0.252482
v 0.157215 0.031328 0.252482
v 0.243869 0.031328 0.315524
v 0.262563 0.031328 0.351313
v -0.443994 0.044691 0.483540
v -0.467209 -0.087075 0.483540
v -0.417575 -0.105156 0.483540
v -0.367918 -0.087075 0.483540
v -0.350672 -0.066537 0.483540
v -0.484456 0.010724 0.483540
v -0.401929 0.015047 -0.035341
v -0.433198 0.015047 -0.035341
v -0.446956 0.007103 -0.035342
v -0.457159 -0.005053 -0.035341
v -0.377990 -0.005053 -0.035341
v -0.446956 -0.062916 -0.035342
v -0.433198 -0.070859 -0.035341
v -0.446956 -0.062916 0.002313
v -0.457159 -0.050760 0.002312
v -0.462580 -0.035839 0.002313
v -0.457159 -0.050760 -0.035342
v -0.462580 -0.035839 -0.035341
v -0.462580 -0.019974 0.002312
v -0.462580 -0.019974 -0.035342
v -0.457159 -0.005053 0.002313
v -0.446956 0.007103 0.002312
v -0.433198 0.015047 0.002313
v -0.417575 0.017790 0.002313
v -0.417575 0.017790 -0.035341
v -0.401929 0.015047 0.002313
v -0.377990 -0.005053 0.002313
v -0.388193 0.007103 0.002313
v -0.388193 0.007103 -0.035341
v -0.372549 -0.019974 0.002312
v -0.372549 -0.019974 -0.035342
v -0.372549 -0.035839 0.002313
v -0.377990 -0.050760 0.002312
v -0.388193 -0.062916 0.002313
v -0.377990 -0.050760 -0.035342
v -0.401929 -0.070859 -0.035341
v -0.401929 -0.070859 0.002313
v -0.417575 -0.073602 0.002313
v -0.433198 -0.070859 0.002313
v -0.388193 -0.062916 -0.035341
v -0.417575 -0.073602 -0.035341
v -0.372549 -0.035839 -0.035342
v -0.679243 0.010878 0.532450
v -0.684246 -0.105705 0.516784
v -0.679243 -0.068007 0.532450
v -0.676434 -0.068007 0.541206
v -0.676434 -0.105727 0.541206
v -0.676434 0.010878 0.541206
v -0.660175 0.010878 0.568919
v -0.684224 0.048400 -0.103891
v -0.684246 0.048444 0.516784
v -0.673186 0.030626 -0.156203
v -0.664630 -0.062960 -0.199737
v -0.673186 -0.087887 -0.156203
v -0.495450 0.186069 0.002312
v -0.271217 0.146528 0.002313
v -0.614753 -0.141757 0.002312
v -0.220374 -0.141757 0.002313
v -0.339699 -0.241881 0.002313
v -0.495450 -0.241881 0.002312
v -0.641808 0.011624 0.002313
v -0.193319 0.011624 0.002312
v -0.200670 -0.061929 0.898588
v -0.241242 0.002759 0.913356
v -0.200670 0.002759 0.898588
v -0.204269 -0.029585 0.888714
v -0.170213 -0.061929 0.982256
v -0.170213 0.002759 0.982256
v -0.191257 0.022749 0.924437
v -0.220177 0.022749 0.971153
v -0.179627 0.022749 0.956386
v -0.166616 -0.029585 0.992130
v -0.220177 -0.081919 0.971153
v -0.179627 -0.081919 0.956386
v -0.231829 -0.081919 0.939204
v -0.191257 -0.081919 0.924437
v -0.241242 -0.061929 0.913356
v -0.210785 0.002759 0.997002
v -0.207188 -0.029585 1.006898
v -0.210785 -0.061929 0.997002
v -0.219059 -0.044353 0.974269
v -0.223337 -0.053481 0.962464
v -0.244820 -0.029585 0.903460
v -0.231829 0.022749 0.939204
v -0.228670 -0.005711 0.947893
v 0.083115 0.043616 0.607188
v 0.054305 0.055443 0.620376
v 0.194782 0.031328 0.628012
v 0.178984 0.038394 0.618949
v 0.183855 0.038394 0.635669
v 0.150502 0.055444 0.664437
v 0.145828 0.055444 0.623184
v 0.110193 0.055444 0.619717
v 0.005503 0.055443 0.578948
v 0.025626 0.055443 0.603874
v -0.004436 0.055443 0.555096
v 0.085047 0.055444 0.625554
v 0.131916 0.055444 0.720325
v -0.091395 0.065252 -0.005850
v -0.091395 0.055443 -0.005850
v -0.076452 0.055443 -0.005850
v -0.053654 0.041444 0.039505
v -0.004655 0.031065 0.322173
v -0.006170 0.031065 0.215706
v 0.008071 0.031065 0.230079
v 0.007194 0.031065 0.295622
v 0.095140 0.031328 0.249103
v 0.041008 0.031065 0.241050
v 0.093955 0.031328 0.235762
v 0.159059 0.031328 0.238702
v 0.123710 0.031328 0.234643
v -0.307136 0.013906 -0.029614
v -0.288003 0.013906 -0.029615
v -0.211137 0.031657 -0.132065
v -0.172979 0.071198 -0.075826
v -0.100326 0.071198 -0.075848
v -0.172979 0.071791 -0.052720
v -0.193363 0.045788 -0.075826
v -0.193363 0.045788 -0.029615
v -0.211137 0.032228 -0.029614
v -0.312974 0.065252 0.713632
v -0.303099 0.065252 0.646444
v -0.161590 0.065252 0.755938
v -0.297417 0.054675 0.766778
v -0.262088 0.054675 0.797498
v -0.177432 0.054675 0.860144
v -0.161875 0.054675 0.973830
v -0.159879 0.054675 0.766778
v -0.203853 0.054675 0.823237
v -0.158079 0.054675 0.791902
v -0.151343 0.054675 1.018527
v -0.154678 0.054675 0.838860
v -0.634303 -0.014949 -1.316032
v -0.712245 -0.014949 -1.316032
v -0.747815 -0.014949 -1.280485
v -0.634303 -0.036278 -1.056954
v -0.747815 -0.014949 -1.237718
v -0.634303 -0.014949 -1.056954
v -0.712245 -0.036278 -1.316032
v -0.080051 0.033106 -0.034201
v -0.078536 0.046183 -0.022702
v -0.093479 0.046183 -0.022702
v -0.094994 0.033106 -0.034201
v -0.103266 0.025930 -0.106765
v -0.096025 0.014147 -0.041683
v -0.096025 -0.071408 -0.041683
v -0.081060 0.014147 -0.041683
v -0.081060 -0.071408 -0.041683
v -0.080051 -0.090367 -0.034201
v -0.094994 -0.090367 -0.034201
v -0.095871 0.071791 -0.040849
v -0.102278 0.060402 -0.096102
v -0.078536 -0.103445 -0.022702
v -0.076452 -0.112705 -0.005850
v -0.093479 -0.103445 -0.022702
v 0.123710 -0.088589 0.234643
v 0.159059 -0.088589 0.238702
v 0.093955 -0.088589 0.235762
v 0.008071 -0.088326 0.230079
v -0.022342 0.031065 0.190977
v -0.033160 0.031482 0.106519
v -0.033160 -0.088743 0.106519
v 0.278516 -0.088589 0.566681
v 0.278516 0.031328 0.566681
v 0.298287 0.031328 0.441805
v 0.286985 -0.088589 0.389932
v 0.286985 0.031328 0.389932
v 0.254138 -0.088589 0.308568
v 0.227302 0.031328 0.274315
v 0.197372 0.031328 0.250552
v 0.119079 -0.028619 0.755938
v 0.135317 0.055444 0.696539
v 0.135317 -0.112704 0.696539
v 0.172927 0.055444 0.643350
v 0.150502 -0.112704 0.664437
v 0.172927 -0.112704 0.643350
v 0.194782 -0.088589 0.628012
v 0.215585 0.031328 0.617852
v 0.215585 -0.088589 0.617852
v -0.222087 0.067666 0.498900
v -0.326534 0.163204 0.498790
v -0.467802 0.174812 0.498790
v -0.586469 0.098012 0.498790
v -0.668514 -0.105793 0.498615
v -0.614225 0.048729 0.498790
v -0.172979 0.065252 0.498922
v -0.266367 -0.181539 0.498790
v -0.222087 -0.124927 0.498900
v -0.326534 -0.220465 0.498790
v 0.254138 0.031328 0.308568
v 0.301314 0.031328 0.494577
v 0.294052 0.031328 0.534776
v 0.193159 0.031328 0.263454
v 0.219534 0.031328 0.283992
v 0.272020 0.031328 0.345102
v 0.277815 0.031328 0.395988
v 0.252295 0.031328 0.592003
v 0.246852 0.031328 0.580155
v -0.522527 -0.107460 -0.029614
v -0.542473 -0.117729 -0.029614
v -0.458345 -0.108689 -0.029614
v -0.426220 -0.091244 -0.029614
v -0.496153 -0.102172 -0.029615
v -0.509383 -0.101952 -0.029615
v -0.622213 -0.110027 -0.029614
v -0.656752 -0.106078 -0.029614
v -0.477259 -0.108250 -0.029614
v -0.333117 -0.076718 -0.029614
v -0.622213 0.052766 -0.029615
v -0.602289 0.060797 -0.029615
v -0.582344 0.065800 -0.029615
v -0.542473 0.060446 -0.029614
v -0.522527 0.050199 -0.029614
v -0.509383 0.044691 -0.029614
v -0.439453 0.044472 -0.029614
v -0.496153 0.044933 -0.029614
v -0.458345 0.051428 -0.029614
v -0.234397 0.020532 -0.029615
v -0.193363 -0.103028 -0.029614
v -0.234397 -0.077793 -0.029615
v -0.307136 -0.071167 -0.029615
v -0.635358 0.048795 -0.029615
v -0.593972 0.047983 0.594505
v -0.620151 0.048487 0.568941
v -0.668514 0.048531 0.498615
v -0.676434 0.048465 0.541206
v -0.673186 0.048378 -0.156203
v -0.668491 0.048597 -0.011929
v -0.656752 0.048795 -0.029614
v -0.635358 0.048224 -0.199737
v -0.562397 0.065800 -0.029614
v -0.522527 0.049629 -0.199737
v -0.477259 0.050989 -0.029615
v -0.458345 0.050791 -0.199737
v -0.439453 0.043836 -0.199737
v -0.426220 0.033983 -0.029614
v -0.333117 0.019457 -0.029614
v -0.365439 0.033939 -0.029615
v -0.365439 0.033874 -0.199737
v -0.333117 0.018887 -0.166736
v -0.664630 0.005699 -0.199737
v -0.645473 -0.105485 -0.199737
v -0.635358 -0.105485 -0.199737
v -0.542473 0.059876 -0.199737
v -0.562397 0.065230 -0.199737
v -0.509383 0.044121 -0.199737
v -0.622213 0.052196 -0.199737
v -0.645473 0.048224 -0.199737
v -0.602289 0.060227 -0.199737
v -0.582344 0.065230 -0.199737
v -0.522527 -0.106890 -0.199737
v -0.582344 -0.122491 -0.199737
v -0.477259 0.050331 -0.199737
v -0.496153 0.044274 -0.199737
v -0.426220 0.033917 -0.199737
v -0.288003 -0.070596 -0.140075
v -0.288003 -0.009463 -0.154185
v -0.307136 0.013335 -0.149861
v -0.365439 0.003900 -0.199737
v -0.426220 -0.091200 -0.199737
v -0.307136 -0.047798 -0.163971
v -0.307136 -0.070596 -0.149861
v -0.333182 -0.050892 -0.180845
v -0.365439 -0.061161 -0.199737
v -0.365439 -0.091135 -0.199737
v -0.333182 -0.006370 -0.180845
v -0.307136 -0.009463 -0.163971
v -0.496153 -0.101535 -0.199737
v -0.308409 -0.183229 0.029784
v -0.262527 -0.117422 0.054734
v -0.216798 -0.047052 0.046154
v -0.227901 -0.043782 0.029784
v -0.235493 -0.035049 0.029784
v -0.235493 -0.035049 0.052715
v -0.237139 -0.023595 0.053286
v -0.222591 -0.006808 0.048173
v -0.232334 -0.013062 0.051596
v -0.227901 -0.043782 0.050038
v -0.222591 -0.006808 0.029784
v -0.232334 -0.013062 0.029784
v -0.237139 -0.023595 0.029784
v -0.216798 -0.047052 0.029784
v -0.198125 -0.035049 0.029784
v -0.205696 -0.043782 0.029784
v -0.193319 -0.067436 0.037904
v -0.198125 -0.035049 0.039571
v -0.196478 -0.023595 0.029784
v -0.201284 -0.013062 0.040691
v -0.211028 -0.006808 0.044113
v -0.211028 -0.006808 0.029784
v -0.205696 -0.043782 0.042248
v -0.201284 -0.013062 0.029784
v -0.196478 -0.023595 0.039001
v -0.193319 0.011624 0.037903
v -0.241264 0.003175 0.054734
v -0.300027 0.137356 0.045759
v -0.308409 0.129369 0.049643
v -0.308409 0.129369 0.029784
v -0.319776 0.127174 0.029784
v -0.330505 0.131475 0.052890
v -0.356332 0.140318 0.054734
v -0.337769 0.152452 0.047778
v -0.337220 0.140889 0.051201
v -0.319776 0.127174 0.052320
v -0.302484 0.109225 0.054734
v -0.321706 0.167790 0.029784
v -0.337769 0.152452 0.029784
v -0.337220 0.140889 0.029784
v -0.330505 0.131475 0.029784
v -0.297306 0.148590 0.029784
v -0.300027 0.137356 0.029784
v -0.331999 0.162480 0.043719
v -0.331999 0.162480 0.029784
v -0.310187 0.166671 0.038606
v -0.310187 0.166671 0.029784
v -0.301103 0.159518 0.029784
v -0.297306 0.148590 0.041853
v -0.271217 0.146528 0.037904
v -0.301103 0.159518 0.039198
v -0.339699 0.186069 0.037903
v -0.321706 0.167790 0.040296
v -0.321706 -0.221650 0.040888
v -0.310187 -0.220553 0.039198
v -0.339699 -0.241881 0.037904
v -0.220374 -0.141757 0.037904
v -0.193319 -0.067436 0.002313
v -0.220374 0.085944 0.037904
v -0.220374 0.085944 0.002313
v -0.339699 0.186069 0.002312
v -0.417575 0.199783 0.002312
v -0.417575 0.151114 0.054734
v -0.478795 0.140318 0.054733
v -0.509713 0.165443 0.029784
v -0.501352 0.157477 0.045562
v -0.495450 0.186069 0.037903
v -0.509713 0.165443 0.041656
v -0.563933 0.146528 0.037903
v -0.531831 0.163336 0.038408
v -0.538546 0.153923 0.040098
v -0.539093 0.142359 0.043521
v -0.538546 0.153923 0.029784
v -0.531831 0.163336 0.029784
v -0.539093 0.142359 0.029784
v -0.521078 0.167637 0.039001
v -0.521078 0.167637 0.029784
v -0.501352 0.157477 0.029784
v -0.498610 0.146221 0.029784
v -0.613632 -0.006808 0.029784
v -0.593863 0.003175 0.054734
v -0.613632 -0.006808 0.047799
v -0.625220 -0.006808 0.043719
v -0.614753 0.085944 0.037903
v -0.532643 0.109225 0.054733
v -0.523010 0.127043 0.051003
v -0.533301 0.132331 0.047602
v -0.533301 0.132331 0.029784
v -0.511512 0.128140 0.029784
v -0.498610 0.146221 0.049467
v -0.502405 0.135293 0.029784
v -0.502405 0.135293 0.052123
v -0.511512 0.128140 0.052693
v -0.523010 0.127043 0.029784
v -0.641808 -0.067436 0.037903
v -0.638100 -0.035049 0.029784
v -0.639746 -0.023595 0.029784
v -0.630530 -0.043782 0.029784
v -0.634941 -0.013062 0.029784
v -0.625220 -0.006808 0.029784
v -0.639746 -0.023595 0.038628
v -0.634941 -0.013062 0.040317
v -0.638100 -0.035049 0.039198
v -0.533301 -0.186213 0.029784
v -0.533301 -0.186213 0.048173
v -0.539093 -0.196219 0.044113
v -0.563933 -0.202341 0.037904
v -0.532643 -0.165038 0.054733
v -0.614753 -0.141757 0.037903
v -0.572600 -0.117422 0.054734
v -0.593863 -0.058988 0.054734
v -0.630530 -0.043782 0.041853
v -0.619427 -0.047052 0.029784
v -0.603913 -0.013062 0.029784
v -0.600754 -0.035049 0.029784
v -0.608324 -0.043782 0.029784
v -0.619427 -0.047052 0.045759
v -0.608324 -0.043782 0.049665
v -0.599108 -0.023595 0.029784
v -0.600754 -0.035049 0.052320
v -0.603913 -0.013062 0.051201
v -0.599108 -0.023595 0.052890
v -0.417575 0.199783 0.037903
v -0.563933 0.146528 0.002313
v -0.614753 0.085944 0.002312
v -0.641808 0.011624 0.037904
v -0.641808 -0.067436 0.002312
v -0.563933 -0.202341 0.002312
v -0.417575 -0.255596 0.002313
v -0.271217 -0.202341 0.002312
v -0.337769 -0.206313 0.048370
v -0.337769 -0.206313 0.029784
v -0.417575 -0.255596 0.037904
v -0.478795 -0.196131 0.054734
v -0.501352 -0.211337 0.046154
v -0.509713 -0.219324 0.042248
v -0.501352 -0.211337 0.029784
v -0.509713 -0.219324 0.029784
v -0.498610 -0.200081 0.029784
v -0.498610 -0.200081 0.050060
v -0.502405 -0.189153 0.029784
v -0.502405 -0.189153 0.052715
v -0.511489 -0.182000 0.053286
v -0.523010 -0.180903 0.051596
v -0.523010 -0.180903 0.029784
v -0.511489 -0.182000 0.029784
v -0.531831 -0.217196 0.039001
v -0.495450 -0.241881 0.037903
v -0.521078 -0.221519 0.029784
v -0.539093 -0.196219 0.029784
v -0.538546 -0.207783 0.029784
v -0.538546 -0.207783 0.040691
v -0.531831 -0.217196 0.029784
v -0.521078 -0.221519 0.039593
v -0.468613 -0.089972 -1.341068
v -0.515505 -0.009529 -1.351535
v -0.468613 0.037758 -1.341068
v -0.403926 -0.026118 -1.320201
v -0.436270 0.029200 -1.330646
v -0.528737 0.045569 -1.351600
v -0.570954 0.030780 -1.351578
v -0.536681 0.019633 -1.351535
v -0.515505 -0.045559 -1.351513
v -0.570954 -0.085847 -1.351557
v -0.571372 -0.113516 -1.351600
v -0.626405 -0.045559 -1.351600
v -0.626405 -0.009529 -1.351622
v -0.570954 -0.027545 -0.754735
v -0.536681 -0.074722 -1.351535
v -0.605228 0.019633 -1.351601
v -0.613984 0.045569 -1.351601
v -0.605228 -0.074722 -1.351578
v 0.160179 -0.056509 0.478712
v 0.188484 0.004580 0.458964
v 0.188484 -0.056509 0.458964
v 0.214224 -0.056509 0.463901
v 0.153750 0.004580 0.513119
v 0.153750 -0.056509 0.513119
v 0.097291 0.004580 0.539034
v 0.097291 -0.056509 0.539034
v 0.038309 0.004580 0.550136
v -0.004874 -0.056509 0.550136
v -0.004874 -0.056509 0.504605
v 0.038309 -0.056509 0.550136
v 0.065386 0.004580 0.508313
v 0.065386 -0.056509 0.508313
v 0.160179 0.004580 0.478712
v 0.118333 0.004580 0.499668
v 0.118333 -0.056509 0.499668
v -0.004874 0.004580 0.504605
v -0.004874 0.004580 0.550136
v 0.214224 0.004580 0.463901
v -0.331999 -0.216340 0.029784
v -0.301103 -0.213400 0.029784
v -0.310187 -0.220553 0.029784
v -0.301103 -0.213400 0.039791
v -0.297306 -0.202451 0.029784
v -0.337220 -0.194771 0.029784
v -0.319776 -0.181034 0.029784
v -0.330505 -0.185335 0.029784
v -0.330505 -0.185335 0.053483
v -0.331999 -0.216340 0.044311
v -0.321706 -0.221650 0.029784
v -0.297306 -0.202451 0.042446
v -0.271217 -0.202341 0.037903
v -0.300027 -0.191216 0.046352
v -0.300027 -0.191216 0.029784
v -0.308409 -0.183229 0.050235
v -0.319776 -0.181034 0.052912
v -0.356332 -0.196131 0.054733
v -0.337220 -0.194771 0.051794
v -0.193363 -0.059647 -0.118681
v -0.211137 -0.055083 -0.146175
v -0.193363 0.002386 -0.118681
v -0.211137 -0.002179 -0.146175
v -0.234397 -0.051440 -0.154185
v -0.288003 -0.047798 -0.154185
v -0.288003 0.013335 -0.140075
v -0.234397 0.019962 -0.140075
v -0.234397 -0.005821 -0.154185
v -0.172979 0.025930 -0.106721
v -0.193363 0.045218 -0.118681
v -0.172979 0.060402 -0.096058
v -0.172979 -0.083191 -0.106721
v -0.103266 -0.083191 -0.106765
v -0.211137 -0.088918 -0.132065
v -0.404497 -0.026118 -0.435753
v -0.412593 0.005831 -1.323009
v -0.399758 -0.026074 -0.179791
v -0.436446 0.029200 -0.435753
v -0.408666 0.007147 -0.179791
v -0.432979 0.031460 -0.179791
v -0.466178 0.040346 -0.179791
v -0.528737 0.045569 -0.435096
v -0.499398 0.031460 -0.179791
v -0.528957 0.048487 -0.179133
v -0.573302 0.060358 -0.179133
v -0.617628 0.048487 -0.179133
v -0.645189 0.014366 -0.435096
v -0.413055 0.005831 -0.435753
v -0.468373 0.037758 -0.435753
v -0.500957 0.029200 -1.351492
v -0.500300 0.029200 -0.435753
v -0.571372 0.057001 -1.351601
v -0.571372 0.057001 -0.435096
v -0.645189 0.014366 -1.351601
v -0.613984 0.045569 -0.435096
v -0.656620 -0.028247 -1.351600
v -0.645189 -0.070881 -1.351600
v -0.650082 0.016034 -0.179133
v -0.656620 -0.028247 -0.435096
v -0.661953 -0.028290 -0.179133
v -0.645189 -0.070881 -0.435096
v -0.650082 -0.072637 -0.179133
v -0.613984 -0.102084 -0.435096
v -0.617628 -0.105090 -0.179133
v -0.571372 -0.113516 -0.435096
v -0.573302 -0.116961 -0.179133
v -0.528957 -0.105090 -0.179133
v -0.499398 -0.083586 -0.179791
v -0.466178 -0.092495 -0.179791
v -0.432979 -0.083586 -0.179791
v -0.408666 -0.059274 -0.179791
v -0.613984 -0.102084 -1.351600
v -0.528737 -0.102084 -1.351600
v -0.500957 -0.081414 -1.351492
v -0.528737 -0.102084 -0.435096
v -0.500300 -0.081414 -0.435753
v -0.436270 -0.081414 -1.330646
v -0.468373 -0.089972 -0.435753
v -0.436446 -0.081414 -0.435753
v -0.412593 -0.058045 -1.323009
v -0.413055 -0.058045 -0.435753
v -0.593863 0.003175 0.355833
v -0.572600 0.061609 0.355833
v -0.572600 0.061609 0.054734
v -0.532643 0.109225 0.355833
v -0.417575 0.151114 0.355833
v -0.356332 0.140318 0.355833
v -0.262527 0.061609 0.054734
v -0.241264 -0.058988 0.355833
v -0.241264 -0.058988 0.054734
v -0.262527 -0.117422 0.355833
v -0.302484 -0.165038 0.054734
v -0.417575 -0.206927 0.054733
v -0.532643 -0.165038 0.355833
v -0.572600 -0.117422 0.355833
v -0.563933 -0.202341 0.408276
v -0.495450 -0.241881 0.408276
v -0.417575 -0.255596 0.408276
v -0.339699 -0.241881 0.408276
v -0.271217 -0.202341 0.372685
v -0.193319 -0.067436 0.408276
v -0.220374 0.085944 0.408276
v -0.495450 -0.241881 0.372685
v -0.478795 -0.196131 0.355833
v -0.417575 -0.206927 0.355833
v -0.417575 -0.255596 0.372685
v -0.356332 -0.196131 0.355833
v -0.302484 -0.165038 0.355833
v -0.339699 -0.241881 0.372685
v -0.220374 -0.141757 0.372685
v -0.193319 -0.067436 0.372685
v -0.241264 0.003175 0.355833
v -0.262527 0.061609 0.355833
v -0.193319 0.011624 0.372685
v -0.302484 0.109225 0.355833
v -0.220374 0.085944 0.372685
v -0.271217 0.146528 0.372685
v -0.339699 0.186069 0.372685
v -0.417575 0.199783 0.372685
v -0.495450 0.186069 0.372685
v -0.478795 0.140318 0.355833
v -0.563933 0.146528 0.372685
v -0.593863 -0.058988 0.355833
v -0.641808 -0.067436 0.372685
v -0.614753 -0.141757 0.372685
v -0.339699 0.186069 0.408276
v -0.417575 0.199783 0.408276
v -0.495450 0.186069 0.408276
v -0.614753 0.085944 0.372685
v -0.563933 0.146528 0.408276
v -0.641808 0.011624 0.372685
v -0.641808 -0.067436 0.408276
v -0.614753 -0.141757 0.408276
v -0.563933 -0.202341 0.372685
v -0.333555 -0.053481 0.986074
v -0.379262 -0.048741 0.982892
v -0.381391 -0.029585 0.977056
v -0.359097 -0.029585 1.038298
v -0.366800 -0.060590 1.017145
v -0.377418 -0.053481 1.018549
v -0.373118 -0.044353 1.030355
v -0.361225 -0.048741 1.032461
v -0.373689 -0.060590 0.998208
v -0.388653 -0.029585 0.987654
v -0.387030 -0.014817 0.992152
v -0.382729 -0.005711 1.003957
v -0.379262 -0.010429 0.982892
v -0.373689 0.001420 0.998208
v -0.366800 0.001420 1.017145
v -0.361225 -0.010429 1.032461
v -0.337856 -0.014817 0.974269
v -0.325942 -0.019228 0.976375
v -0.339502 -0.029585 0.969749
v -0.325942 -0.039964 0.976375
v -0.337856 -0.044353 0.974269
v -0.319205 -0.046371 0.994895
v -0.328245 -0.053481 1.000644
v -0.323944 -0.044353 1.012449
v -0.322321 -0.029585 1.016969
v -0.319205 -0.012821 0.994895
v -0.323944 -0.014817 1.012449
v -0.328245 -0.005711 1.000644
v -0.316198 -0.019228 1.003189
v -0.223337 -0.005711 0.962464
v -0.322935 -0.012821 0.984648
v -0.333555 -0.005711 0.986074
v -0.232949 -0.014817 0.936088
v -0.327105 -0.029585 0.973193
v -0.234594 -0.029585 0.931568
v -0.232949 -0.044353 0.936088
v -0.228670 -0.053481 0.947893
v -0.322935 -0.046371 0.984648
v -0.217413 -0.029585 0.978789
v -0.316198 -0.039964 1.003189
v -0.315037 -0.029585 1.006349
v -0.219059 -0.014817 0.974269
v -0.724271 0.078791 -0.221439
v -0.704697 -0.158324 -0.221439
v -0.724271 -0.158324 -0.221439
v -0.724271 -0.158324 -0.062507
v -0.704697 -0.158324 -0.062507
v -0.724271 0.078791 -0.062507
v -0.704697 0.078791 -0.221439
v -0.800632 0.211874 -0.183368
v -0.800521 0.142293 -0.005741
v -0.800631 0.142293 -0.183368
v -0.800653 0.164587 -0.202765
v -0.745138 0.164587 -0.202809
v -0.745247 0.189602 -0.202809
v -0.744524 0.189602 0.036499
v -0.745093 0.189602 0.013612
v -0.745116 0.211896 -0.005785
v -0.745093 0.164587 0.013612
v -0.744524 0.164587 0.036499
v -0.744546 0.142293 0.017102
v -0.760409 0.142293 0.017102
v -0.760388 0.164587 0.036499
v -0.800499 0.164587 0.013635
v -0.800499 0.189602 0.013635
v -0.760409 0.189602 0.013613
v -0.760409 0.211874 0.017102
v -0.760388 0.189602 0.036499
v -0.760409 0.164587 0.013613
v -0.760431 0.164587 -0.202809
v -0.744567 0.142293 -0.207307
v -0.744589 0.164587 -0.226683
v -0.760455 0.164587 -0.226683
v -0.760563 0.189602 -0.226683
v -0.744700 0.189602 -0.226683
v -0.744676 0.211896 -0.207307
v -0.760542 0.189602 -0.202809
v -0.800653 0.189602 -0.202765
v -0.692387 0.221836 0.025484
v -0.692606 0.154032 0.048173
v -0.692037 0.131343 -0.211981
v -0.747924 0.221836 -0.212859
v -0.747705 0.154032 -0.235548
v -0.748495 0.199147 0.047295
v -0.748275 0.221836 0.024606
v -0.692037 0.221836 -0.211981
v -0.691816 0.199147 -0.234670
v -0.747705 0.199147 -0.235548
v -0.691816 0.154032 -0.234670
v -0.747924 0.131343 -0.212859
v -0.692387 0.131343 0.025484
v -0.748275 0.131343 0.024606
v -0.748495 0.154032 0.047295
v -0.692606 0.199147 0.048173
v -0.752709 0.183458 -0.208975
v -0.752620 0.184994 -0.213693
v -0.795189 0.183458 -0.209699
v -0.752752 0.179464 -0.206057
v -0.752752 0.174505 -0.206057
v -0.795232 0.174505 -0.206780
v -0.752709 0.170489 -0.208975
v -0.752620 0.168953 -0.213693
v -0.795102 0.168953 -0.214395
v -0.752555 0.170489 -0.218388
v -0.752489 0.179464 -0.221307
v -0.752489 0.174505 -0.221307
v -0.794970 0.174505 -0.222031
v -0.795013 0.183458 -0.219113
v -0.752555 0.183458 -0.218388
v -0.795102 0.184994 -0.214395
v -0.704697 0.078791 -0.062507
v -0.760409 0.142293 -0.005785
v -0.760409 0.142293 -0.183390
v -0.745116 0.142293 -0.005785
v -0.745116 0.142293 -0.183412
v -0.760431 0.142293 -0.207285
v -0.795232 0.179464 -0.206780
v -0.795189 0.170489 -0.209699
v -0.795013 0.170489 -0.219113
v -0.794970 0.179464 -0.222031
v -0.794927 0.179464 0.033712
v -0.794794 0.184994 0.026098
v -0.794883 0.170489 0.030816
v -0.794663 0.179464 0.018485
v -0.685542 0.285733 -0.399570
v -0.685541 -0.555117 0.192293
v -0.721572 0.078725 -0.219046
v -0.711565 0.110366 -0.219046
v -0.711565 0.110366 -0.066105
v -0.703489 0.110366 -0.219046
v -0.703489 0.110366 -0.066105
v -0.703489 0.078725 -0.066105
v -0.721572 0.078725 -0.066105
v -0.703489 0.078725 -0.219046
v -0.721572 -0.155735 -0.220605
v -0.721572 0.074468 -0.220605
v -0.721572 0.074468 -0.064240
v -0.721572 -0.155735 -0.064240
v -0.711565 -0.155735 -0.032577
v -0.711565 0.074468 -0.032577
v -0.703489 0.074468 -0.064240
v -0.703489 0.074468 -0.032577
v -0.703489 -0.155735 -0.032577
v -0.703489 -0.155735 -0.064240
v -0.711565 -0.187354 -0.065206
v -0.711565 -0.187354 -0.218147
v -0.721572 -0.155713 -0.065206
v -0.703489 -0.155713 -0.065206
v -0.703489 -0.187354 -0.065206
v -0.703489 -0.187354 -0.218147
v -0.703489 -0.155713 -0.218147
v -0.721572 -0.155713 -0.218147
v -0.720671 -0.453061 -0.221350
v -0.702217 -0.325045 -0.178892
v -0.723085 -0.458130 -0.222777
v -0.723085 -0.325045 -0.222777
v -0.723085 -0.325045 -0.178892
v -0.702217 -0.325045 -0.222777
v -0.702217 -0.458129 -0.222777
v -0.702217 -0.458130 -0.178892
v -0.723085 -0.458130 -0.178892
v -0.712048 -0.331496 -0.159429
v -0.712048 -0.453061 -0.159428
v -0.702261 -0.331496 -0.182446
v -0.702261 -0.331496 -0.159428
v -0.702261 -0.453061 -0.159428
v -0.720671 -0.453061 -0.182446
v -0.702261 -0.453061 -0.182446
v -0.720671 -0.331496 -0.182446
v -0.706891 -0.491680 0.053878
v -0.706891 -0.409503 0.031869
v -0.706891 -0.469671 0.136076
v -0.752466 0.179464 0.034459
v -0.752401 0.183458 0.031540
v -0.752466 0.174505 0.034459
v -0.752246 0.183458 0.022104
v -0.752203 0.174505 0.019186
v -0.752203 0.179464 0.019186
v -0.794707 0.183458 0.021381
v -0.752313 0.184994 0.026822
v -0.794883 0.183458 0.030816
v -0.794926 0.174505 0.033712
v -0.752401 0.170489 0.031540
v -0.794794 0.168953 0.026098
v -0.752313 0.168953 0.026823
v -0.794707 0.170489 0.021381
v -0.794663 0.174505 0.018485
v -0.752246 0.170489 0.022104
v -0.695678 0.285733 -0.399570
v -0.685541 -0.555117 -0.399570
v -0.685542 0.285733 0.192293
v -0.695723 -0.500325 -0.368960
v -0.695723 -0.513052 -0.358273
v -0.695678 -0.555117 -0.399569
v -0.695723 -0.492250 -0.382959
v -0.695700 0.223942 -0.399569
v -0.708624 0.226926 -0.382564
v -0.708602 -0.500325 -0.368960
v -0.708602 -0.513052 -0.358273
v -0.695723 -0.528675 -0.352590
v -0.708602 -0.492469 -0.382564
v -0.708602 -0.489332 0.169077
v -0.695723 0.224008 0.169648
v -0.695678 0.285733 0.192293
v -0.695723 0.226860 -0.382959
v -0.695700 0.285733 -0.354653
v -0.695745 0.247355 -0.358493
v -0.695723 0.235111 -0.368960
v -0.708624 0.247158 -0.358669
v -0.708624 0.235111 -0.368960
v -0.708602 -0.528675 0.123086
v -0.708602 -0.528675 -0.352590
v -0.708624 0.224118 0.169077
v -0.695723 0.226795 0.153850
v -0.695723 0.263439 0.123086
v -0.695723 0.235111 0.139455
v -0.695723 0.247838 0.128769
v -0.708624 0.235111 0.139455
v -0.708624 0.226795 0.153850
v -0.695723 0.263439 -0.352590
v -0.708624 0.263439 -0.352590
v -0.708624 0.247838 -0.358273
v -0.708602 -0.513052 0.128769
v -0.695723 -0.492031 0.153850
v -0.708602 -0.492031 0.153850
v -0.708602 -0.500325 0.139455
v -0.708624 0.263439 0.123085
v -0.708624 0.247838 0.128769
v -0.695723 -0.513052 0.128769
v -0.695723 -0.528675 0.123085
v -0.695723 -0.500325 0.139455
v -0.695723 -0.489244 0.169648
v -0.695656 -0.555117 0.192293
v -0.703489 0.074468 -0.252246
v -0.711565 0.074468 -0.252246
v -0.703489 -0.155735 -0.220605
v -0.711565 -0.155735 -0.252246
v -0.703489 0.074468 -0.220605
v -0.703489 -0.155735 -0.252246
v -0.712048 -0.331496 -0.244369
v -0.712048 -0.453061 -0.244369
v -0.702261 -0.453061 -0.221350
v -0.702261 -0.331496 -0.221350
v -0.720671 -0.331496 -0.221350
v -0.702261 -0.331496 -0.244369
v -0.702261 -0.453061 -0.244369
v -0.734693 -0.409503 0.031869
v -0.734693 -0.387472 0.053878
v -0.734693 -0.387472 0.114045
v -0.734693 -0.439588 0.023816
v -0.734693 -0.491680 0.114045
v -0.734693 -0.469671 0.136076
v -0.706891 -0.439588 0.144129
v -0.706891 -0.409503 0.136076
v -0.734693 -0.439588 0.144129
v -0.734693 -0.409503 0.136076
v -0.706891 -0.387472 0.114045
v -0.706891 -0.379419 0.083961
v -0.706891 -0.387472 0.053878
v -0.734693 -0.379419 0.083961
v -0.706891 -0.439588 0.023816
v -0.706891 -0.469671 0.031869
v -0.734693 -0.469671 0.031869
v -0.706891 -0.499733 0.083961
v -0.734693 -0.491680 0.053878
v -0.734693 -0.499733 0.083961
v -0.706891 -0.491680 0.114045
v -0.760520 0.211874 -0.183390
v -0.800521 0.211874 -0.005741
v -0.760542 0.211896 -0.207285
v -0.745226 0.211896 -0.183412
v -0.760409 0.211874 -0.005785
v -0.744546 0.211896 0.017102
v -0.642533 0.274520 -0.252992
v -0.649884 0.314697 -0.252992
v -0.427822 0.109620 -0.252992
v -0.433396 0.108128 -0.252992
v -0.637859 0.258107 -0.252992
v -0.683238 0.285974 -0.252992
v -0.678497 0.289288 -0.252992
v -0.641654 0.262956 -0.252992
v -0.642533 0.274520 -0.348334
v -0.646109 0.309826 -0.252992
v -0.646044 0.292513 -0.252992
v -0.646109 0.309826 -0.348334
v -0.649884 0.314697 -0.348334
v -0.649840 0.297363 -0.252992
v -0.646329 0.279370 -0.348334
v -0.646329 0.279370 -0.252992
v -0.649840 0.297363 -0.348334
v -0.646044 0.292513 -0.348334
v -0.712903 -0.550026 -0.348334
v -0.708164 -0.546713 -0.348334
v -0.708251 0.263790 -0.252992
v -0.713848 0.265282 -0.252992
v -0.683238 0.285974 -0.348334
v -0.433396 0.108128 -0.348334
v -0.416390 -0.020391 -0.348334
v -0.416390 -0.020391 -0.252992
v -0.403423 0.007608 -0.252992
v -0.400438 0.044648 -0.252992
v -0.410070 0.079427 -0.348334
v -0.692300 0.293347 -0.348334
v -0.703863 0.288213 -0.252992
v -0.692300 0.293347 -0.252992
v -0.699453 0.284504 -0.252992
v -0.711937 -0.536509 -0.348334
v -0.696557 -0.555906 -0.252992
v -0.421108 -0.017078 -0.348334
v -0.686835 -0.556389 -0.348334
v -0.394667 0.044143 -0.252992
v -0.404409 0.079932 -0.252992
v -0.410070 0.079427 -0.252992
v -0.637859 0.258107 -0.348334
v -0.427822 0.109620 -0.348334
v -0.404409 0.079932 -0.348334
v -0.400438 0.044648 -0.348334
v -0.394667 0.044143 -0.348334
v -0.403423 0.007608 -0.348334
v -0.686835 -0.556389 -0.252992
v -0.698048 -0.561501 -0.252992
v -0.698048 -0.561501 -0.348334
v -0.408425 0.010482 -0.252992
v -0.408425 0.010482 -0.348334
v -0.421108 -0.017078 -0.252992
v -0.685344 -0.561962 -0.252992
v -0.685344 -0.561962 -0.348334
v -0.711937 -0.536509 -0.252992
v -0.703863 0.288213 -0.348334
v -0.713848 0.265282 -0.348334
v -0.699453 0.284504 -0.348334
v -0.691861 0.288125 -0.252992
v -0.691861 0.288125 -0.348334
v -0.678497 0.289288 -0.348334
v -0.641654 0.262956 -0.348334
v -0.708251 0.263790 -0.348334
v -0.717709 -0.537013 -0.348334
v -0.712903 -0.550026 -0.252992
v -0.708164 -0.546712 -0.252992
v -0.717709 -0.537013 -0.252992
v -0.696557 -0.555906 -0.348334
v -0.071185 0.181856 0.623667
v -0.068970 0.185586 0.616733
v -0.067587 0.185586 0.620068
v -0.064274 0.185586 0.621451
v -0.064274 0.181856 0.626542
v -0.074192 0.173649 0.626673
v -0.064274 0.173649 0.630798
v -0.054333 0.144794 0.606793
v -0.054333 0.173649 0.626673
v -0.050209 0.173649 0.616733
v -0.050209 0.144794 0.616733
v -0.054333 0.144794 0.626673
v -0.057340 0.181856 0.623667
v -0.060938 0.185586 0.613420
v -0.060938 0.185586 0.620068
v -0.064274 0.181856 0.606925
v -0.057340 0.181856 0.609799
v -0.064274 0.173649 0.602689
v -0.064274 0.144794 0.602689
v -0.064274 0.144794 0.630798
v -0.074192 0.144794 0.626673
v -0.078316 0.173649 0.616733
v -0.054466 0.181856 0.616733
v -0.059557 0.185586 0.616733
v -0.054333 0.173649 0.606793
v -0.074192 0.144794 0.606793
v -0.074083 0.181856 0.616733
v -0.064274 0.185586 0.612037
v -0.067587 0.185586 0.613420
v -0.071185 0.181856 0.609799
v -0.074192 0.173649 0.606793
v -0.078316 0.144794 0.616733
v -0.059557 0.185586 0.580725
v -0.064274 0.185586 0.585442
v -0.060938 0.185586 0.584060
v -0.054466 0.181856 0.580725
v -0.060938 0.185586 0.577411
v -0.064274 0.185586 0.576029
v -0.067587 0.185586 0.577411
v -0.068970 0.185586 0.580725
v -0.071185 0.181856 0.587658
v -0.067587 0.185586 0.584060
v -0.064274 0.181856 0.590533
v -0.054333 0.173649 0.590665
v -0.057340 0.181856 0.587658
v -0.050209 0.173649 0.580725
v -0.054333 0.173649 0.570784
v -0.054333 0.144794 0.570784
v -0.050209 0.144794 0.580725
v -0.064274 0.144794 0.566681
v -0.057340 0.181856 0.573791
v -0.064274 0.181856 0.570916
v -0.064274 0.173649 0.566681
v -0.074192 0.173649 0.570784
v -0.071185 0.181856 0.573791
v -0.074083 0.181856 0.580725
v -0.064274 0.173649 0.594790
v -0.054333 0.144794 0.590665
v -0.074192 0.173649 0.590665
v -0.074192 0.144794 0.590665
v -0.078316 0.173649 0.580725
v -0.064274 0.144794 0.594790
v -0.074192 0.144794 0.570784
v -0.078316 0.144794 0.580725
v -0.079283 0.073722 -0.024458
v -0.079283 0.073722 0.288315
v -0.058283 0.102620 0.288315
v -0.058283 0.138343 -0.024458
v -0.147261 0.167264 -0.024458
v -0.147261 0.167264 0.288315
v -0.147261 0.073722 -0.024458
v -0.168261 0.102620 -0.024458
v -0.168261 0.138343 -0.024458
v -0.079283 0.167264 -0.024458
v -0.113272 0.178301 -0.024458
v -0.113272 0.062663 -0.024458
v -0.058283 0.102620 -0.024458
v -0.058283 0.138343 0.288315
v -0.113272 0.178301 0.288315
v -0.079283 0.167264 0.288315
v -0.113272 0.062663 0.288315
v -0.147261 0.073722 0.288315
v -0.168261 0.102620 0.288315
v -0.168261 0.138343 0.288315
v -0.057186 0.058866 -0.044185
v -0.057186 0.078044 0.287942
v -0.167119 0.078044 -0.027355
v -0.057186 0.078044 -0.027354
v -0.112154 0.134503 -0.027354
v -0.162643 0.106548 -0.027354
v -0.148644 0.125573 -0.044185
v -0.167119 0.078044 -0.044185
v -0.057186 0.078044 -0.044185
v -0.061663 0.106548 -0.044185
v -0.167119 0.058866 -0.044185
v -0.057186 0.078044 0.304772
v -0.162643 0.106548 -0.044185
v -0.112154 0.134503 -0.044185
v -0.148644 0.125573 -0.027354
v -0.075662 0.125573 -0.044185
v -0.075662 0.125573 -0.027355
v -0.061663 0.106548 -0.027354
v -0.075662 0.125573 0.304772
v -0.075662 0.125573 0.287942
v -0.061663 0.106548 0.287942
v -0.130432 0.130027 0.304772
v -0.162643 0.106548 0.304772
v -0.057186 0.058866 0.304772
v -0.130432 0.107031 0.304772
v -0.061663 0.106548 0.304772
v -0.093874 0.107031 0.304772
v -0.120074 0.115983 0.286098
v -0.473989 0.135227 -0.365822
v -0.466243 0.137861 -0.378132
v -0.461130 0.122369 -0.365822
v -0.451630 0.123269 -0.378132
v -0.466243 0.068763 -0.378132
v -0.473989 0.074314 -0.365822
v -0.491587 0.069597 -0.365822
v -0.451630 0.083355 -0.378132
v -0.461130 0.087195 -0.365822
v -0.456413 0.104771 -0.365822
v -0.446298 0.103322 -0.378132
v -0.616948 0.127920 -0.378132
v -0.589233 0.156929 -0.365822
v -0.602113 0.144048 -0.365822
v -0.577033 0.167835 -0.378132
v -0.611594 0.147866 -0.378132
v -0.571656 0.161646 -0.365822
v -0.606831 0.126472 -0.365822
v -0.602113 0.108874 -0.365822
v -0.597000 0.093361 -0.378132
v -0.611594 0.107974 -0.378132
v -0.486190 0.063409 -0.378132
v -0.589233 0.095994 -0.365822
v -0.597000 0.162480 -0.378132
v -0.634699 0.083245 -0.396190
v -0.459682 0.036353 -0.396190
v -0.446144 0.044165 -0.396190
v -0.434186 0.131497 -0.385153
v -0.422337 0.133055 -0.396190
v -0.437412 0.137114 -0.385153
v -0.609201 0.178411 -0.385153
v -0.642512 0.096762 -0.396190
v -0.630662 0.098320 -0.385153
v -0.627436 0.092724 -0.385153
v -0.603605 0.181636 -0.385153
v -0.455624 0.051428 -0.385153
v -0.461241 0.048202 -0.385153
v -0.682711 -0.097564 0.502016
v -0.722471 0.038438 0.501994
v -0.743382 0.017526 0.191043
v -0.743382 0.017526 0.501994
v -0.682711 0.038438 0.501994
v -0.722471 0.038438 0.191043
v -0.682711 0.038438 0.191043
v -0.682711 -0.097564 0.191043
v -0.743382 -0.076630 0.191043
v -0.722471 -0.097564 0.191043
v -0.743382 -0.076630 0.502016
v -0.722471 -0.097564 0.502016
v -0.148644 0.125573 0.304772
v -0.162643 0.106548 0.287942
v -0.167119 0.078044 0.304772
v -0.167119 0.058866 0.304772
v -0.786609 -0.027852 0.309599
v -0.786609 -0.027852 0.386706
v -0.754354 -0.005185 0.379356
v -0.786609 -0.005185 0.379356
v -0.754354 0.008815 0.336260
v -0.786609 -0.005185 0.316972
v -0.786609 -0.050519 0.316972
v -0.786609 0.008815 0.336260
v -0.786609 0.008815 0.360068
v -0.786609 -0.064518 0.336260
v -0.754354 -0.064518 0.360068
v -0.754354 -0.050519 0.379356
v -0.786609 -0.064518 0.360068
v -0.786609 -0.050519 0.379356
v -0.130432 0.107031 0.287942
v -0.093874 0.107031 0.287942
v -0.093874 0.130027 0.304772
v -0.093874 0.130027 0.287942
v -0.130432 0.130027 0.287942
v -0.148644 0.125573 0.287942
v -0.167119 0.078044 0.287942
v -0.198059 0.125682 0.698514
v -0.198059 0.071154 0.712579
v -0.198059 0.125682 0.712579
v -0.115532 0.125682 0.698514
v -0.115532 0.125682 0.712579
v -0.115532 0.071154 0.698514
v -0.115532 0.071154 0.712579
v -0.198059 0.071154 0.698514
v -0.214055 0.059920 0.546253
v -0.029715 0.059920 0.723111
v -0.029715 0.059920 0.546253
v -0.036385 0.136456 0.552660
v -0.046457 0.152321 0.562710
v -0.197313 0.152321 0.562710
v -0.197313 0.152321 0.706632
v -0.197313 0.136456 0.706632
v -0.046457 0.136456 0.706632
v -0.046457 0.152321 0.706632
v -0.046457 0.136456 0.562710
v -0.197313 0.136456 0.562710
v -0.207363 0.136456 0.716682
v -0.124902 0.131234 0.701410
v -0.213134 0.070496 0.722212
v -0.124902 0.070496 0.701410
v -0.172714 0.144794 0.670690
v -0.172714 0.144794 0.698799
v -0.182655 0.144794 0.694674
v -0.176051 0.185586 0.688069
v -0.177432 0.185586 0.684734
v -0.168019 0.185586 0.684734
v -0.169401 0.185586 0.688069
v -0.165782 0.181856 0.691668
v -0.165782 0.181856 0.677800
v -0.169401 0.185586 0.681421
v -0.172714 0.185586 0.680038
v -0.172714 0.181856 0.674925
v -0.179670 0.181856 0.677800
v -0.176051 0.185586 0.681421
v -0.182523 0.181856 0.684734
v -0.179670 0.181856 0.691668
v -0.172714 0.185586 0.689451
v -0.172714 0.181856 0.694542
v -0.162906 0.181856 0.684734
v -0.162797 0.173649 0.674794
v -0.182655 0.173649 0.674794
v -0.186780 0.173649 0.684734
v -0.182655 0.173649 0.694674
v -0.162797 0.173649 0.694674
v -0.158672 0.144794 0.684734
v -0.158672 0.173649 0.684734
v -0.162775 0.144794 0.674794
v -0.172714 0.173649 0.670690
v -0.182655 0.144794 0.674794
v -0.186780 0.144794 0.684734
v -0.172714 0.173649 0.698799
v -0.162775 0.144794 0.694674
v -0.120074 0.131936 0.286098
v -0.123365 0.123971 0.286098
v -0.112108 0.112692 0.286098
v -0.100830 0.123971 0.286098
v -0.104121 0.115983 0.286098
v -0.104121 0.131936 0.286098
v -0.112108 0.135227 0.286098
v -0.627436 0.092724 -0.731103
v -0.459682 0.036353 -0.720066
v -0.446144 0.044165 -0.720066
v -0.434186 0.131497 -0.731103
v -0.430126 0.146594 -0.720066
v -0.605163 0.193485 -0.720066
v -0.603605 0.181636 -0.731103
v -0.609201 0.178411 -0.731103
v -0.630662 0.098320 -0.731103
v -0.455624 0.051428 -0.731103
v -0.437412 0.137114 -0.731103
v -0.461241 0.048202 -0.731103
v -0.700615 0.227146 0.021820
v -0.694844 0.202460 0.020964
v -0.694844 0.202460 0.001676
v -0.695700 0.229977 -0.009405
v -0.690565 0.225939 -0.017392
v -0.689293 0.234957 0.009905
v -0.673868 0.200507 0.011331
v -0.678015 0.200880 0.028709
v -0.697369 0.231337 0.028292
v -0.701296 0.229318 0.010695
v -0.695437 0.232588 0.003146
v -0.696863 0.233729 0.017058
v -0.687363 0.201758 0.032988
v -0.690565 0.225939 0.037201
v -0.676039 0.220431 0.031804
v -0.671498 0.220124 0.009905
v -0.699058 0.224929 -0.001330
v -0.701164 0.227936 0.009136
v -0.682754 0.189185 0.011331
v -0.676039 0.220431 -0.011994
v -0.675273 0.211676 -0.017392
v -0.687363 0.201758 -0.010349
v -0.754354 -0.064518 0.336260
v -0.754354 -0.050519 0.316972
v -0.754354 -0.027852 0.309599
v -0.754354 -0.005185 0.316972
v -0.754354 -0.027852 0.386706
v -0.754354 0.008815 0.360068
v -0.036385 0.136456 0.716682
v -0.124902 0.131234 0.717121
v -0.214055 0.059920 0.723111
v -0.124902 0.070496 0.722212
v -0.213134 0.070496 0.701410
v -0.207363 0.136456 0.552660
v -0.207824 0.131234 0.701410
v -0.207824 0.131234 0.717121
v -0.618703 0.185674 -0.720066
v -0.222591 0.093009 0.623228
v -0.202996 0.093953 0.623228
v -0.202996 0.095818 0.616776
v -0.238763 0.093777 0.586320
v -0.232729 0.095796 0.606881
v -0.237293 0.100821 0.611445
v -0.222591 0.103037 0.623228
v -0.222591 0.098034 0.616776
v -0.202996 0.097683 0.623228
v -0.202996 0.095818 0.629701
v -0.237293 0.090793 0.611445
v -0.250918 0.093777 0.590731
v -0.239685 0.093009 0.559923
v -0.245938 0.098034 0.558255
v -0.222591 0.098034 0.629701
v -0.241878 0.095796 0.616031
v -0.244841 0.088774 0.588515
v -0.222656 0.032228 0.510947
v -0.218685 0.054566 0.481214
v -0.226562 0.034927 0.502872
v -0.210633 0.052437 0.477901
v -0.218509 0.032798 0.499536
v -0.214604 0.034115 0.507633
v -0.214779 0.055882 0.489311
v -0.214845 0.073458 0.489508
v -0.219957 0.099044 0.510157
v -0.213727 0.094019 0.511846
v -0.233453 0.098034 0.561613
v -0.244841 0.098780 0.588515
v -0.239685 0.103037 0.559923
v -0.226212 0.094019 0.508489
v -0.223535 0.089938 0.494577
v -0.206727 0.075170 0.485976
v -0.206727 0.053754 0.485998
v -0.218970 0.075960 0.482026
v -0.215919 0.093492 0.492449
v -0.210852 0.077693 0.478493
v -0.211159 0.089367 0.498154
v -0.218772 0.085812 0.500260
v -0.219957 0.089016 0.510157
v -0.660833 -0.099144 0.262379
v -0.660833 0.041049 0.262379
v -0.665640 0.050748 0.262379
v -0.683983 0.052130 0.262379
v -0.748165 0.017526 0.262379
v -0.748408 -0.076850 0.214872
v -0.744984 -0.082687 0.214872
v -0.748408 -0.076850 0.262379
v -0.744984 -0.082687 0.262379
v -0.721374 -0.098354 0.214872
v -0.743536 -0.075994 0.214872
v -0.743295 0.017131 0.214872
v -0.745071 0.023319 0.214872
v -0.748165 0.017526 0.214872
v -0.740529 0.020752 0.214872
v -0.724227 0.043287 0.214872
v -0.665640 0.050748 0.214872
v -0.683983 0.052130 0.214872
v -0.660833 0.041049 0.214872
v -0.684181 0.047105 0.214872
v -0.722054 0.038745 0.214872
v -0.743295 0.017131 0.262379
v -0.740529 0.020752 0.262379
v -0.743536 -0.075994 0.262379
v -0.740816 -0.079878 0.214872
v -0.668733 -0.107416 0.262379
v -0.723721 -0.102830 0.262379
v -0.723721 -0.102830 0.214872
v -0.684004 -0.107636 0.214872
v -0.668733 -0.107416 0.214872
v -0.665705 0.039776 0.214872
v -0.668931 0.046622 0.214872
v -0.665727 -0.098354 0.214872
v -0.660833 -0.099144 0.214872
v -0.664915 -0.111432 0.214872
v -0.683917 -0.112660 0.262379
v -0.683917 -0.112660 0.214872
v -0.740816 -0.079878 0.262379
v -0.721374 -0.098354 0.262379
v -0.684004 -0.107636 0.262379
v -0.664915 -0.111432 0.262379
v -0.665727 -0.098354 0.262379
v -0.665705 0.039776 0.262379
v -0.668931 0.046622 0.262379
v -0.724227 0.043287 0.262379
v -0.684181 0.047105 0.262379
v -0.722054 0.038745 0.262379
v -0.745071 0.023319 0.262379
v -0.618703 0.185674 -0.396190
v -0.605163 0.193485 -0.396190
v -0.430126 0.146594 -0.396190
v -0.422337 0.133055 -0.720066
v -0.642512 0.096762 -0.720066
v -0.634699 0.083245 -0.720066
v -0.172714 0.134569 0.191986
v -0.172473 0.134569 0.056621
v -0.175217 0.150851 0.056599
v -0.179078 0.163007 0.056577
v -0.179320 0.163007 0.191964
v -0.172056 0.158640 0.056577
v -0.184411 0.181461 0.056555
v -0.186495 0.175383 0.056577
v -0.186737 0.175405 0.191942
v -0.184674 0.181483 0.191964
v -0.177258 0.169107 0.191986
v -0.172298 0.158662 0.192008
v -0.175458 0.150873 0.191986
v -0.169534 0.143434 0.056598
v -0.169775 0.143456 0.192030
v -0.176993 0.169085 0.056577
v -0.113624 0.182865 0.192030
v -0.147372 0.167066 0.191130
v -0.167866 0.139024 0.055721
v -0.168107 0.139045 0.191130
v -0.176906 -0.123500 0.057257
v -0.171509 -0.129491 0.057257
v -0.171509 -0.129491 0.190472
v -0.028288 -0.104542 0.190472
v -0.045053 -0.091003 0.057279
v -0.052929 -0.104520 0.057279
v -0.039699 0.034049 0.057279
v -0.171969 -0.123500 0.057257
v -0.171486 -0.124554 0.057257
v -0.064713 -0.129491 0.190472
v -0.044328 0.034137 0.057279
v -0.053654 0.141437 0.056599
v -0.076233 0.170577 0.192030
v -0.112877 0.178367 0.191130
v -0.147218 0.166891 0.055721
v -0.171969 -0.123500 0.190472
v -0.171486 -0.124554 0.190472
v -0.089354 -0.124554 0.057279
v -0.089354 -0.129491 0.057279
v -0.050471 -0.108777 0.057279
v -0.015759 -0.092737 0.190472
v -0.020388 -0.091047 0.190472
v -0.025831 -0.108799 0.190472
v -0.040422 -0.092693 0.057279
v -0.064713 -0.124554 0.190472
v -0.176906 -0.123500 0.190472
v -0.015035 0.034049 0.190472
v -0.053675 0.141371 0.192030
v -0.078888 0.166869 0.191130
v -0.112833 0.178126 0.055721
v -0.113578 0.182624 0.056599
v -0.150268 0.170577 0.192030
v -0.150092 0.170402 0.056599
v -0.076386 0.170380 0.056599
v -0.079020 0.166671 0.055721
v -0.057954 0.139923 0.055721
v -0.057954 0.139857 0.191130
v -0.019665 0.034137 0.190472
v -0.748165 0.017526 0.478142
v -0.748165 0.017526 0.430636
v -0.683983 0.052130 0.478142
v -0.683983 0.052130 0.430636
v -0.660833 0.041049 0.478142
v -0.665640 0.050748 0.430636
v -0.660833 -0.099144 0.478142
v -0.683917 -0.112660 0.478142
v -0.665727 -0.098354 0.430636
v -0.668733 -0.107416 0.430636
v -0.664915 -0.111432 0.430636
v -0.683917 -0.112660 0.430636
v -0.723721 -0.102830 0.478142
v -0.665640 0.050748 0.478142
v -0.665727 -0.098354 0.478142
v -0.664915 -0.111432 0.478142
v -0.684004 -0.107636 0.478142
v -0.740816 -0.079878 0.478142
v -0.721374 -0.098354 0.478142
v -0.743536 -0.075994 0.430636
v -0.743536 -0.075994 0.478142
v -0.743273 0.017131 0.478142
v -0.743295 0.017131 0.430636
v -0.740529 0.020752 0.478142
v -0.722054 0.038745 0.478142
v -0.684181 0.047105 0.478142
v -0.684181 0.047105 0.430636
v -0.668931 0.046622 0.478142
v -0.740816 -0.079878 0.430636
v -0.748408 -0.076850 0.430636
v -0.745071 0.023319 0.430636
v -0.740529 0.020752 0.430636
v -0.722054 0.038745 0.430636
v -0.724227 0.043287 0.430636
v -0.660833 0.041049 0.430636
v -0.668931 0.046622 0.430636
v -0.665705 0.039776 0.430636
v -0.660833 -0.099144 0.430636
v -0.665705 0.039776 0.478142
v -0.668733 -0.107416 0.478142
v -0.684004 -0.107636 0.430636
v -0.723721 -0.102830 0.430636
v -0.721374 -0.098354 0.430636
v -0.744984 -0.082687 0.430636
v -0.744984 -0.082687 0.478142
v -0.748408 -0.076850 0.478142
v -0.745071 0.023319 0.478142
v -0.724227 0.043287 0.478142
v -0.103507 0.128447 0.363469
v -0.099404 0.123707 0.361099
v -0.044000 0.118968 0.483518
v -0.026665 0.118068 0.527711
v -0.014136 0.116817 0.560537
v -0.041454 0.095665 0.617282
v -0.117221 0.123707 0.296873
v -0.117221 0.123707 0.312781
v -0.112482 0.128447 0.312781
v -0.107742 0.123707 0.312781
v -0.077878 0.118968 0.429780
v -0.103507 0.118968 0.363469
v -0.047356 0.123707 0.486876
v -0.021947 0.122808 0.527294
v -0.009418 0.112056 0.560954
v -0.016220 0.099768 0.585705
v -0.112482 0.128447 0.296873
v -0.107610 0.123707 0.365839
v -0.112482 0.118968 0.312781
v -0.082333 0.123707 0.431404
v -0.044000 0.128447 0.483518
v -0.040642 0.123707 0.480161
v -0.017208 0.118068 0.526899
v -0.014136 0.107316 0.560537
v -0.020805 0.104508 0.584477
v -0.016220 0.109247 0.585705
v -0.037570 0.098232 0.620002
v -0.037570 0.093141 0.620002
v -0.033686 0.095665 0.622723
v -0.011633 0.104508 0.586934
v -0.018853 0.112056 0.560120
v -0.021947 0.113328 0.527294
v -0.073423 0.123707 0.428156
v -0.077878 0.128447 0.429780
v -0.107742 0.123707 0.296873
v -0.112482 0.118968 0.296873
v -0.608389 0.193047 -0.586565
v -0.430521 0.147362 -0.586565
v -0.617650 0.187627 -0.484248
v -0.649598 0.099219 -0.484248
v -0.649598 0.099219 -0.586565
v -0.645627 -0.072330 -0.586565
v -0.645627 -0.072330 -0.484247
v -0.609332 0.200134 -0.586565
v -0.426001 0.152979 -0.586565
v -0.663269 -0.029673 -0.586565
v -0.572644 -0.114701 -0.484248
v -0.614709 -0.103423 -0.484248
v -0.572819 -0.121526 -0.484247
v -0.527904 -0.111630 -0.484247
v -0.466310 -0.097323 -0.586565
v -0.527904 -0.111630 -0.586565
v -0.623003 0.192147 -0.586565
v -0.617650 0.187627 -0.586565
v -0.643323 0.097179 -0.484248
v -0.663269 -0.029673 -0.484248
v -0.651595 -0.075665 -0.586565
v -0.614709 -0.103423 -0.586565
v -0.466310 -0.097323 -0.484248
v -0.529263 -0.105178 -0.484248
v -0.656467 -0.029761 -0.484248
v -0.618220 -0.109259 -0.484248
v -0.651595 -0.075665 -0.484248
v -0.618220 -0.109259 -0.586565
v -0.572819 -0.121526 -0.586565
v -0.572644 -0.114701 -0.586565
v -0.431793 -0.087514 -0.586565
v -0.407218 -0.061819 -0.586565
v -0.413275 -0.058528 -0.586565
v -0.405090 -0.026952 -0.484248
v -0.398286 -0.026535 -0.484248
v -0.417860 0.137224 -0.484247
v -0.467780 -0.090893 -0.586565
v -0.529263 -0.105178 -0.586565
v -0.467780 -0.090893 -0.484248
v -0.431793 -0.087514 -0.484248
v -0.398286 -0.026535 -0.586565
v -0.405090 -0.026952 -0.586565
v -0.423939 0.134657 -0.484248
v -0.426001 0.152979 -0.484248
v -0.609332 0.200134 -0.484248
v -0.435152 -0.081612 -0.586565
v -0.435152 -0.081612 -0.484248
v -0.413275 -0.058528 -0.484247
v -0.407218 -0.061819 -0.484248
v -0.417860 0.137224 -0.586565
v -0.423939 0.134657 -0.586565
v -0.430521 0.147362 -0.484248
v -0.608389 0.193047 -0.484248
v -0.623003 0.192147 -0.484248
v -0.643323 0.097179 -0.586565
v -0.656467 -0.029761 -0.586565
v -0.617606 0.044911 -0.864910
v -0.579446 0.056694 -0.860609
v -0.583660 0.056694 -0.987329
v -0.436554 0.028256 -0.819554
v -0.414349 -0.061424 -0.940591
v -0.583746 -0.115316 -0.987329
v -0.623685 -0.106363 -0.992288
v -0.650608 -0.072988 -0.993166
v -0.619471 -0.106363 -0.865569
v -0.411123 0.008727 -0.940591
v -0.436554 0.031504 -0.946362
v -0.414723 0.006577 -0.940591
v -0.405748 -0.026864 -0.940591
v -0.436622 -0.085715 -0.946362
v -0.654140 0.016232 -0.993034
v -0.649928 0.016232 -0.866315
v -0.664804 -0.029563 -0.992617
v -0.649928 -0.074963 -0.866315
v -0.654140 -0.074963 -0.993034
v -0.625747 -0.110115 -0.992201
v -0.583746 -0.119551 -0.987329
v -0.434580 -0.089599 -0.946362
v -0.410728 -0.063596 -0.940591
v -0.434580 -0.086154 -0.819554
v -0.410728 -0.061578 -0.813783
v -0.401578 -0.026820 -0.940591
v -0.434514 0.035432 -0.946362
v -0.650651 0.014125 -0.993165
v -0.623882 0.048597 -0.992288
v -0.434514 0.031965 -0.819554
v -0.660833 -0.029563 -0.992771
v -0.656620 -0.029563 -0.866052
v -0.646439 0.014125 -0.866446
v -0.621841 0.044911 -0.992353
v -0.583857 0.060951 -0.987329
v -0.411123 0.006730 -0.813783
v -0.414723 0.004711 -0.813783
v -0.401578 -0.026842 -0.813783
v -0.405748 -0.026886 -0.813783
v -0.436622 -0.082467 -0.819554
v -0.414349 -0.059537 -0.813783
v -0.579534 -0.115316 -0.860609
v -0.579534 -0.119551 -0.860609
v -0.621533 -0.110115 -0.865481
v -0.646396 -0.072988 -0.866446
v -0.660592 -0.029563 -0.865898
v -0.619668 0.048597 -0.865569
v -0.579621 0.060951 -0.860609
v -0.619844 -0.107877 -0.943796
v -0.619844 -0.107877 -1.070580
v -0.649314 -0.073690 -0.943795
v -0.649314 -0.073690 -1.070580
v -0.660438 -0.029563 -0.943795
v -0.649314 0.014959 -0.943796
v -0.576463 0.058406 -1.070580
v -0.434514 0.031965 -1.070580
v -0.411123 0.006730 -1.070580
v -0.411123 0.006730 -0.943796
v -0.401578 -0.026842 -0.943795
v -0.436554 0.028256 -1.070580
v -0.401578 -0.026842 -1.070580
v -0.410728 -0.061578 -1.070580
v -0.434580 -0.086154 -0.943795
v -0.410728 -0.061578 -0.943795
v -0.434514 0.031965 -0.943795
v -0.414723 0.004711 -0.943796
v -0.576463 0.058406 -0.943796
v -0.617891 0.046403 -0.943796
v -0.645693 0.012896 -0.943796
v -0.656292 -0.029563 -0.943796
v -0.576352 -0.112924 -0.943796
v -0.576352 -0.117027 -0.943796
v -0.414349 -0.059537 -1.070580
v -0.405748 -0.026886 -1.070580
v -0.405748 -0.026886 -0.943796
v -0.414723 0.004711 -1.070580
v -0.436554 0.028256 -0.943796
v -0.576243 0.054280 -0.943796
v -0.615784 0.042826 -0.943796
v -0.656292 -0.029563 -1.070580
v -0.645649 -0.071781 -0.943795
v -0.617693 -0.104213 -0.943796
v -0.617693 -0.104213 -1.070580
v -0.576352 -0.112924 -1.070580
v -0.436622 -0.082467 -0.943795
v -0.414349 -0.059537 -0.943795
v -0.434580 -0.086154 -1.070580
v -0.436622 -0.082467 -1.070580
v -0.576352 -0.117027 -1.070580
v -0.645649 -0.071781 -1.070580
v -0.660438 -0.029563 -1.070580
v -0.649314 0.014959 -1.070580
v -0.617891 0.046403 -1.070580
v -0.645693 0.012896 -1.070580
v -0.615784 0.042826 -1.070580
v -0.576243 0.054280 -1.070580
vn 0.5361 0.5843 -0.6093
vn 0.3049 0.7731 -0.5562
vn -0.5604 0.7865 0.2594
vn -0.2935 -0.9061 -0.3047
vn 0.5994 0.7632 0.2413
vn 0.4665 0.0001 0.8845
vn 0.5596 -0.0000 -0.8288
vn 0.6119 -0.4484 -0.6515
vn -0.8185 0.1869 0.5432
vn -0.1479 0.3069 0.9402
vn -0.5871 -0.4683 0.6603
vn -0.4338 -0.3459 0.8320
vn -0.5409 0.1234 0.8320
vn -0.4338 0.3459 0.8320
vn -0.3642 0.7565 0.5431
vn -0.6563 0.5236 0.5432
vn -0.0000 0.3409 0.9401
vn -0.2663 0.2123 0.9402
vn -0.3321 0.0759 0.9402
vn -0.8185 -0.1869 0.5432
vn 0.2407 0.4999 0.8320
vn 0.3641 0.7565 0.5432
vn 0.1479 0.3070 0.9401
vn -0.0001 0.8396 0.5431
vn -0.7322 0.1672 -0.6603
vn -0.7322 0.1672 0.6603
vn -0.7322 -0.1672 0.6603
vn -0.7322 -0.1672 -0.6603
vn -0.3259 -0.6766 -0.6603
vn -0.5871 -0.4683 -0.6603
vn -0.3259 -0.6766 0.6603
vn -0.2407 0.4999 0.8320
vn -0.3259 0.6766 0.6603
vn -0.0001 0.5548 0.8320
vn -0.0000 0.7510 0.6603
vn 0.3257 0.6767 0.6603
vn 0.4338 0.3459 0.8320
vn 0.3257 -0.6766 -0.6603
vn -0.0000 -0.7510 -0.6603
vn 0.3257 -0.6767 0.6603
vn 0.7322 -0.1672 0.6603
vn 0.7322 0.1671 0.6603
vn 0.5871 0.4684 -0.6603
vn 0.3257 0.6767 -0.6603
vn -0.5871 0.4683 -0.6603
vn -0.5871 0.4683 0.6603
vn 0.2663 0.2124 0.9402
vn 0.3324 0.0758 0.9401
vn 0.6565 0.5234 0.5432
vn 0.5409 0.1234 0.8320
vn 0.5871 0.4684 0.6603
vn 0.5409 -0.1234 0.8320
vn 0.4338 -0.3459 0.8320
vn 0.2407 -0.4999 0.8320
vn 0.5871 -0.4684 0.6603
vn -0.0000 -0.7510 0.6603
vn -0.2407 -0.4999 0.8320
vn 0.8186 -0.1867 0.5431
vn -0.0000 -0.5548 0.8320
vn -0.3642 -0.7565 0.5432
vn -0.0001 -0.8396 0.5431
vn -0.5410 -0.1234 0.8319
vn -0.6563 -0.5236 0.5432
vn -0.3321 -0.0759 0.9402
vn 0.6565 -0.5234 0.5432
vn 0.3641 -0.7566 0.5431
vn 0.2664 -0.2123 0.9402
vn 0.3324 -0.0760 0.9401
vn 0.8187 0.1866 0.5431
vn -0.2663 -0.2124 0.9402
vn -0.0001 -0.3409 0.9401
vn -0.1479 -0.3070 0.9401
vn 0.1479 -0.3070 0.9402
vn -0.6128 -0.0000 0.7902
vn -0.6890 0.1524 0.7086
vn -0.5628 0.1435 0.8140
vn -0.5628 -0.1430 0.8142
vn -0.7690 -0.0001 0.6392
vn -0.7691 -0.0000 0.6392
vn -0.3776 -0.0000 0.9260
vn -0.3389 0.0002 0.9408
vn -0.3777 -0.0001 0.9259
vn -0.3939 0.6103 0.6873
vn -0.4972 -0.0000 0.8676
vn -0.7502 -0.4080 0.5203
vn -0.6887 -0.1525 0.7088
vn -0.2693 -0.2078 0.9404
vn -0.3102 -0.1011 0.9453
vn -0.5437 -0.4481 0.7097
vn -0.1847 -0.2857 0.9404
vn -0.0082 -0.0041 1.0000
vn -0.0054 -0.0049 1.0000
vn -0.3100 0.1012 0.9453
vn -0.0083 0.0040 1.0000
vn -0.2690 0.2080 0.9404
vn -0.1847 0.2857 0.9404
vn -0.5437 0.4483 0.7096
vn -0.3899 0.6021 0.6967
vn -0.1748 0.6965 0.6959
vn 0.0588 0.7159 0.6958
vn 0.2234 0.2608 0.9392
vn 0.1096 0.6855 0.7198
vn 0.0090 0.0036 1.0000
vn 0.4628 0.5158 0.7210
vn 0.5499 0.6120 -0.5684
vn 0.5784 0.6896 0.4358
vn 0.3313 0.9232 0.1948
vn 0.3589 0.8306 0.4257
vn 0.2894 0.6546 0.6984
vn -0.2218 0.8809 0.4180
vn 0.0728 0.9043 0.4207
vn -0.6727 0.6171 0.4083
vn -0.4937 0.7626 0.4181
vn -0.4460 0.6881 -0.5724
vn 0.0694 0.8188 -0.5699
vn 0.5700 -0.8083 0.1476
vn 0.0006 -0.0056 1.0000
vn 0.0044 -0.0051 1.0000
vn -0.0828 -0.3303 0.9402
vn -0.0026 -0.0054 1.0000
vn -0.4937 -0.7626 0.4181
vn 0.2238 -0.2607 0.9391
vn 0.1354 -0.3122 0.9403
vn 0.0279 -0.3395 0.9402
vn -0.1748 -0.6965 0.6959
vn -0.2218 -0.8809 0.4180
vn -0.4461 -0.6880 -0.5723
vn -0.6429 -0.5094 -0.5720
vn -0.6727 -0.6171 0.4083
vn -0.3899 -0.6021 0.6967
vn -0.1988 -0.7957 -0.5722
vn 0.0588 -0.7158 0.6958
vn 0.0695 -0.8188 -0.5699
vn 0.0728 -0.9043 0.4207
vn 0.2893 -0.6546 0.6984
vn 0.4628 -0.5158 0.7210
vn 0.3589 -0.8306 0.4257
vn 0.5784 -0.6896 0.4359
vn -0.0054 0.0049 1.0000
vn -0.0828 0.3303 0.9402
vn 0.0277 0.3395 0.9402
vn -0.0026 0.0054 1.0000
vn 0.0006 0.0056 1.0000
vn 0.0090 -0.0036 1.0000
vn 0.0044 0.0051 1.0000
vn 0.1355 0.3123 0.9403
vn 0.2539 -0.6979 0.6697
vn -0.7311 0.1291 0.6700
vn -0.6428 0.3710 0.6702
vn -0.4775 0.5684 0.6700
vn -0.6429 -0.3710 0.6701
vn 0.4773 -0.5683 0.6703
vn -0.2542 0.6975 0.6700
vn -0.6433 0.7656 -0.0000
vn -0.8661 0.4999 -0.0000
vn -0.9848 0.1738 -0.0000
vn -0.9848 -0.1739 -0.0000
vn -0.7311 -0.1291 0.6700
vn -0.8661 -0.4999 -0.0000
vn -0.6433 -0.7656 -0.0000
vn -0.4775 -0.5683 0.6700
vn -0.3416 -0.9398 -0.0000
vn -0.0002 -1.0000 -0.0000
vn -0.2537 -0.6978 0.6698
vn -0.0001 -0.7420 0.6704
vn 0.6427 -0.3715 0.6700
vn -0.0001 0.7423 0.6700
vn 0.3419 -0.9397 -0.0000
vn 0.6431 -0.7658 -0.0000
vn 0.8658 -0.5005 -0.0000
vn 0.9848 -0.1738 -0.0000
vn 0.9848 0.1738 -0.0000
vn 0.7311 -0.1291 0.6700
vn 0.7311 0.1291 0.6700
vn 0.8658 0.5005 -0.0000
vn 0.6427 0.3715 0.6700
vn 0.6431 0.7658 -0.0000
vn 0.4773 0.5683 0.6702
vn 0.3426 0.9395 -0.0000
vn 0.2544 0.6975 0.6699
vn -0.0002 1.0000 -0.0000
vn -0.3424 0.9396 -0.0000
vn -0.0000 0.7510 -0.6603
vn -0.3259 0.6766 -0.6603
vn 0.5871 -0.4684 -0.6602
vn 0.7322 -0.1671 -0.6603
vn 0.7322 0.1672 -0.6603
vn -0.6550 0.3084 0.6899
vn -0.6215 -0.0000 0.7834
vn -0.7457 0.4976 0.4431
vn -0.9454 -0.3076 -0.1074
vn -0.8558 -0.4982 0.1393
vn 0.4831 -0.5792 -0.6566
vn 0.4831 0.5792 -0.6566
vn -0.8408 -0.3087 -0.4448
vn -0.4131 0.7281 -0.5470
vn -0.8406 0.3086 -0.4452
vn -0.7478 -0.3015 0.5915
vn -0.7394 -0.5773 -0.3463
vn -0.3464 -0.5774 0.7394
vn -0.3463 0.5774 0.7394
vn -0.7478 0.3015 0.5915
vn -0.4131 -0.7284 -0.5466
vn -0.1742 -0.7095 0.6828
vn 0.6518 0.5739 0.4958
vn -0.1743 0.7098 0.6826
vn -0.5650 -0.2903 0.7724
vn -0.9531 0.3015 0.0245
vn -0.5651 0.2903 0.7722
vn -0.7394 0.5773 -0.3463
vn -0.9531 -0.3015 0.0245
vn 0.6517 -0.5739 0.4959
vn -0.6546 -0.5883 0.4748
vn -0.8325 -0.0882 0.5470
vn -0.3704 -0.9250 0.0854
vn -0.3501 -0.9315 -0.0990
vn 0.2645 -0.9534 -0.1454
vn 0.0637 -0.9289 -0.3647
vn 0.3049 -0.7731 -0.5562
vn -0.2201 -0.9423 -0.2524
vn -0.3298 -0.9439 -0.0140
vn -0.8120 -0.1960 0.5497
vn 0.2178 -0.9281 -0.3019
vn 0.6376 -0.5210 -0.5675
vn -0.6914 -0.5139 0.5078
vn 0.3066 -0.9378 -0.1631
vn -0.3255 -0.9264 0.1894
vn 0.7345 -0.5337 -0.4192
vn 0.2786 -0.9328 -0.2284
vn -0.8467 -0.0000 0.5321
vn -0.8359 -0.0000 0.5489
vn -0.6086 -0.5228 0.5969
vn -0.4260 -0.5582 0.7120
vn -0.2184 -0.9329 0.2863
vn -0.2875 -0.9232 0.2551
vn 0.5004 -0.4956 -0.7099
vn 0.1223 -0.9150 -0.3844
vn -0.6914 0.5140 0.5078
vn -0.8325 0.0882 0.5470
vn -0.8120 0.1961 0.5497
vn -0.6754 0.2651 0.6881
vn -0.6754 -0.2651 0.6881
vn -0.6770 -0.0000 0.7360
vn -0.0018 -0.9174 -0.3980
vn 0.0869 -0.4991 -0.8622
vn -0.6086 0.5229 0.5969
vn -0.4729 0.3159 0.8225
vn -0.4952 0.0001 0.8688
vn -0.4729 -0.3158 0.8226
vn -0.3562 -0.3505 0.8662
vn -0.3231 -0.5796 0.7481
vn -0.1562 -0.9411 0.2998
vn -0.1895 -0.9349 0.3000
vn -0.0717 -0.9169 -0.3926
vn 0.5712 -0.5709 0.5897
vn 0.5994 -0.7632 0.2413
vn -0.2553 -0.6124 0.7482
vn -0.2923 -0.4043 0.8666
vn -0.3562 0.3506 0.8661
vn -0.3231 0.5796 0.7481
vn -0.4260 0.5582 0.7120
vn 0.2178 0.9281 -0.3019
vn 0.2786 0.9328 -0.2284
vn 0.5004 0.4956 -0.7099
vn 0.1223 0.9150 -0.3844
vn -0.2184 0.9329 0.2863
vn -0.2553 0.6124 0.7482
vn -0.2923 0.4044 0.8666
vn -0.3800 -0.0000 0.9250
vn -0.1895 0.9349 0.3000
vn 0.5712 0.5709 0.5897
vn 0.5927 0.4351 0.6778
vn -0.3335 0.0001 0.9428
vn 0.5926 -0.4350 0.6779
vn -0.0018 0.9174 -0.3980
vn -0.1562 0.9411 0.2998
vn 0.0868 0.4992 -0.8621
vn -0.0717 0.9169 -0.3925
vn 0.5951 0.7432 -0.3058
vn 0.8642 0.0001 -0.5031
vn 0.6376 0.5210 -0.5675
vn 0.7380 0.0001 -0.6748
vn 0.5669 -0.0000 -0.8238
vn 0.3165 0.4699 -0.8241
vn 0.3482 -0.0000 -0.9374
vn 0.0972 -0.0000 -0.9953
vn -0.0683 0.5227 -0.8498
vn 0.6119 0.4484 -0.6515
vn -0.0900 -0.0000 -0.9959
vn 0.5951 -0.7432 -0.3058
vn -0.0683 -0.5226 -0.8498
vn 0.8478 0.5209 -0.0994
vn 0.3165 -0.4698 -0.8241
vn 0.9820 0.0001 -0.1890
vn 0.8478 -0.5208 -0.0994
vn 0.7345 0.5337 -0.4191
vn 0.6038 0.7865 0.1297
vn 0.0637 0.9289 -0.3647
vn -0.2201 0.9423 -0.2524
vn -0.6547 0.5883 0.4747
vn -0.3704 0.9250 0.0853
vn -0.3254 0.9264 0.1894
vn -0.2875 0.9232 0.2551
vn 0.3066 0.9378 -0.1631
vn 0.2645 0.9534 -0.1454
vn -0.3501 0.9315 -0.0990
vn -0.6146 -0.0705 0.7857
vn -0.9610 0.0008 0.2765
vn -0.5743 -0.7104 0.4069
vn -0.4045 -0.2461 0.8808
vn -0.6689 -0.1853 0.7199
vn -0.6689 0.1853 0.7199
vn -0.8693 -0.0714 0.4891
vn -0.9610 -0.0008 0.2765
vn -0.6147 0.0708 0.7855
vn -0.8693 0.0714 0.4891
vn -0.5743 0.7104 0.4069
vn -0.9484 -0.0000 0.3171
vn -0.4342 0.7936 0.4262
vn -0.4045 0.2461 0.8808
vn -0.4542 0.2354 0.8592
vn -0.5585 0.2400 0.7940
vn -0.2063 0.8628 0.4615
vn -0.3820 0.8785 0.2868
vn -0.9556 0.1791 0.2339
vn -0.6145 0.7841 0.0866
vn -0.9296 0.1098 0.3519
vn -0.9296 -0.1098 0.3519
vn -0.9763 -0.1200 0.1803
vn -0.9763 0.1200 0.1803
vn -0.9770 0.1343 0.1657
vn -0.9770 -0.1343 0.1657
vn -0.8413 0.2021 0.5014
vn -0.9556 -0.1791 0.2339
vn -0.8413 -0.2021 0.5014
vn -0.5585 -0.2400 0.7940
vn -0.6145 -0.7841 0.0866
vn -0.3820 -0.8785 0.2868
vn -0.2790 -0.8340 0.4760
vn -0.4542 -0.2354 0.8592
vn -0.4342 -0.7936 0.4262
vn -0.7304 -0.6498 0.2103
vn -0.7172 -0.6303 -0.2972
vn 0.5774 -0.5773 -0.5774
vn 0.5954 -0.7824 0.1829
vn -0.3939 -0.6103 0.6873
vn -0.2173 -0.8037 0.5539
vn -0.2540 -0.5344 -0.8061
vn -0.6855 -0.6717 -0.2808
vn -0.7252 -0.6842 -0.0768
vn -0.0978 -0.6652 0.7402
vn -0.2308 -0.6562 -0.7184
vn -0.2236 -0.6876 0.6908
vn -0.0899 -0.7283 0.6793
vn -0.2230 -0.6855 -0.6931
vn 0.0959 -0.7291 0.6777
vn 0.0960 -0.7269 -0.6800
vn 0.2625 -0.6794 -0.6852
vn 0.1250 -0.6415 -0.7568
vn -0.1221 -0.7251 -0.6777
vn 0.1217 -0.7334 -0.6688
vn 0.3624 -0.6459 0.6720
vn 0.3517 -0.6468 -0.6767
vn 0.1568 -0.7321 0.6629
vn 0.5454 -0.7292 -0.4134
vn -0.0426 -0.6932 0.7195
vn -0.0945 -0.7979 -0.5953
vn -0.3643 -0.5814 0.7275
vn 0.0036 -0.7064 -0.7078
vn -0.6980 -0.7161 0.0041
vn -0.3748 -0.9083 -0.1858
vn 0.0411 -0.7211 -0.6916
vn 0.7182 -0.6944 -0.0445
vn 0.6728 -0.7399 -0.0040
vn -0.4559 -0.8823 0.1167
vn -0.5606 -0.7865 0.2593
vn 0.6383 -0.7282 -0.2495
vn 0.5991 -0.4900 -0.6332
vn 0.2976 -0.8821 0.3650
vn 0.1096 -0.6854 0.7199
vn 0.3314 -0.9232 0.1949
vn -0.6861 -0.7030 0.1874
vn 0.2909 -0.9535 -0.0788
vn 0.7503 -0.6063 -0.2637
vn -0.0000 -1.0000 -0.0000
vn 0.5361 -0.5843 -0.6093
vn -0.0717 -0.6425 -0.7629
vn 0.7824 -0.4239 0.4563
vn 0.2352 -0.4789 -0.8458
vn 0.2463 -0.7078 -0.6621
vn 0.6910 -0.6646 0.2841
vn 0.1396 -0.7439 -0.6535
vn 0.0718 -0.9800 -0.1858
vn 0.2451 -0.9567 -0.1572
vn 0.1603 -0.9673 -0.1963
vn 0.5070 -0.4246 -0.7501
vn 0.4610 -0.6901 0.5578
vn 0.7304 -0.6816 0.0444
vn 0.6677 -0.6924 -0.2734
vn -0.0349 -0.7242 0.6887
vn -0.3046 -0.7504 0.5866
vn -0.4793 -0.7365 0.4773
vn -0.5779 -0.7274 0.3699
vn -0.6333 -0.7247 0.2716
vn 0.7173 -0.6898 -0.0981
vn 0.6991 -0.6776 0.2285
vn -0.5308 -0.7484 -0.3978
vn -0.4503 -0.7183 -0.5303
vn 0.3473 -0.6679 -0.6583
vn 0.5191 -0.6816 -0.5157
vn -0.4991 -0.8522 0.1567
vn -0.6118 -0.7822 0.1174
vn -0.2595 -0.8779 0.4024
vn -0.2687 -0.8792 0.3933
vn -0.1174 -0.9486 0.2939
vn -0.7054 -0.4726 0.5283
vn -0.2063 -0.8628 0.4615
vn -0.6053 -0.7470 0.2751
vn -0.2431 -0.9699 0.0175
vn 0.4392 -0.2535 0.8619
vn 0.2268 -0.6233 0.7484
vn 0.1734 -0.4765 0.8619
vn -0.0000 -0.6633 0.7483
vn -0.2269 -0.6233 0.7484
vn -0.6533 -0.1150 0.7483
vn -0.4391 -0.2535 0.8619
vn 0.4990 0.0880 0.8621
vn 0.9439 0.1664 0.2852
vn 0.4990 -0.0880 0.8621
vn 0.8301 -0.4794 0.2848
vn 0.3261 -0.3885 0.8618
vn 0.6161 -0.7344 0.2847
vn -0.1733 -0.4763 0.8620
vn -0.0000 -0.5071 0.8619
vn -0.3258 -0.3882 0.8620
vn -0.4995 -0.0881 0.8618
vn -0.9441 0.1665 0.2846
vn -0.8302 0.4793 0.2848
vn -0.3258 0.3882 0.8620
vn -0.1733 0.4763 0.8620
vn 0.6161 0.7344 0.2847
vn 0.4392 0.2535 0.8619
vn -0.5744 0.3315 0.7484
vn -0.4392 0.2535 0.8619
vn -0.0000 0.6633 0.7483
vn -0.0000 0.5071 0.8619
vn 0.1734 0.4765 0.8619
vn 0.3261 0.3885 0.8618
vn 0.5745 -0.3316 0.7483
vn 0.6532 -0.1152 0.7484
vn 0.9258 -0.1633 0.3408
vn 0.6532 0.1152 0.7484
vn 0.5745 0.3316 0.7483
vn 0.4265 0.5080 0.7484
vn 0.2268 0.6233 0.7484
vn 0.3216 0.8834 0.3409
vn -0.2269 0.6233 0.7484
vn -0.4264 0.5082 0.7483
vn -0.6043 0.7201 0.3409
vn -0.6533 0.1150 0.7483
vn -0.4995 0.0881 0.8618
vn -0.9259 0.1631 0.3409
vn -0.2882 0.3432 0.8939
vn -0.8142 0.4700 0.3409
vn -0.0000 0.4484 0.8939
vn -0.3216 0.8834 0.3408
vn -0.0001 0.9401 0.3409
vn 0.2881 0.3434 0.8939
vn 0.1534 0.4214 0.8938
vn 0.6044 0.7201 0.3409
vn 0.3884 0.2242 0.8938
vn 0.8142 0.4700 0.3408
vn -0.4416 0.0778 0.8938
vn -0.9259 -0.1630 0.3409
vn -0.5744 -0.3315 0.7484
vn -0.4264 -0.5082 0.7483
vn -0.3216 -0.8834 0.3410
vn -0.0001 -0.9401 0.3409
vn 0.3216 -0.8834 0.3410
vn 0.4265 -0.5080 0.7484
vn 0.8142 -0.4700 0.3408
vn 0.4416 0.0779 0.8938
vn 0.9258 0.1633 0.3409
vn 0.4416 -0.0778 0.8938
vn 0.6044 -0.7200 0.3410
vn 0.1534 -0.4211 0.8940
vn -0.1534 -0.4212 0.8939
vn -0.3882 -0.2242 0.8939
vn -0.6043 -0.7202 0.3410
vn -0.4416 -0.0778 0.8939
vn -0.8142 -0.4700 0.3409
vn 0.8735 -0.4087 -0.2645
vn 0.8474 -0.4791 -0.2291
vn 0.5310 -0.7305 -0.4294
vn 0.8633 -0.5038 0.0297
vn 0.0784 -0.7341 0.6745
vn 0.0708 -0.7570 -0.6495
vn -0.6679 -0.7220 0.1805
vn -0.6847 0.7235 0.0881
vn -0.6816 0.7311 -0.0317
vn -0.6847 -0.7235 0.0881
vn -0.6816 -0.7311 -0.0317
vn -0.6358 -0.7447 -0.2031
vn -0.6358 0.7447 -0.2031
vn -0.5308 0.7484 -0.3978
vn -0.3431 0.7359 -0.5837
vn -0.3431 -0.7359 -0.5837
vn -0.0717 0.6425 -0.7629
vn 0.2459 0.7078 -0.6622
vn 0.0120 -0.7254 -0.6882
vn 0.2947 -0.4187 -0.8590
vn 0.5069 0.4250 -0.7499
vn 0.7654 0.4512 -0.4589
vn 0.7655 -0.4512 -0.4587
vn 0.8743 -0.4484 -0.1856
vn 0.8743 0.4484 -0.1856
vn 0.2922 0.7722 0.5642
vn 0.5342 -0.7546 0.3810
vn 0.2923 -0.7722 0.5642
vn -0.0349 0.7242 0.6887
vn -0.1436 -0.7269 0.6716
vn -0.1436 0.7269 0.6716
vn -0.5779 0.7274 0.3699
vn -0.6333 0.7247 0.2716
vn -0.1535 0.4214 0.8938
vn -0.2881 -0.3434 0.8939
vn -0.0001 -0.4484 0.8938
vn 0.2881 -0.3435 0.8939
vn 0.3884 -0.2243 0.8938
vn -0.3883 0.2242 0.8938
vn 0.2538 0.6978 -0.6699
vn -0.2537 0.6977 -0.6700
vn -0.4771 0.5687 -0.6701
vn -0.6430 0.3711 -0.6699
vn 0.6427 0.3714 -0.6701
vn -0.4771 -0.5687 -0.6701
vn -0.2537 -0.6977 -0.6700
vn -0.6427 -0.7661 -0.0000
vn -0.8661 -0.4998 -0.0000
vn -0.9849 -0.1733 -0.0000
vn -0.6430 -0.3710 -0.6700
vn -0.7310 -0.1287 -0.6701
vn -0.9849 0.1733 -0.0000
vn -0.7310 0.1287 -0.6701
vn -0.8661 0.4998 -0.0000
vn -0.6427 0.7661 -0.0000
vn -0.3417 0.9398 -0.0000
vn -0.0001 1.0000 -0.0000
vn -0.0001 0.7422 -0.6702
vn 0.3419 0.9397 -0.0000
vn 0.8658 0.5003 -0.0000
vn 0.6430 0.7659 -0.0000
vn 0.4773 0.5685 -0.6701
vn 0.9848 0.1739 -0.0000
vn 0.7310 0.1291 -0.6700
vn 0.9848 -0.1739 -0.0000
vn 0.8658 -0.5003 -0.0000
vn 0.6430 -0.7659 -0.0000
vn 0.6427 -0.3714 -0.6701
vn 0.2538 -0.6977 -0.6699
vn -0.0001 -1.0000 -0.0000
vn -0.3417 -0.9398 -0.0000
vn 0.4773 -0.5685 -0.6701
vn -0.0001 -0.7422 -0.6702
vn 0.7311 -0.1291 -0.6700
vn -0.9524 -0.0000 0.3048
vn -0.7313 -0.6724 0.1141
vn -0.9129 -0.0000 0.4082
vn -0.6667 -0.6834 0.2973
vn -0.7245 0.6851 -0.0758
vn -0.7313 0.6725 0.1141
vn -0.9522 0.0557 -0.3002
vn -0.6451 -0.0953 -0.7581
vn -0.9522 -0.0557 -0.3002
vn -0.2538 0.6976 -0.6700
vn 0.4772 0.5687 -0.6700
vn -0.6429 -0.3711 -0.6701
vn 0.6429 -0.3712 -0.6700
vn 0.2538 -0.6976 -0.6700
vn -0.2538 -0.6976 -0.6700
vn -0.7311 0.1289 -0.6700
vn 0.7311 0.1289 -0.6700
vn 0.3932 -0.4498 -0.8020
vn -0.8168 0.4496 -0.3615
vn 0.3931 0.4497 -0.8020
vn 0.3431 0.0001 -0.9393
vn 0.8166 -0.4499 0.3617
vn 0.8165 0.4500 0.3617
vn 0.5240 0.7278 -0.4425
vn -0.5238 0.7279 0.4425
vn 0.6858 0.7278 0.0020
vn 0.8667 -0.0001 0.4989
vn -0.5238 -0.7279 0.4425
vn 0.6858 -0.7278 0.0019
vn -0.6858 -0.7278 -0.0019
vn 0.5240 -0.7278 -0.4425
vn -0.8168 -0.4497 -0.3613
vn -0.3935 0.4500 0.8017
vn -0.3432 -0.0001 0.9393
vn -0.3935 -0.4499 0.8017
vn -0.5923 -0.3494 0.7260
vn -0.6939 -0.5636 0.4481
vn -0.8664 0.0001 -0.4993
vn -0.6858 0.7278 -0.0018
vn -0.8187 0.5648 0.1038
vn 0.2948 0.4187 -0.8590
vn 0.0718 0.9800 -0.1858
vn 0.5513 0.6078 0.5716
vn 0.2355 0.4792 -0.8455
vn 0.7824 0.4241 0.4562
vn 0.5335 0.7515 0.3882
vn 0.0120 0.7254 -0.6882
vn 0.1396 0.7439 -0.6535
vn 0.2450 0.9567 -0.1572
vn 0.1602 0.9674 -0.1962
vn 0.2909 0.9535 -0.0788
vn -0.0000 1.0000 -0.0000
vn 0.6904 0.6468 0.3240
vn 0.7182 0.6944 -0.0445
vn 0.7503 0.6063 -0.2637
vn 0.5686 0.7528 -0.3316
vn 0.8735 0.4087 -0.2645
vn 0.8633 0.5038 0.0297
vn 0.5310 0.7305 -0.4294
vn 0.3409 0.7633 -0.5489
vn 0.5342 0.7546 0.3810
vn 0.0784 0.7341 0.6745
vn 0.0708 0.7570 -0.6495
vn -0.0508 0.7123 -0.7001
vn 0.1494 0.6868 -0.7113
vn 0.0277 0.6904 -0.7229
vn 0.0719 0.6796 0.7300
vn -0.0426 0.6932 0.7195
vn 0.0723 0.7575 -0.6489
vn -0.3746 0.9084 -0.1857
vn 0.6208 0.7427 -0.2510
vn -0.4558 0.8824 0.1167
vn -0.6981 0.7160 0.0041
vn -0.4509 0.5278 0.7198
vn -0.3645 0.5811 0.7276
vn -0.6861 0.7030 0.1874
vn 0.2976 0.8821 0.3650
vn -0.1174 0.9486 0.2939
vn -0.7054 0.4726 0.5283
vn -0.2790 0.8340 0.4760
vn -0.4991 0.8522 0.1567
vn -0.6118 0.7822 0.1174
vn -0.2687 0.8792 0.3933
vn -0.2595 0.8779 0.4024
vn -0.2431 0.9699 0.0175
vn -0.6053 0.7470 0.2751
vn -0.3298 0.9439 -0.0140
vn 0.5774 0.5774 -0.5773
vn -0.2970 0.6303 -0.7173
vn -0.7173 0.6302 -0.2972
vn 0.2325 -0.5421 0.8075
vn -0.7304 0.6498 0.2103
vn 0.2325 0.5421 0.8075
vn -0.2970 -0.6303 -0.7173
vn 0.6277 0.3729 -0.6834
vn 0.6419 0.5619 -0.5217
vn 0.7175 0.4941 -0.4909
vn 0.7163 0.3149 -0.6227
vn 0.6326 0.1069 -0.7670
vn 0.7151 0.1106 -0.6903
vn 0.7285 -0.1004 -0.6777
vn 0.6187 0.1339 -0.7742
vn 0.6187 -0.1339 -0.7742
vn 0.6277 -0.3729 -0.6834
vn 0.7114 -0.3244 -0.6235
vn 0.6704 0.7420 0.0001
vn 0.5911 0.4921 -0.6390
vn 0.6419 -0.5619 -0.5217
vn 0.5687 -0.7528 -0.3316
vn 0.7158 -0.4930 -0.4946
vn 0.0277 -0.6904 -0.7229
vn 0.1494 -0.6868 -0.7113
vn -0.0507 -0.7123 -0.7001
vn 0.3409 -0.7633 -0.5489
vn 0.8474 0.4791 -0.2291
vn 0.8989 0.4057 -0.1652
vn 0.8989 -0.4057 -0.1652
vn 0.6007 -0.6700 0.4362
vn 0.6007 0.6700 0.4362
vn 0.7173 0.6898 -0.0981
vn 0.6931 -0.6952 -0.1906
vn 0.6931 0.6952 -0.1906
vn 0.6178 -0.6843 -0.3873
vn 0.5191 0.6816 -0.5157
vn 0.3473 0.6679 -0.6583
vn 0.9963 0.0849 0.0103
vn 0.7068 -0.6748 0.2123
vn 0.7066 0.6750 0.2123
vn 0.6211 0.7058 0.3406
vn 0.5335 -0.7515 0.3882
vn 0.6211 -0.7058 0.3408
vn 0.5513 -0.6078 0.5716
vn 0.3685 0.6896 0.6234
vn 0.3685 -0.6897 0.6234
vn 0.2526 0.5829 -0.7723
vn 0.3318 0.7545 -0.5662
vn -0.1987 0.7956 -0.5723
vn -0.6429 0.5094 -0.5719
vn 0.2989 -0.9053 -0.3018
vn -0.2540 0.5344 -0.8062
vn -0.2935 0.9061 -0.3047
vn 0.5505 -0.6131 -0.5666
vn 0.2545 -0.5829 -0.7717
vn 0.3317 -0.7550 -0.5657
vn 0.6178 0.6843 -0.3873
vn 0.7304 0.6816 0.0444
vn 0.6991 0.6776 0.2285
vn -0.3046 0.7504 0.5866
vn -0.4793 0.7365 0.4773
vn 0.6677 0.6924 -0.2734
vn -0.6679 0.7220 0.1805
vn 0.4611 0.6901 0.5578
vn -0.4503 0.7183 -0.5303
vn 0.2953 -0.6334 0.7152
vn 0.2632 -0.6817 0.6827
vn 0.1223 -0.7359 0.6659
vn 0.2020 -0.5807 0.7887
vn -0.1096 -0.6630 0.7405
vn 0.1239 -0.6436 0.7553
vn -0.2311 -0.6583 0.7164
vn 0.2476 -0.8366 0.4887
vn -0.1228 -0.7277 0.6748
vn 0.2128 -0.6486 0.7308
vn -0.2316 0.6583 0.7162
vn -0.2236 0.6876 0.6908
vn -0.0899 0.7283 0.6793
vn 0.2631 0.6815 0.6829
vn 0.2951 0.6339 0.7149
vn 0.1233 0.6434 0.7555
vn 0.3624 0.6458 0.6720
vn -0.1099 0.6634 0.7402
vn 0.1223 0.7359 0.6660
vn -0.1934 0.6373 0.7460
vn -0.4508 -0.5278 0.7199
vn -0.1934 -0.6373 0.7460
vn 0.0719 -0.6796 0.7300
vn -0.0983 0.6649 0.7404
vn -0.7501 0.4081 0.5204
vn -0.2172 0.8037 0.5540
vn 0.2988 0.9053 -0.3019
vn -0.6667 0.6834 0.2973
vn -0.6872 0.6696 -0.2817
vn 0.5795 0.7935 0.1857
vn 0.2490 0.8361 0.4887
vn -0.0979 0.6626 -0.7426
vn 0.0962 0.7291 0.6776
vn 0.2942 0.6319 -0.7170
vn -0.1224 0.7277 0.6749
vn 0.1216 0.7336 -0.6686
vn 0.3523 0.6465 -0.6767
vn 0.2020 0.5809 0.7885
vn 0.2128 0.6486 0.7307
vn 0.1568 0.7321 0.6629
vn 0.3461 0.6443 -0.6820
vn 0.5454 0.7292 -0.4134
vn -0.6451 0.0953 -0.7581
vn -0.3052 -0.6679 -0.6789
vn -0.0982 -0.6627 -0.7425
vn 0.2625 0.6794 -0.6852
vn 0.0960 0.7269 -0.6800
vn 0.1249 0.6415 -0.7569
vn -0.2308 0.6562 -0.7184
vn -0.3052 0.6673 -0.6793
vn -0.2230 0.6855 -0.6931
vn -0.0897 0.7261 -0.6817
vn 0.2942 -0.6320 -0.7170
vn -0.0897 -0.7261 -0.6817
vn -0.1224 0.7250 -0.6778
vn -0.1071 0.6602 -0.7434
vn 0.1958 0.5869 -0.7856
vn 0.0476 -0.8974 -0.4386
vn 0.2257 0.2724 -0.9353
vn 0.3466 0.8291 -0.4386
vn 0.3221 0.0435 -0.9457
vn 0.1956 -0.5872 -0.7854
vn 0.5011 -0.2337 -0.8332
vn 0.3467 -0.8291 -0.4386
vn 0.5480 -0.2004 -0.8121
vn 0.3221 -0.0435 -0.9457
vn 0.3462 -0.6442 -0.6820
vn 0.5480 0.2004 -0.8121
vn 0.5011 0.2337 -0.8332
vn -0.1071 -0.6602 -0.7434
vn -0.3486 -0.6763 0.6489
vn 0.6845 -0.3952 0.6126
vn 0.2918 0.6264 0.7228
vn 0.4110 0.6401 0.6491
vn 0.6920 0.3167 0.6487
vn 0.7216 0.2081 0.6602
vn 0.7690 -0.0638 0.6360
vn 0.4461 -0.5610 0.6973
vn 0.6629 -0.3407 0.6668
vn 0.5707 0.4625 0.6785
vn 0.2142 -0.7301 0.6489
vn 0.5751 -0.4984 0.6488
vn 0.7531 -0.1082 0.6489
vn -0.0000 0.7610 0.6487
vn -0.6922 0.3162 0.6488
vn -0.4115 0.6399 0.6490
vn 0.8214 -0.1448 0.5517
vn -0.3965 0.3377 0.8537
vn -0.7532 -0.1082 0.6489
vn -0.2515 -0.5070 0.8244
vn 0.1143 -0.6476 0.7533
vn -0.2142 -0.7301 0.6489
vn -0.0728 0.6106 0.7886
vn -0.5750 -0.4984 0.6488
vn -0.4767 -0.1187 0.8710
vn 0.8214 0.1448 0.5517
vn 0.7785 0.1372 0.6125
vn -0.3966 0.5660 0.7227
vn -0.1148 0.7254 0.6787
vn -0.3486 0.6763 0.6489
vn 0.0724 0.7575 0.6488
vn 0.4364 0.6184 0.6536
vn 0.2704 0.7428 0.6125
vn 0.7279 0.1041 0.6777
vn 0.6264 0.4039 0.6666
vn 0.1810 0.7291 0.6600
vn 0.5081 0.6055 0.6126
vn 0.1435 -0.7474 0.6487
vn 0.7395 -0.1789 0.6490
vn 0.7191 0.2491 0.6488
vn 0.4702 0.5981 0.6490
vn -0.7601 -0.0368 0.6487
vn -0.6591 0.3805 0.6488
vn 0.6179 -0.2242 0.7536
vn 0.5256 -0.5503 0.6488
vn -0.1373 -0.4731 0.8702
vn -0.2836 -0.7060 0.6489
vn -0.6196 -0.4415 0.6490
vn -0.5653 0.2413 0.7888
vn 0.5361 0.6389 0.5517
vn -0.4899 -0.1712 0.8548
vn 0.2853 0.7838 0.5517
vn 0.3131 -0.4710 0.8247
vn 0.3133 0.4715 0.8244
vn -0.1352 0.4715 0.8714
vn 0.2853 -0.7837 0.5517
vn 0.7223 -0.4171 0.5517
vn 0.7310 -0.1289 -0.6700
vn 0.7223 0.4171 0.5517
vn 0.6428 0.3712 -0.6700
vn 0.2538 0.6976 -0.6700
vn -0.0000 0.7423 -0.6701
vn -0.0000 0.7904 0.6125
vn -0.2703 0.7427 0.6126
vn -0.6887 -0.0610 0.7225
vn -0.2853 0.7837 0.5517
vn -0.4920 -0.3692 0.7884
vn -0.5361 0.6389 0.5517
vn 0.3424 -0.3576 0.8688
vn 0.5648 0.0357 0.8245
vn 0.5038 0.4235 0.7528
vn 0.7191 -0.2491 0.6487
vn 0.4700 -0.5984 0.6489
vn 0.7394 0.1796 0.6489
vn -0.0972 -0.5096 0.8549
vn 0.0721 -0.7575 0.6488
vn -0.6587 -0.3809 0.6489
vn -0.7602 0.0363 0.6487
vn -0.2146 -0.7301 0.6488
vn -0.7784 0.1372 0.6126
vn -0.4471 -0.5593 0.6980
vn -0.1139 -0.6475 0.7536
vn -0.7223 0.4170 0.5517
vn -0.5081 0.6055 0.6125
vn -0.0365 0.7447 0.6664
vn 0.2557 0.6577 0.7086
vn 0.5247 0.5512 0.6487
vn -0.2826 0.7065 0.6489
vn -0.6846 0.2639 0.6795
vn -0.6194 0.4419 0.6489
vn -0.5410 0.5215 0.6598
vn -0.3170 0.6871 0.6538
vn 0.1435 0.7471 0.6490
vn -0.8214 -0.1448 0.5517
vn 0.6922 0.3161 0.6488
vn 0.7532 -0.1082 0.6489
vn 0.4115 0.6399 0.6489
vn 0.5753 -0.4980 0.6488
vn 0.2146 -0.7301 0.6488
vn 0.4752 -0.1189 0.8718
vn 0.2519 -0.5064 0.8247
vn 0.3960 0.3374 0.8540
vn 0.5248 -0.5508 0.6490
vn 0.2627 -0.6671 0.6971
vn 0.5034 -0.4232 0.7533
vn -0.5360 -0.6389 0.5518
vn -0.5080 -0.6056 0.6125
vn -0.7223 -0.4170 0.5517
vn -0.6845 -0.3952 0.6126
vn -0.7784 -0.1373 0.6126
vn 0.0739 0.6105 0.7886
vn -0.0000 0.7611 0.6487
vn -0.5753 -0.4980 0.6489
vn -0.4115 0.6399 0.6489
vn -0.2920 0.6266 0.7226
vn -0.5711 0.4611 0.6791
vn -0.7531 -0.1082 0.6489
vn -0.7215 0.2083 0.6603
vn -0.6629 -0.3409 0.6666
vn -0.7514 -0.0697 0.6562
vn -0.0000 0.8340 0.5517
vn -0.4772 0.5686 -0.6700
vn -0.6429 0.3711 -0.6701
vn -0.8214 0.1448 0.5517
vn -0.7310 -0.1289 -0.6700
vn -0.4772 -0.5686 -0.6700
vn -0.0000 -0.7423 -0.6701
vn 0.4771 -0.5686 -0.6701
vn 0.7092 -0.1061 0.6970
vn 0.7395 0.1789 0.6490
vn -0.0000 -0.8340 0.5517
vn -0.2703 -0.7427 0.6126
vn -0.6889 0.0609 0.7223
vn -0.4921 0.3686 0.7886
vn -0.6589 0.3804 0.6490
vn -0.3491 0.6762 0.6488
vn -0.7602 -0.0363 0.6487
vn -0.6846 -0.2639 0.6794
vn -0.6196 -0.4414 0.6490
vn -0.5413 -0.5206 0.6602
vn -0.3154 -0.6856 0.6561
vn -0.0361 -0.7445 0.6667
vn 0.1443 -0.7471 0.6488
vn -0.2830 -0.7064 0.6488
vn 0.3421 0.3547 0.8702
vn -0.2852 -0.7838 0.5517
vn 0.0728 0.7576 0.6487
vn 0.7394 -0.1799 0.6488
vn 0.5648 -0.0356 0.8244
vn 0.4704 0.5979 0.6490
vn -0.0973 0.5087 0.8554
vn 0.1643 -0.7591 -0.6299
vn -0.5543 -0.1805 -0.8125
vn 0.1644 0.7591 -0.6299
vn 0.8513 -0.0000 -0.5247
vn 0.5131 0.6362 -0.5762
vn 0.2851 0.6765 -0.6791
vn 0.0099 -0.6033 -0.7974
vn -0.3426 -0.4738 -0.8113
vn -0.5556 0.1802 -0.8117
vn 0.0006 0.5850 -0.8110
vn 0.0003 -0.7568 -0.6537
vn 0.5554 0.1796 -0.8120
vn 0.5551 -0.1803 -0.8120
vn -0.0000 -0.0001 -1.0000
vn -0.3424 0.4730 -0.8118
vn 0.3438 -0.4724 -0.8116
vn -0.3786 0.6557 -0.6532
vn 0.3454 0.4742 -0.8098
vn -0.3528 -0.7238 -0.5930
vn -0.1619 0.6292 -0.7602
vn -0.1619 -0.6292 -0.7602
vn 0.8103 -0.5493 -0.2041
vn 0.3875 0.6798 0.6226
vn 0.3876 -0.6798 0.6227
vn 0.2222 0.6807 0.6981
vn 0.2222 -0.6807 0.6981
vn 0.0675 0.6868 0.7237
vn -0.5774 -0.5773 0.5773
vn -0.5633 -0.5746 -0.5938
vn 0.0675 -0.6868 0.7237
vn -0.0372 0.7320 -0.6803
vn -0.0372 -0.7320 -0.6803
vn -0.3528 0.7238 -0.5930
vn -0.2063 0.7426 -0.6372
vn -0.2063 -0.7426 -0.6371
vn -0.5633 0.5746 -0.5937
vn -0.5774 0.5773 0.5774
vn 0.8104 0.5492 -0.2041
vn 0.5256 0.5503 0.6487
vn -0.6198 0.4413 0.6490
vn -0.2830 0.7064 0.6488
vn -0.4899 0.1711 0.8548
vn -0.7601 0.0366 0.6488
vn 0.7191 -0.2487 0.6489
vn 0.0724 -0.7575 0.6488
vn 0.4706 -0.5979 0.6489
vn 0.4362 -0.6154 0.6565
vn 0.6181 0.2242 0.7534
vn 0.1442 0.7471 0.6488
vn -0.5654 -0.2412 0.7887
vn 0.5361 -0.6390 0.5516
vn -0.3967 -0.5660 0.7227
vn -0.6591 -0.3804 0.6488
vn -0.1148 -0.7254 0.6786
vn 0.1808 -0.7289 0.6603
vn 0.2704 -0.7428 0.6125
vn 0.6265 -0.4037 0.6668
vn 0.6601 -0.0414 -0.7501
vn 0.5578 -0.1879 -0.8084
vn 0.6601 0.0414 -0.7501
vn 0.5578 0.1879 -0.8084
vn 0.1293 -0.2396 -0.9622
vn 0.2257 -0.2724 -0.9353
vn 0.0476 0.8974 -0.4386
vn -0.0945 0.7979 -0.5953
vn 0.1293 0.2396 -0.9622
vn 0.2980 0.1152 -0.9476
vn 0.0033 0.7064 -0.7078
vn 0.0416 0.7211 -0.6916
vn 0.2980 -0.1152 -0.9476
vn 0.6330 -0.1088 -0.7665
vn 0.0724 -0.7576 -0.6487
vn 1.0000 -0.0001 -0.0090
vn 0.7604 0.3626 -0.5388
vn 0.9998 -0.0001 -0.0185
vn 0.4993 0.8664 -0.0072
vn 0.8662 0.4994 -0.0175
vn 0.5009 0.8654 -0.0144
vn 0.0015 0.9999 -0.0102
vn 0.3823 0.9240 -0.0051
vn 0.1321 0.9912 -0.0092
vn 0.3809 0.9246 -0.0102
vn -0.0013 0.9999 -0.0132
vn -0.5008 0.8654 -0.0170
vn -0.8657 0.5004 -0.0099
vn 0.8657 0.5005 -0.0086
vn -0.0007 1.0000 -0.0050
vn 0.2188 0.5449 -0.8095
vn 0.1301 0.9915 -0.0045
vn -0.0000 0.7572 -0.6532
vn 0.0005 1.0000 -0.0066
vn -0.6556 0.3787 -0.6533
vn -0.4996 0.8662 -0.0085
vn -0.7573 -0.0000 -0.6531
vn -0.6557 -0.3786 -0.6532
vn -0.8662 0.4993 -0.0198
vn -0.9999 0.0001 -0.0105
vn -0.9998 -0.0000 -0.0209
vn -0.8658 -0.5003 -0.0100
vn -0.8662 -0.4993 -0.0200
vn -0.4996 -0.8662 -0.0087
vn -0.5008 -0.8654 -0.0173
vn 0.0006 -1.0000 -0.0067
vn -0.0013 -0.9999 -0.0135
vn 0.4290 -0.9032 -0.0102
vn 0.1845 -0.9828 -0.0090
vn 0.0015 -1.0000 -0.0099
vn 0.5012 -0.8652 -0.0141
vn 0.8662 -0.4994 -0.0173
vn -0.3787 -0.6556 -0.6533
vn 0.3242 -0.6675 -0.6703
vn 0.2445 -0.5177 -0.8199
vn 0.4310 -0.9023 -0.0052
vn 0.1824 -0.9832 -0.0046
vn 0.5131 -0.6361 -0.5762
vn -0.0007 -1.0000 -0.0049
vn 0.4993 -0.8664 -0.0070
vn 0.7603 -0.3626 -0.5389
vn 0.8657 -0.5006 -0.0084
vn -0.7785 0.1373 -0.6124
vn -0.6847 0.3952 -0.6124
vn -0.6845 0.3952 0.6126
vn -0.5082 0.6056 -0.6124
vn -0.0000 0.7906 -0.6124
vn 0.2704 0.7429 -0.6124
vn 0.6845 0.3952 0.6126
vn 0.7785 -0.1373 -0.6124
vn 0.7784 -0.1373 0.6126
vn 0.6847 -0.3953 -0.6124
vn 0.5081 -0.6055 0.6126
vn -0.0000 -0.7904 0.6125
vn -0.5082 -0.6056 -0.6124
vn -0.6846 -0.3953 -0.6124
vn -0.6162 -0.7342 0.2850
vn -0.3278 -0.9007 0.2850
vn -0.0000 -0.9586 0.2847
vn 0.3278 -0.9008 0.2848
vn 0.5362 -0.6390 -0.5515
vn 0.9439 -0.1664 0.2851
vn 0.8301 0.4793 0.2848
vn -0.2852 -0.7839 -0.5515
vn -0.2704 -0.7428 -0.6124
vn -0.0000 -0.7906 -0.6124
vn -0.0000 -0.8341 -0.5516
vn 0.2704 -0.7429 -0.6124
vn 0.5082 -0.6056 -0.6124
vn 0.2852 -0.7839 -0.5515
vn 0.7224 -0.4171 -0.5515
vn 0.8215 -0.1449 -0.5515
vn 0.7785 0.1372 -0.6124
vn 0.6846 0.3953 -0.6124
vn 0.8215 0.1449 -0.5515
vn 0.5082 0.6056 -0.6124
vn 0.7224 0.4171 -0.5515
vn 0.5362 0.6390 -0.5515
vn 0.2852 0.7839 -0.5515
vn -0.0000 0.8341 -0.5516
vn -0.2852 0.7839 -0.5515
vn -0.2704 0.7429 -0.6124
vn -0.5362 0.6389 -0.5515
vn -0.7785 -0.1372 -0.6124
vn -0.8215 -0.1449 -0.5515
vn -0.7224 -0.4170 -0.5516
vn 0.3277 0.9008 0.2848
vn -0.0000 0.9586 0.2847
vn -0.3278 0.9007 0.2850
vn -0.7224 0.4170 -0.5515
vn -0.6162 0.7342 0.2850
vn -0.8215 0.1449 -0.5515
vn -0.9441 -0.1665 0.2846
vn -0.8302 -0.4793 0.2848
vn -0.5362 -0.6389 -0.5516
vn 0.2526 -0.8824 -0.3970
vn -0.4635 -0.5749 -0.6743
vn -0.5278 -0.0002 -0.8493
vn 0.1419 -0.0000 0.9899
vn -0.0895 -0.9308 0.3545
vn -0.7451 -0.4982 0.4435
vn -0.6549 -0.3083 0.6900
vn 0.0779 -0.5750 0.8145
vn -0.2963 -0.9308 -0.2142
vn -0.9795 -0.0002 -0.2016
vn -0.9453 0.3082 -0.1071
vn -0.8561 0.4977 0.1395
vn -0.4636 0.5752 -0.6740
vn -0.2967 0.9307 -0.2139
vn -0.0897 0.9308 0.3545
vn 0.0781 0.5750 0.8144
vn 0.0946 0.5459 -0.8325
vn 0.0067 0.5633 -0.8263
vn 0.0334 -0.0001 -0.9994
vn 0.0064 -0.5630 -0.8265
vn 0.0939 -0.5455 -0.8329
vn 0.3728 -0.9105 0.1792
vn 0.4490 -0.8823 0.1416
vn 0.6079 -0.5452 0.5773
vn 0.6681 0.0002 0.7441
vn 0.3729 0.9105 0.1788
vn 0.6079 0.5455 0.5770
vn 0.4489 0.8824 0.1411
vn 0.5374 0.5624 0.6284
vn -0.6940 0.5641 0.4474
vn 0.1701 0.9103 -0.3773
vn 0.2531 0.8823 -0.3968
vn -0.9209 0.3482 -0.1753
vn -0.0556 0.0002 -0.9985
vn -0.9595 0.0002 -0.2817
vn -0.9207 -0.3486 -0.1755
vn -0.8191 -0.5643 0.1030
vn 0.1702 -0.9103 -0.3772
vn -0.5541 0.0001 0.8325
vn 0.5370 -0.5626 0.6285
vn 0.5990 0.0005 0.8007
vn -0.5926 0.3493 0.7258
vn -0.5773 0.5773 -0.5774
vn -0.5774 -0.5773 -0.5773
vn -0.5773 -0.5773 0.5774
vn 0.5773 -0.5774 0.5773
vn -0.5774 0.5773 0.5773
vn 0.5773 0.5774 -0.5773
vn -0.6248 0.7108 -0.3230
vn -0.6244 -0.7106 0.3243
vn -0.6247 -0.7108 -0.3233
vn -0.6367 -0.2705 -0.7221
vn 0.9998 0.0104 0.0156
vn 0.9999 -0.0058 0.0141
vn 0.6442 0.2691 0.7160
vn 0.9998 -0.0075 -0.0157
vn 0.7057 0.7085 -0.0050
vn 0.9999 0.0075 -0.0154
vn 0.6442 -0.2691 0.7159
vn 0.6363 -0.7045 0.3142
vn -0.6250 -0.7104 0.3237
vn -0.6357 -0.2704 0.7230
vn -0.6355 -0.2702 0.7233
vn -0.6356 0.2704 0.7231
vn -0.7947 0.2126 0.5685
vn -0.6252 0.7102 0.3235
vn -0.6357 0.2704 0.7230
vn -0.7945 -0.2129 0.5687
vn -0.7959 -0.2142 -0.5663
vn 0.6359 -0.7044 -0.3154
vn 0.6444 -0.2673 -0.7165
vn -0.6357 -0.2717 -0.7225
vn -0.6373 0.2690 -0.7222
vn 0.6427 0.2704 -0.7169
vn 0.6359 0.7043 -0.3156
vn -0.7956 0.2113 -0.5678
vn -0.6368 0.2706 -0.7220
vn 0.6286 0.7168 0.3017
vn 0.6232 -0.2976 0.7232
vn 0.6318 -0.7178 -0.2924
vn -0.6286 0.7168 -0.3017
vn -0.6232 -0.2976 -0.7232
vn -0.6373 0.2966 0.7113
vn -0.6297 0.7195 0.2929
vn 0.6297 0.7195 -0.2929
vn 0.6373 0.2966 -0.7113
vn -0.6212 0.2974 -0.7251
vn 0.6393 -0.2969 -0.7094
vn -0.6308 -0.7151 -0.3013
vn 0.6308 -0.7151 0.3013
vn -0.6319 -0.7178 0.2925
vn -0.6392 -0.2969 0.7094
vn 0.6212 0.2974 0.7251
vn 0.6361 0.6197 0.4597
vn 0.6463 0.7630 0.0101
vn -0.6533 0.6180 0.4374
vn 0.6318 0.2377 0.7378
vn 0.6314 -0.2364 0.7386
vn -0.6552 -0.2365 0.7175
vn 0.6341 -0.6202 0.4618
vn 0.6438 -0.7652 0.0103
vn -0.6436 -0.7653 -0.0112
vn 0.6476 -0.6212 -0.4412
vn 0.6577 0.2378 -0.7147
vn 0.6566 -0.2363 -0.7163
vn -0.6320 -0.2366 -0.7380
vn -0.6344 0.6206 -0.4609
vn 0.6511 0.6196 -0.4384
vn -0.6433 0.7655 -0.0107
vn 0.5774 0.5773 0.5774
vn -0.1440 -0.9692 0.1999
vn -0.1443 -0.9692 -0.1997
vn 0.7060 -0.7082 -0.0048
vn 0.7071 -0.7071 0.0044
vn -0.6249 -0.7107 -0.3230
vn -0.6556 0.2377 0.7168
vn -0.6519 -0.6185 0.4389
vn -0.6352 -0.6193 -0.4614
vn -0.6309 0.2375 -0.7386
vn -0.6561 0.2364 0.7167
vn -0.6434 0.7655 -0.0113
vn -0.6515 -0.6183 0.4396
vn -0.6314 0.2361 -0.7387
vn 0.5774 0.5774 -0.5774
vn 0.5773 -0.5773 0.5774
vn -0.6667 -0.4885 -0.5629
vn -0.4749 0.6482 -0.5952
vn -0.4749 0.6483 0.5952
vn 0.5773 0.5774 0.5774
vn 0.5774 -0.5774 0.5773
vn -0.6667 -0.4884 0.5629
vn 0.5773 -0.5774 -0.5774
vn -0.6667 -0.5629 0.4884
vn -0.6667 0.5629 0.4884
vn -0.6667 0.5629 -0.4885
vn -0.6667 -0.5629 -0.4885
vn -0.4750 -0.5952 0.6482
vn -0.4750 0.5952 0.6482
vn 0.5773 0.5773 -0.5774
vn -0.4749 -0.6483 0.5952
vn -0.4749 -0.6483 -0.5952
vn -0.6667 0.4885 0.5629
vn -0.6667 0.4884 -0.5629
vn -0.6804 -0.5608 0.4717
vn -0.5773 -0.5773 -0.5774
vn -0.5774 0.5774 -0.5773
vn -0.5773 0.5773 0.5774
vn 0.5774 0.5773 -0.5774
vn 0.5774 -0.5773 0.5774
vn -0.5774 -0.5774 0.5773
vn -0.4564 0.5986 0.6583
vn -0.4564 -0.5986 0.6583
vn 0.5773 0.5774 -0.5774
vn 0.5773 0.5774 0.5773
vn 0.5773 -0.5774 0.5774
vn -0.6804 -0.5608 -0.4717
vn -0.6804 0.5608 -0.4717
vn 0.6532 -0.6558 -0.3785
vn 0.6532 0.3783 -0.6559
vn 0.6531 -0.3787 0.6557
vn 0.6287 0.2374 0.7405
vn 0.6364 0.6191 0.4602
vn 0.6297 -0.2365 0.7400
vn 0.6513 0.6193 -0.4386
vn 0.6549 -0.2364 -0.7178
vn 0.6549 0.2373 -0.7175
vn -0.6344 0.6199 -0.4618
vn 0.6461 0.7632 0.0106
vn -0.6530 0.6177 0.4382
vn -0.6558 -0.2351 0.7174
vn 0.6372 -0.6175 0.4612
vn -0.6433 -0.7656 -0.0118
vn 0.6441 -0.7648 0.0109
vn -0.6349 -0.6188 -0.4626
vn -0.6324 -0.2353 -0.7380
vn 0.6504 -0.6190 -0.4403
vn -0.5770 0.5775 -0.5776
vn -0.6701 -0.5687 -0.4770
vn -0.6700 -0.3712 -0.6429
vn -0.5770 -0.5775 -0.5775
vn -0.8423 -0.2645 -0.4696
vn -0.7095 0.0001 -0.7047
vn -0.6203 0.3902 -0.6804
vn -0.7483 -0.5082 -0.4264
vn -0.7484 -0.3317 -0.5744
vn -0.8609 -0.4170 -0.2914
vn -0.6166 -0.4003 -0.6779
vn -0.5980 -0.5235 0.6070
vn -0.8882 0.2899 0.3565
vn -0.5771 0.5775 0.5775
vn -0.8420 0.2633 -0.4708
vn -0.7068 0.7074 -0.0003
vn -0.6682 0.3763 -0.6418
vn -0.6733 0.5661 -0.4756
vn -0.7272 0.3977 -0.5594
vn -0.7459 0.5093 -0.4291
vn -0.5979 -0.6566 0.4598
vn -0.5979 -0.6566 -0.4598
vn -0.5975 0.5244 0.6067
vn -0.6700 0.6976 0.2539
vn -0.8609 0.4172 0.2913
vn -0.6701 0.5686 0.4771
vn -0.6700 0.3714 0.6428
vn -0.7483 0.5082 0.4264
vn -0.7485 0.6232 0.2268
vn -0.8606 0.4177 -0.2915
vn -0.5982 0.6568 -0.4591
vn -0.7275 0.2895 -0.6221
vn -0.7484 -0.3317 0.5744
vn -0.6701 -0.6976 0.2536
vn -0.7482 -0.6235 0.2268
vn -0.7484 -0.5083 0.4260
vn -0.5980 0.6566 0.4596
vn -0.7484 0.3318 0.5743
vn -0.6700 -0.3712 0.6429
vn -0.8608 -0.4174 0.2913
vn -0.6700 -0.5690 0.4769
vn -0.8881 -0.2898 0.3567
vn -0.5769 -0.5776 0.5775
vn -0.4749 0.5952 -0.6483
vn -0.4749 -0.5952 -0.6483
vn 0.5773 0.5773 0.5774
vn 0.5773 -0.5773 -0.5774
vn -0.4564 0.5986 -0.6583
vn -0.4564 -0.5986 -0.6583
vn -0.6804 0.5608 0.4717
vn -0.6532 0.3783 -0.6559
vn -0.6531 0.6557 -0.3787
vn -0.6532 0.6558 0.3785
vn -0.6532 -0.0000 -0.7571
vn -0.6532 -0.6559 0.3783
vn -0.6531 -0.3787 0.6557
vn 0.6533 -0.0000 0.7571
vn 0.6532 0.3785 0.6558
vn -0.6533 -0.0000 0.7571
vn -0.6532 0.3785 0.6558
vn 0.6532 0.6558 0.3785
vn 0.6533 0.7571 -0.0000
vn 0.6531 0.6557 -0.3787
vn -0.6533 0.7571 -0.0000
vn 0.6533 -0.0000 -0.7571
vn 0.6532 -0.3785 -0.6558
vn -0.6532 -0.3785 -0.6558
vn 0.6532 -0.7571 -0.0000
vn -0.6532 -0.6558 -0.3785
vn -0.6533 -0.7571 -0.0000
vn 0.6532 -0.6559 0.3783
vn -0.1451 0.9691 -0.1994
vn -0.6246 0.7105 0.3242
vn -0.6249 0.7107 -0.3230
vn 0.7062 0.7080 0.0042
vn -0.1446 0.9691 0.1998
vn 0.6359 0.7049 0.3142
vn 0.6781 0.1624 0.7168
vn -0.2726 0.7936 0.5439
vn 0.5071 0.5344 0.6762
vn -0.4612 -0.4916 0.7387
vn 0.5001 0.3543 0.7901
vn -0.2759 -0.5993 0.7515
vn 0.3245 0.6662 0.6715
vn -0.1047 0.1486 0.9833
vn 0.6781 0.1624 -0.7168
vn 0.7255 0.2497 0.6413
vn 0.6813 0.0671 0.7290
vn 0.7255 0.2497 -0.6413
vn -0.2726 0.7936 -0.5440
vn -0.7238 -0.0709 0.6863
vn -0.6967 -0.1669 -0.6977
vn -0.6967 -0.1669 0.6977
vn -0.7238 -0.0709 -0.6864
vn 0.6813 0.0671 -0.7290
vn -0.6125 -0.4498 -0.6499
vn 0.5133 0.3723 -0.7732
vn 0.6430 -0.1324 0.7543
vn -0.7313 0.1541 0.6644
vn -0.2759 -0.5993 -0.7515
vn -0.4612 -0.4916 -0.7387
vn 0.6403 -0.3072 -0.7041
vn 0.6403 -0.3072 0.7040
vn 0.6878 -0.2390 0.6855
vn -0.6412 -0.0130 0.7672
vn -0.5815 -0.3000 -0.7562
vn -0.0508 0.7691 -0.6371
vn -0.5489 0.5449 0.6338
vn -0.0508 0.7691 0.6371
vn 0.4370 -0.4185 0.7962
vn 0.6519 0.1151 -0.7496
vn 0.2191 0.5826 0.7827
vn -0.6357 0.3028 -0.7101
vn -0.2640 0.4489 -0.8537
vn 0.7552 0.0115 0.6554
vn 0.6671 0.3362 0.6648
vn -0.5815 -0.3000 0.7562
vn 0.5001 0.3543 -0.7902
vn 0.5071 0.5344 -0.6762
vn 0.6671 0.3362 -0.6648
vn -0.6412 -0.0130 -0.7673
vn 0.7553 0.0115 -0.6553
vn 0.6877 -0.2390 -0.6855
vn -0.2640 0.4489 0.8537
vn -0.2601 -0.7192 0.6443
vn -0.2601 -0.7192 -0.6443
vn -0.6460 0.2216 0.7305
vn -0.6460 0.2216 -0.7305
vn -0.6357 0.3028 0.7101
vn 0.4079 -0.6855 0.6030
vn 0.4079 -0.6855 -0.6030
vn 0.6518 0.1151 0.7496
vn -0.5489 0.5449 -0.6339
vn -0.7313 0.1541 -0.6644
vn 0.4370 -0.4185 -0.7962
vn 0.0612 -0.6079 0.7916
vn 0.0612 -0.6079 -0.7916
vn 0.3245 0.6662 -0.6715
vn -0.1047 0.1486 -0.9833
vn 0.6430 -0.1324 -0.7543
vn -0.7319 -0.1290 -0.6691
vn -0.6125 -0.4499 0.6499
vn 0.5133 0.3723 0.7732
vn -0.7319 -0.1290 0.6691
vn 0.2191 0.5826 -0.7827
vn -0.5520 0.6242 0.5528
vn -0.3768 0.9263 -0.0002
vn -0.2672 0.9260 0.2666
vn -0.0006 0.9259 0.3777
vn -0.0005 0.6242 0.7813
vn -0.6893 0.2242 0.6889
vn -0.0004 0.2246 0.9744
vn 0.5485 -0.6302 -0.5495
vn 0.6890 0.2245 0.6891
vn 0.9744 0.2246 -0.0000
vn 0.7765 -0.6302 -0.0000
vn 0.5489 -0.6304 0.5489
vn 0.5525 0.6240 0.5526
vn 0.2661 0.9264 -0.2664
vn 0.2669 0.9260 0.2669
vn -0.0002 0.6241 -0.7813
vn 0.5521 0.6242 -0.5528
vn -0.0003 0.2239 -0.9746
vn -0.0003 -0.6304 -0.7763
vn -0.0003 -0.6301 0.7765
vn -0.5491 -0.6304 0.5487
vn -0.9746 0.2239 -0.0002
vn 0.7813 0.6242 -0.0001
vn 0.3774 0.9260 -0.0003
vn 0.6885 0.2245 -0.6896
vn -0.5487 -0.6303 -0.5493
vn -0.7814 0.6240 -0.0004
vn -0.0004 0.9264 -0.3764
vn -0.2662 0.9265 -0.2659
vn -0.5522 0.6243 -0.5526
vn -0.6889 0.2243 -0.6893
vn -0.7765 -0.6302 -0.0000
vn 0.3774 0.9260 -0.0002
vn -0.0004 0.9265 -0.3764
vn -0.3768 0.9263 -0.0001
vn 0.5521 0.6242 -0.5527
vn -0.0002 0.2239 -0.9746
vn -0.0004 0.2247 0.9744
vn -0.6892 0.2243 0.6889
vn -0.5487 -0.6303 -0.5492
vn 0.4499 -0.6190 -0.6438
vn 0.4499 -0.6190 0.6438
vn 0.7278 -0.2365 0.6437
vn 0.7278 0.2364 -0.6437
vn -0.4499 0.6191 -0.6437
vn -0.4499 0.6191 0.6437
vn -0.4499 -0.6190 -0.6438
vn -0.7278 -0.2365 -0.6437
vn -0.7278 0.2364 -0.6437
vn 0.4499 0.6191 -0.6437
vn -0.0000 0.7652 -0.6437
vn -0.0000 -0.7653 -0.6436
vn 0.7278 -0.2365 -0.6437
vn 0.7278 0.2364 0.6437
vn -0.0000 0.7652 0.6437
vn 0.4499 0.6191 0.6437
vn -0.0000 -0.7653 0.6436
vn -0.4499 -0.6190 0.6438
vn -0.7278 -0.2365 0.6437
vn -0.7278 0.2364 0.6437
vn 0.5774 -0.5773 -0.5773
vn 0.8979 0.3471 -0.2707
vn -0.8979 0.3471 0.2707
vn 0.8979 0.3471 0.2707
vn -0.0000 0.7536 0.6573
vn -0.6955 0.2900 0.6574
vn -0.4274 0.6408 -0.6378
vn -0.7216 0.0563 -0.6900
vn 0.7216 0.0563 -0.6900
vn 0.6955 0.2900 -0.6574
vn -0.5774 -0.5774 -0.5773
vn 0.7216 0.0563 0.6900
vn -0.6955 0.2900 -0.6575
vn -0.0000 0.7536 -0.6573
vn -0.4274 0.6408 0.6378
vn 0.4274 0.6408 -0.6378
vn 0.4274 0.6408 0.6377
vn 0.6954 0.2900 0.6575
vn 0.4273 0.6408 0.6377
vn 0.4273 0.6408 -0.6377
vn 0.5091 0.6486 0.5658
vn 0.3015 0.3015 0.9045
vn 0.6955 0.2900 0.6575
vn -0.3015 0.3015 0.9045
vn -0.0000 -0.0000 -1.0000
vn 0.2619 0.5331 0.8045
vn 0.4855 0.7413 -0.4635
vn 0.4385 0.2831 0.8530
vn 0.8079 0.4272 -0.4060
vn 0.4856 -0.7741 -0.4061
vn 0.2385 -0.4639 0.8532
vn -0.0416 -0.5926 0.8044
vn 0.8080 -0.4524 -0.3775
vn 0.4131 -0.2478 0.8763
vn 0.4824 0.0083 0.8759
vn 0.9256 -0.0122 -0.3782
vn -0.9257 0.0120 -0.3781
vn -0.2385 0.4636 0.8533
vn -0.4134 0.2486 0.8760
vn -0.0483 0.8854 -0.4624
vn -0.8076 0.4526 -0.3781
vn 0.0415 0.5925 0.8045
vn -0.4825 -0.0085 0.8759
vn -0.4389 -0.2828 0.8529
vn -0.4859 -0.7412 -0.4631
vn -0.8078 -0.4269 -0.4065
vn 0.0487 -0.8854 -0.4623
vn -0.2616 -0.5331 0.8046
vn -0.4864 0.7738 -0.4057
vn -0.5656 -0.7376 0.3688
vn 0.1211 -0.9216 0.3688
vn 0.7374 -0.5659 0.3688
vn 0.4337 0.0565 0.8993
vn 0.9216 0.1207 0.3689
vn 0.2667 0.3470 0.8991
vn -0.3469 0.2666 0.8992
vn -0.9215 -0.1216 0.3689
vn -0.4338 -0.0570 0.8992
vn -0.2666 -0.3473 0.8991
vn -0.0569 0.4338 0.8992
vn 0.3471 -0.2668 0.8991
vn 0.0565 -0.4337 0.8993
vn -0.2971 0.7173 0.6302
vn -0.7173 0.2971 -0.6303
vn -0.7174 0.2972 0.6301
vn -0.2971 0.7173 -0.6303
vn -0.7173 -0.2969 -0.6303
vn -0.2973 -0.7172 -0.6302
vn -0.7173 -0.2968 0.6304
vn -0.2973 -0.7172 0.6302
vn -0.4273 0.6408 0.6377
vn -0.7216 0.0563 0.6900
vn -0.6437 -0.0000 -0.7653
vn -0.6438 -0.0000 0.7652
vn 0.6436 0.4498 0.6192
vn -0.6436 0.4498 0.6192
vn 0.6437 0.7278 -0.2363
vn -0.6437 0.4501 -0.6190
vn -0.6437 -0.4501 -0.6190
vn -0.6437 0.7278 -0.2363
vn -0.6437 0.7278 0.2363
vn -0.6437 -0.7278 -0.2363
vn 0.6437 -0.7278 0.2363
vn 0.6436 -0.4498 0.6192
vn -0.6438 -0.7278 0.2363
vn -0.6436 -0.4498 0.6192
vn 0.3015 0.3015 -0.9045
vn -0.3015 0.3015 -0.9045
vn -0.5091 0.6486 0.5658
vn -0.5091 0.6486 -0.5658
vn 0.5091 0.6486 -0.5658
vn -0.4273 0.6408 -0.6377
vn -0.8979 0.3471 -0.2707
vn -0.5773 0.5774 -0.5774
vn -0.5773 -0.5774 0.5774
vn -0.5991 -0.5326 -0.5978
vn 0.5990 -0.5326 0.5979
vn 0.5990 -0.5327 -0.5978
vn 0.5531 0.6219 -0.5544
vn -0.5774 0.5773 -0.5773
vn -0.5773 0.5774 0.5773
vn -0.3015 0.9045 0.3015
vn 0.3015 0.9045 0.3015
vn 0.5774 0.5773 0.5773
vn 0.3015 0.9045 -0.3015
vn -0.3015 0.9045 -0.3015
vn -0.5528 0.6222 0.5543
vn -0.5532 0.6222 0.5540
vn 0.0001 -0.6304 -0.7762
vn -0.0000 -0.6302 0.7765
vn -0.5489 -0.6304 0.5489
vn -0.2662 0.9263 0.2667
vn -0.3774 0.9261 -0.0009
vn 0.3763 0.9265 -0.0002
vn 0.2664 0.9264 0.2661
vn 0.5529 0.6237 0.5525
vn 0.5525 0.6241 -0.5525
vn 0.2654 0.9267 -0.2659
vn 0.0008 0.9264 -0.3765
vn 0.0006 0.6241 -0.7813
vn -0.5526 0.6244 -0.5521
vn -0.2661 0.9266 -0.2658
vn -0.7812 0.6243 0.0004
vn -0.5535 0.6237 0.5519
vn 0.0003 0.9260 0.3774
vn 0.0006 0.6242 0.7813
vn 0.7815 0.6239 -0.0000
vn 0.6886 0.2240 -0.6897
vn -0.6885 0.2238 -0.6899
vn -0.9745 0.2244 0.0002
vn -0.6892 0.2241 0.6891
vn 0.6893 0.2241 0.6890
vn 0.7763 -0.6304 0.0002
vn 0.9746 0.2238 0.0001
vn 0.5491 -0.6300 -0.5492
vn 0.0005 0.2238 -0.9746
vn -0.5485 -0.6302 -0.5495
vn 0.0004 0.2246 0.9745
vn 0.5497 -0.6301 0.5484
vn -0.2668 -0.3472 -0.8990
vn 0.1212 -0.9215 -0.3689
vn 0.7373 -0.5659 -0.3689
vn 0.4338 0.0567 -0.8992
vn 0.5664 0.7369 -0.3690
vn -0.1212 0.9215 -0.3689
vn -0.0570 0.4339 -0.8992
vn -0.3469 0.2666 -0.8992
vn -0.4339 -0.0571 -0.8991
vn 0.3471 -0.2672 -0.8990
vn 0.2669 0.3469 -0.8991
vn 0.0568 -0.4339 -0.8992
vn -0.9640 0.0840 0.2522
vn -0.8436 -0.4757 0.2490
vn -0.8425 -0.4804 -0.2439
vn -0.5782 0.6419 -0.5036
vn -0.2761 0.4429 -0.8530
vn 0.1978 0.9801 -0.0166
vn 0.9213 -0.3889 0.0014
vn 0.6457 -0.4962 0.5804
vn -0.4705 0.6954 0.5433
vn -0.8965 0.4312 -0.1018
vn -0.5054 0.8476 -0.1617
vn -0.3808 0.9184 0.1074
vn -0.2577 -0.5232 0.8123
vn -0.1889 0.4171 0.8890
vn 0.7389 0.3072 0.5997
vn 0.9395 0.3426 -0.0015
vn -0.9554 0.0602 -0.2893
vn -0.9763 0.0897 -0.1969
vn 0.0732 -0.9972 -0.0174
vn 0.7736 0.5117 -0.3737
vn 0.6038 -0.1887 -0.7745
vn -0.3313 -0.6599 -0.6743
vn 0.6437 -0.7278 -0.2363
vn 0.6437 -0.4501 -0.6190
vn 0.6437 -0.0000 -0.7653
vn 0.6437 0.4501 -0.6189
vn 0.6438 -0.0000 0.7652
vn 0.6437 0.7278 0.2363
vn 0.5531 0.6220 0.5543
vn -0.3234 -0.2300 0.9179
vn -0.5989 -0.5324 0.5982
vn -0.2804 0.3710 0.8853
vn -0.8847 0.3731 0.2796
vn -0.5530 0.6220 -0.5544
vn -0.9184 -0.2266 0.3244
vn -0.5993 -0.5323 0.5979
vn -0.7373 0.5658 -0.3691
vn -0.0322 -0.9916 0.1252
vn 0.6459 -0.7626 -0.0363
vn 0.5861 -0.1030 -0.8037
vn 0.9968 -0.0761 -0.0261
vn 0.8576 0.0160 -0.5141
vn -0.1570 0.9873 -0.0231
vn -0.0254 0.9919 0.1245
vn 0.4691 0.0998 -0.8775
vn 0.7254 0.6875 0.0333
vn 0.5952 -0.0201 0.8033
vn -0.0374 -0.9903 0.1337
vn -0.9932 -0.0476 0.1064
vn -0.0363 -0.9986 -0.0394
vn -0.9644 0.0479 -0.2600
vn -0.2256 0.0646 0.9721
vn -0.7950 -0.0208 0.6063
vn -0.1057 -0.9931 -0.0502
vn -0.2110 0.7215 0.6594
vn -0.8673 -0.1139 -0.4846
vn -0.8520 0.5029 0.1458
vn 0.3143 -0.3918 -0.8647
vn 0.2235 -0.7608 -0.6093
vn 0.6328 0.3702 0.6801
vn -0.3254 0.4106 0.8518
vn -0.3092 -0.3773 0.8729
vn 0.0775 0.9849 -0.1547
vn 0.9612 0.0528 0.2708
vn 0.9530 0.0650 0.2960
vn -0.0987 0.9949 0.0182
vn -0.0404 0.9987 0.0312
vn -0.9558 0.0604 -0.2878
vn -0.9342 0.1647 -0.3165
vn 0.9794 0.0669 0.1903
vn 0.9754 -0.1197 0.1854
vn -0.8799 0.0760 -0.4690
vn 0.1709 0.8319 -0.5280
vn 0.3118 0.3755 -0.8728
vn 0.9695 0.0751 0.2334
vn -0.2256 -0.8608 0.4563
vn -0.0120 -0.9760 0.2173
vn 0.7303 -0.1181 0.6729
vn 0.7322 0.1715 0.6592
vn 0.4425 0.6566 0.6108
vn -0.0520 0.7353 0.6758
vn -0.7315 0.1841 0.6566
vn -0.7317 -0.1977 -0.6524
vn -0.5764 -0.4580 -0.6768
vn -0.7317 -0.1977 0.6523
vn -0.5763 -0.4580 0.6768
vn 0.3072 0.5601 -0.7693
vn 0.5949 0.1868 -0.7818
vn 0.5848 -0.1986 -0.7865
vn -0.5892 0.4467 -0.6733
vn -0.7315 0.1841 -0.6566
vn 0.5161 -0.4577 -0.7239
vn -0.3573 0.6697 -0.6510
vn 0.4424 0.6566 -0.6109
vn -0.0519 0.7352 -0.6758
vn 0.7321 0.1715 -0.6592
vn 0.0627 -0.6739 -0.7361
vn 0.3005 -0.5570 -0.7743
vn 0.5848 -0.1987 0.7865
vn 0.5162 -0.4577 0.7239
vn 0.5949 0.1868 0.7818
vn 0.5177 0.4458 -0.7303
vn -0.2984 0.4073 0.8632
vn -0.3629 -0.6639 0.6539
vn -0.3629 -0.6639 -0.6539
vn 0.0772 0.6712 -0.7372
vn -0.2984 0.4072 -0.8632
vn -0.6345 -0.1420 -0.7597
vn -0.2932 -0.4465 -0.8454
vn -0.6587 0.1065 -0.7448
vn 0.7303 -0.1181 -0.6729
vn 0.4886 -0.6331 -0.6004
vn -0.0655 -0.7355 0.6743
vn -0.0655 -0.7356 -0.6743
vn 0.5177 0.4458 0.7302
vn 0.3072 0.5601 0.7694
vn 0.0772 0.6713 0.7372
vn 0.4886 -0.6331 0.6004
vn -0.6587 0.1065 0.7448
vn -0.6345 -0.1420 0.7598
vn -0.2932 -0.4465 0.8454
vn -0.3573 0.6697 0.6510
vn 0.0627 -0.6739 0.7362
vn 0.3005 -0.5570 0.7742
vn -0.5892 0.4467 0.6733
vn -0.7374 0.5658 0.3690
vn -0.1212 0.9215 0.3689
vn 0.5664 0.7370 0.3689
vn 0.9216 0.1207 -0.3690
vn -0.9215 -0.1216 -0.3689
vn -0.5657 -0.7376 -0.3688
vn -0.6121 -0.0733 0.7874
vn -0.7490 -0.0384 -0.6615
vn -0.6714 -0.1632 -0.7229
vn -0.6172 -0.2798 -0.7354
vn -0.6225 -0.2793 0.7311
vn 0.7018 0.2190 -0.6779
vn -0.0866 0.8304 -0.5503
vn -0.7783 -0.0828 -0.6224
vn -0.7796 -0.0833 0.6207
vn -0.0900 0.8306 0.5495
vn 0.6299 0.3384 0.6990
vn 0.6993 0.2204 0.6800
vn -0.6745 -0.1620 0.7203
vn -0.0533 0.2673 -0.9621
vn 0.1491 0.1488 0.9776
vn 0.6345 0.3380 -0.6951
vn 0.0009 0.7121 0.7020
vn 0.4149 -0.5779 0.7028
vn 0.4728 -0.1585 -0.8668
vn 0.6911 -0.2398 0.6818
vn -0.7252 -0.2732 -0.6321
vn -0.3170 -0.7124 -0.6261
vn -0.3171 -0.7124 0.6260
vn -0.4172 0.4107 0.8107
vn -0.6764 0.1908 -0.7114
vn -0.4647 0.4988 -0.7316
vn 0.6708 0.0735 -0.7380
vn 0.6364 0.1320 -0.7599
vn 0.2834 0.4423 -0.8509
vn 0.2066 -0.7420 0.6378
vn -0.7541 -0.0483 -0.6550
vn 0.7460 0.3077 -0.5906
vn 0.4076 0.5787 0.7064
vn -0.0092 -0.7096 0.7045
vn 0.3111 -0.4271 -0.8490
vn 0.6359 0.1332 0.7602
vn 0.2836 0.4424 0.8508
vn -0.1451 0.6400 -0.7545
vn 0.1598 -0.7240 -0.6710
vn 0.4765 -0.5344 -0.6981
vn 0.7820 -0.2201 0.5832
vn -0.5508 0.1466 0.8217
vn 0.5551 -0.5711 0.6048
vn 0.6703 -0.2009 -0.7143
vn -0.1712 0.5978 0.7832
vn -0.7250 -0.2722 0.6327
vn 0.7887 0.1318 0.6005
vn 0.6243 0.2947 0.7235
vn -0.4147 -0.5822 0.6993
vn 0.0045 -0.5216 -0.8532
vn -0.0044 0.8142 -0.5806
vn -0.4215 0.5722 0.7035
vn -0.4822 0.6550 -0.5818
vn 0.4656 0.6640 -0.5850
vn -0.3107 -0.4374 -0.8439
vn -0.5046 -0.2556 -0.8247
vn -0.6489 -0.3655 0.6673
vn -0.6092 -0.0776 0.7892
vn -0.7314 0.1841 0.6566
vn -0.0520 0.7352 0.6758
vn 0.4424 0.6566 -0.6108
vn -0.0655 -0.7356 0.6743
vn 0.4887 -0.6331 -0.6004
vn 0.4425 0.6566 0.6109
vn 0.0772 0.6712 0.7372
vn 0.5177 0.4458 0.7303
vn 0.5859 -0.1979 0.7859
vn 0.5847 -0.1986 -0.7866
vn 0.5167 -0.4564 0.7244
vn 0.3005 -0.5570 0.7743
vn 0.0627 -0.6739 0.7361
vn 0.5162 -0.4576 -0.7240
vn -0.2984 0.4072 0.8632
vn -0.0462 0.9989 0.0022
vn 0.9666 0.0006 -0.2564
vn -0.0130 -0.9984 -0.0548
vn -0.9331 -0.0069 0.3595
vn 0.0676 0.9755 0.2094
vn -0.9952 -0.0970 0.0101
vn -0.8165 -0.0000 -0.5774
vn -0.9964 -0.0004 0.0853
vn -0.0386 0.9992 0.0078
vn 0.9960 0.0006 -0.0899
vn -0.0370 -0.9990 0.0241
vn -0.0471 -0.9989 0.0021
vn -0.8714 0.0357 0.4893
vn 0.0791 0.9909 0.1094
vn 0.9980 0.0393 -0.0490
vn 0.1669 -0.9700 -0.1769
vn -0.0000 0.8165 -0.5774
vn -0.9602 -0.0002 0.2792
vn -0.0395 -0.9992 0.0080
vn -0.8957 0.0001 0.4446
vn 0.0544 0.9978 0.0388
vn 0.8681 0.0176 -0.4961
vn 0.9465 0.0314 -0.3210
vn 0.0752 -0.9651 -0.2509
vn -0.9494 -0.0045 -0.3139
vn 0.0200 0.9572 0.2887
vn -0.4024 0.7092 0.5789
vn -0.2937 -0.8385 0.4590
vn 0.3779 -0.1127 0.9190
vn 0.9505 -0.0266 0.3096
vn -0.9952 0.0061 0.0974
vn 0.0160 -0.9849 -0.1722
vn 0.8910 -0.0001 -0.4540
vn -0.0371 0.9990 0.0242
vn 0.8165 -0.0000 -0.5774
vn -0.0000 -0.8165 -0.5774
vn 0.0825 -0.5894 -0.8036
vn -0.3638 -0.4572 -0.8115
vn 0.4728 -0.3662 0.8015
vn -0.7122 0.1386 0.6882
vn -0.7122 0.1386 -0.6881
vn 0.5534 0.3139 -0.7715
vn 0.5534 0.3139 0.7715
vn -0.1071 0.7686 -0.6307
vn 0.4862 0.6101 -0.6256
vn -0.7409 -0.0530 -0.6695
vn 0.0148 0.6445 0.7645
vn 0.3195 0.5515 0.7706
vn -0.0177 -0.7535 0.6573
vn 0.1563 -0.6909 0.7059
vn 0.1780 -0.6899 -0.7017
vn 0.1563 -0.6909 -0.7058
vn -0.6120 0.4754 -0.6321
vn 0.4728 -0.3662 -0.8015
vn 0.6742 -0.1296 0.7271
vn -0.7409 -0.0530 0.6695
vn -0.6595 -0.3736 -0.6523
vn 0.3195 0.5515 -0.7706
vn 0.1780 -0.6899 0.7017
vn -0.1555 0.6884 0.7085
vn 0.6611 0.0484 0.7488
vn -0.3804 -0.6548 0.6531
vn -0.6595 -0.3736 0.6523
vn -0.3804 -0.6548 -0.6531
vn -0.0177 -0.7535 -0.6572
vn 0.0148 0.6445 -0.7645
vn 0.3911 -0.6490 -0.6526
vn 0.6619 -0.3663 -0.6540
vn -0.5603 0.3105 -0.7679
vn -0.6588 0.0454 0.7509
vn 0.7424 -0.0479 0.6683
vn 0.7104 0.2182 0.6692
vn -0.1754 0.6792 -0.7127
vn -0.1555 0.6884 -0.7085
vn -0.1754 0.6792 0.7126
vn 0.3910 -0.6490 0.6526
vn 0.7424 -0.0479 -0.6683
vn -0.6589 0.0454 -0.7509
vn -0.6326 -0.1936 0.7499
vn 0.4862 0.6101 0.6256
vn -0.1071 0.7686 0.6307
vn -0.3295 0.5439 -0.7717
vn -0.3295 0.5439 0.7717
vn -0.5603 0.3105 0.7679
vn 0.6619 -0.3664 0.6540
vn 0.7104 0.2182 -0.6691
vn -0.6325 -0.1936 -0.7499
vn -0.3638 -0.4572 0.8115
vn 0.0825 -0.5894 0.8036
vn -0.6120 0.4753 0.6321
vn 0.6742 -0.1296 -0.7271
vn 0.6610 0.0484 -0.7488
vn 0.2552 -0.5271 0.8106
vn -0.1318 -0.6715 0.7292
vn 0.2152 -0.6162 -0.7576
vn -0.4871 -0.4329 0.7585
vn -0.5456 0.3740 -0.7499
vn 0.1708 0.6312 -0.7566
vn 0.3693 0.4612 -0.8068
vn 0.5595 0.2674 -0.7845
vn 0.2827 0.5778 0.7657
vn 0.7033 0.3246 -0.6325
vn -0.1260 -0.6351 -0.7621
vn -0.5496 -0.3783 -0.7449
vn -0.6398 -0.0066 -0.7685
vn -0.1242 0.6400 -0.7582
vn -0.6813 0.3643 -0.6349
vn -0.6585 0.3450 0.6689
vn -0.7752 -0.0008 -0.6317
vn -0.6606 -0.3214 0.6785
vn -0.6878 -0.3388 -0.6420
vn -0.3787 -0.6694 -0.6391
vn 0.1008 -0.7346 -0.6710
vn 0.4837 -0.6260 -0.6117
vn 0.7036 -0.3322 -0.6281
vn 0.2638 -0.7069 0.6563
vn 0.6178 -0.4040 0.6746
vn 0.7562 0.0061 -0.6543
vn 0.4728 0.6410 -0.6046
vn 0.5392 -0.2827 -0.7933
vn -0.3712 0.6595 -0.6536
vn 0.2603 0.7150 0.6489
vn 0.6194 0.0007 -0.7851
vn 0.6743 0.0007 0.7385
vn 0.5835 -0.3263 0.7437
vn 0.3803 -0.4869 -0.7863
vn 0.0643 0.7469 -0.6619
vn 0.6164 0.3986 0.6791
vn -0.5853 -0.2409 0.7742
vn 0.7574 0.0063 0.6529
vn -0.6367 -0.0068 0.7711
vn -0.4802 0.4440 0.7565
vn -0.5831 0.2325 0.7784
vn -0.1702 0.6656 0.7266
vn -0.1093 -0.7651 0.6346
vn -0.4310 -0.6366 0.6395
vn 0.6064 0.3021 0.7355
vn -0.7277 -0.0007 0.6859
vn -0.4494 0.6654 0.5960
vn -0.1405 0.7667 0.6264
vn -0.3900 -0.6605 0.6416
vn -0.3900 -0.6605 -0.6416
vn -0.6676 -0.3469 0.6588
vn -0.6676 -0.3469 -0.6588
vn -0.7546 -0.0008 0.6562
vn -0.6601 0.3736 0.6517
vn -0.0368 0.7516 -0.6586
vn 0.3698 0.6709 -0.6428
vn 0.6562 0.3690 -0.6582
vn 0.6562 0.3690 0.6582
vn 0.7580 0.0074 0.6522
vn -0.2989 -0.5425 -0.7851
vn 0.7580 0.0074 -0.6522
vn 0.6586 -0.3719 -0.6542
vn 0.3703 -0.6661 0.6475
vn 0.6586 -0.3719 0.6542
vn 0.3698 0.6709 0.6428
vn -0.5628 -0.3165 0.7636
vn -0.0368 0.7516 0.6586
vn -0.3845 0.6504 0.6551
vn 0.5528 -0.3127 0.7724
vn 0.6427 0.0007 0.7662
vn -0.0023 0.6529 0.7575
vn 0.0026 -0.7487 0.6629
vn -0.5566 0.3144 -0.7689
vn -0.6361 -0.0061 -0.7716
vn -0.6361 -0.0061 0.7716
vn -0.5629 -0.3165 -0.7636
vn -0.2990 -0.5425 0.7850
vn 0.0316 -0.6457 0.7630
vn 0.3261 -0.5516 0.7677
vn 0.6426 0.0007 -0.7662
vn 0.5738 0.2982 0.7628
vn 0.3139 0.5315 0.7867
vn 0.3139 0.5315 -0.7867
vn -0.0023 0.6529 -0.7574
vn -0.3051 0.5490 0.7782
vn -0.5566 0.3144 0.7689
vn 0.3703 -0.6661 -0.6475
vn -0.3051 0.5490 -0.7782
vn 0.0026 -0.7487 -0.6629
vn 0.5738 0.2981 -0.7628
vn -0.7546 -0.0008 -0.6562
vn -0.6601 0.3736 -0.6517
vn -0.3845 0.6504 -0.6551
vn 0.5528 -0.3127 -0.7724
vn 0.3260 -0.5516 -0.7677
vn 0.0316 -0.6457 -0.7630
vt 0.112023 0.855112
vt 0.112023 0.864547
vt 0.109377 0.865147
vt 0.030893 0.676476
vt 0.030893 0.675477
vt 0.049815 0.681419
vt 0.049815 0.682218
vt 0.049815 0.682816
vt 0.048817 0.678324
vt 0.048817 0.678873
vt 0.049815 0.678873
vt 0.311477 0.636585
vt 0.312926 0.621857
vt 0.312126 0.603734
vt 0.394106 0.535385
vt 0.391709 0.532589
vt 0.394704 0.530143
vt 0.347025 0.606480
vt 0.346176 0.608527
vt 0.345677 0.610574
vt 0.478230 0.844827
vt 0.444381 0.838986
vt 0.444381 0.835940
vt 0.108578 0.767342
vt 0.105333 0.768990
vt 0.103435 0.768990
vt 0.238087 0.591852
vt 0.234591 0.602336
vt 0.229698 0.597743
vt 0.029095 0.656605
vt 0.029095 0.651313
vt 0.344179 0.602685
vt 0.344179 0.652312
vt 0.326555 0.652312
vt 0.326555 0.602685
vt 0.257358 0.643125
vt 0.241581 0.627998
vt 0.237537 0.621757
vt 0.247622 0.637084
vt 0.257358 0.600339
vt 0.290708 0.600339
vt 0.301492 0.610474
vt 0.306436 0.621757
vt 0.301492 0.632991
vt 0.290708 0.643125
vt 0.241581 0.615466
vt 0.247622 0.606380
vt 0.127450 0.855611
vt 0.126151 0.858307
vt 0.123955 0.857808
vt 0.113721 0.864149
vt 0.113721 0.855511
vt 0.125703 0.854213
vt 0.129797 0.853764
vt 0.132742 0.881073
vt 0.123506 0.878977
vt 0.124306 0.877379
vt 0.117515 0.871986
vt 0.116167 0.873085
vt 0.117515 0.847673
vt 0.128848 0.851716
vt 0.132742 0.853065
vt 0.126151 0.861352
vt 0.123955 0.861851
vt 0.141180 0.842281
vt 0.147969 0.847673
vt 0.139782 0.854213
vt 0.136636 0.851716
vt 0.138034 0.855611
vt 0.135689 0.853764
vt 0.132742 0.850818
vt 0.124306 0.842281
vt 0.116167 0.846574
vt 0.109377 0.854512
vt 0.113970 0.874782
vt 0.122308 0.881422
vt 0.132742 0.840334
vt 0.123506 0.840683
vt 0.132742 0.838586
vt 0.141929 0.840683
vt 0.149317 0.846574
vt 0.132742 0.883819
vt 0.143127 0.881422
vt 0.141929 0.878977
vt 0.151514 0.874782
vt 0.149317 0.873085
vt 0.156108 0.865147
vt 0.153462 0.864547
vt 0.156108 0.854512
vt 0.153462 0.855112
vt 0.151514 0.844877
vt 0.143127 0.838237
vt 0.132742 0.835840
vt 0.122308 0.838237
vt 0.113970 0.844877
vt 0.139332 0.861352
vt 0.135689 0.865896
vt 0.139332 0.858307
vt 0.141529 0.857808
vt 0.151715 0.855511
vt 0.151715 0.864149
vt 0.147969 0.871986
vt 0.141180 0.877379
vt 0.132742 0.879326
vt 0.141529 0.861851
vt 0.139782 0.865446
vt 0.136636 0.867943
vt 0.132742 0.868841
vt 0.128848 0.867943
vt 0.125703 0.865446
vt 0.127450 0.864049
vt 0.129797 0.865896
vt 0.132742 0.866595
vt 0.138034 0.864049
vt 0.308433 0.730695
vt 0.309930 0.735189
vt 0.318567 0.735189
vt 0.298896 0.735888
vt 0.318567 0.741430
vt 0.327254 0.735189
vt 0.328801 0.730695
vt 0.308632 0.717665
vt 0.328552 0.717665
vt 0.308632 0.709078
vt 0.328552 0.709078
vt 0.325906 0.742479
vt 0.299246 0.717665
vt 0.299146 0.709078
vt 0.299146 0.699741
vt 0.308632 0.699741
vt 0.328552 0.699741
vt 0.338088 0.699741
vt 0.338088 0.709078
vt 0.337938 0.717665
vt 0.338289 0.735888
vt 0.331149 0.745125
vt 0.327254 0.750217
vt 0.335891 0.750317
vt 0.327254 0.756059
vt 0.309930 0.750217
vt 0.311278 0.742479
vt 0.306036 0.745125
vt 0.301293 0.750317
vt 0.309930 0.756059
vt 0.298497 0.756807
vt 0.291557 0.743927
vt 0.287214 0.753912
vt 0.297898 0.763847
vt 0.286315 0.764795
vt 0.299645 0.770686
vt 0.289011 0.775430
vt 0.303439 0.776628
vt 0.297998 0.781820
vt 0.309930 0.783018
vt 0.309930 0.770587
vt 0.327254 0.783018
vt 0.327254 0.770587
vt 0.294902 0.784566
vt 0.297998 0.786963
vt 0.272386 0.808680
vt 0.289510 0.822061
vt 0.294902 0.804287
vt 0.284568 0.794651
vt 0.276080 0.781570
vt 0.272286 0.766393
vt 0.273533 0.750816
vt 0.279774 0.736487
vt 0.290259 0.725004
vt 0.295202 0.703536
vt 0.280324 0.711924
vt 0.265745 0.727900
vt 0.257108 0.747770
vt 0.255361 0.769439
vt 0.260603 0.790507
vt 0.327254 0.762848
vt 0.327254 0.759753
vt 0.309930 0.759753
vt 0.309930 0.762848
vt 0.327254 0.766143
vt 0.339286 0.763847
vt 0.338738 0.756807
vt 0.349970 0.753912
vt 0.345628 0.743927
vt 0.357410 0.736487
vt 0.346926 0.725004
vt 0.333745 0.776628
vt 0.337589 0.770686
vt 0.350870 0.764795
vt 0.363651 0.750816
vt 0.371440 0.727900
vt 0.356861 0.711924
vt 0.341982 0.703536
vt 0.380076 0.747770
vt 0.364949 0.766393
vt 0.348223 0.775430
vt 0.339236 0.781820
vt 0.381873 0.769439
vt 0.361104 0.781570
vt 0.342283 0.784566
vt 0.339236 0.786963
vt 0.352666 0.794651
vt 0.342283 0.804287
vt 0.364799 0.808680
vt 0.347724 0.822061
vt 0.376581 0.790507
vt 0.309930 0.766143
vt 0.068900 0.364800
vt 0.068900 0.366200
vt 0.068900 0.367100
vt 0.068900 0.361900
vt 0.068900 0.363400
vt 0.068900 0.367600
vt 0.068900 0.359600
vt 0.068900 0.360600
vt 0.070700 0.364800
vt 0.070700 0.366200
vt 0.070700 0.367100
vt 0.070700 0.367600
vt 0.070700 0.363400
vt 0.070700 0.361900
vt 0.068900 0.359100
vt 0.070700 0.360600
vt 0.070700 0.359600
vt 0.070700 0.359100
vt 0.030893 0.684265
vt 0.030893 0.682517
vt 0.030893 0.680370
vt 0.030893 0.685213
vt 0.030893 0.678174
vt 0.488815 0.575376
vt 0.490513 0.573030
vt 0.493259 0.572131
vt 0.490513 0.580618
vt 0.488815 0.578272
vt 0.496004 0.580618
vt 0.493259 0.581517
vt 0.497702 0.575376
vt 0.496004 0.573030
vt 0.497702 0.578272
vt 0.026200 0.666690
vt 0.022256 0.665243
vt 0.483572 0.562245
vt 0.483572 0.572081
vt 0.452569 0.572081
vt 0.455464 0.559300
vt 0.480677 0.559300
vt 0.457412 0.557303
vt 0.478680 0.557303
vt 0.452569 0.562245
vt 0.442933 0.556604
vt 0.448175 0.527647
vt 0.452569 0.528745
vt 0.452569 0.558700
vt 0.455464 0.529494
vt 0.457412 0.531441
vt 0.478680 0.531441
vt 0.480677 0.529494
vt 0.483572 0.558700
vt 0.483572 0.528745
vt 0.493159 0.556604
vt 0.487966 0.527647
vt 0.483572 0.521955
vt 0.452569 0.526498
vt 0.452569 0.521955
vt 0.483572 0.526498
vt 0.156907 0.640579
vt 0.156907 0.664244
vt 0.143926 0.663146
vt 0.076176 0.645672
vt 0.100090 0.662796
vt 0.092152 0.666641
vt 0.106931 0.675977
vt 0.111923 0.670385
vt 0.122357 0.661548
vt 0.144126 0.638033
vt 0.162548 0.623904
vt 0.162548 0.641728
vt 0.162548 0.673780
vt 0.160451 0.673481
vt 0.155659 0.673131
vt 0.146721 0.672482
vt 0.104783 0.682467
vt 0.114420 0.618512
vt 0.120312 0.605631
vt 0.128300 0.614268
vt 0.123455 0.627648
vt 0.086910 0.639631
vt 0.108229 0.654559
vt 0.130945 0.632841
vt 0.146323 0.624153
vt 0.135589 0.619560
vt 0.106780 0.675977
vt 0.085412 0.669636
vt 0.065841 0.648518
vt 0.060000 0.621607
vt 0.071284 0.615966
vt 0.102786 0.599840
vt 0.111324 0.589605
vt 0.060249 0.649566
vt 0.050065 0.624753
vt 0.044922 0.587408
vt 0.057803 0.584812
vt 0.093500 0.575775
vt 0.105482 0.569385
vt 0.044124 0.626051
vt 0.033140 0.588606
vt 0.034538 0.552560
vt 0.048517 0.551961
vt 0.090405 0.548815
vt 0.104534 0.544072
vt 0.118314 0.565940
vt 0.118113 0.542824
vt 0.092053 0.503532
vt 0.038332 0.503532
vt 0.022605 0.503482
vt 0.022955 0.552859
vt 0.026399 0.588856
vt 0.015965 0.552959
vt 0.012820 0.503482
vt 0.006379 0.503433
vt 0.109377 0.503482
vt 0.162548 0.611273
vt 0.146871 0.611772
vt 0.138983 0.606979
vt 0.132443 0.601587
vt 0.126751 0.596145
vt 0.121908 0.582715
vt 0.127550 0.503482
vt 0.328102 0.652312
vt 0.342631 0.652312
vt 0.342631 0.650615
vt 0.328102 0.650615
vt 0.342581 0.602735
vt 0.328102 0.602735
vt 0.232395 0.994605
vt 0.217617 0.987616
vt 0.232395 0.979527
vt 0.217617 0.967845
vt 0.196149 0.987616
vt 0.232395 0.967845
vt 0.229549 0.964849
vt 0.219514 0.939736
vt 0.219514 0.946626
vt 0.194301 0.946626
vt 0.194301 0.952667
vt 0.219514 0.952667
vt 0.219514 0.956562
vt 0.217617 0.964849
vt 0.196149 0.967845
vt 0.181370 0.979527
vt 0.181370 0.994605
vt 0.194301 0.956562
vt 0.181370 0.967845
vt 0.184266 0.964849
vt 0.196149 0.964849
vt 0.184266 0.960056
vt 0.184266 0.952867
vt 0.194301 0.939736
vt 0.184266 0.944779
vt 0.194301 0.934794
vt 0.184266 0.938987
vt 0.194301 0.929901
vt 0.184266 0.933146
vt 0.194301 0.924459
vt 0.184266 0.926706
vt 0.194301 0.910729
vt 0.184266 0.910929
vt 0.184266 0.885767
vt 0.184266 0.880175
vt 0.194301 0.884668
vt 0.194301 0.889411
vt 0.206883 0.884668
vt 0.219514 0.884668
vt 0.219514 0.889411
vt 0.194301 0.899595
vt 0.219514 0.899595
vt 0.219514 0.910729
vt 0.219514 0.924459
vt 0.219514 0.929901
vt 0.219514 0.934794
vt 0.184266 0.897749
vt 0.229549 0.880175
vt 0.229549 0.885767
vt 0.229549 0.897749
vt 0.229549 0.910929
vt 0.229549 0.926706
vt 0.229549 0.933146
vt 0.229549 0.938987
vt 0.229549 0.944779
vt 0.229549 0.952867
vt 0.229549 0.960056
vt 0.361353 0.567737
vt 0.346575 0.589156
vt 0.312477 0.567737
vt 0.354663 0.589156
vt 0.361353 0.582415
vt 0.234692 0.838586
vt 0.227852 0.836389
vt 0.220163 0.831896
vt 0.239733 0.834193
vt 0.407536 0.838586
vt 0.381924 0.834193
vt 0.220163 0.820713
vt 0.239683 0.819065
vt 0.213023 0.813424
vt 0.434246 0.827802
vt 0.422114 0.835490
vt 0.434246 0.824956
vt 0.386866 0.830947
vt 0.386866 0.824956
vt 0.386866 0.821311
vt 0.434246 0.821311
vt 0.386866 0.815770
vt 0.434246 0.815770
vt 0.386866 0.810228
vt 0.434246 0.810228
vt 0.386866 0.804636
vt 0.434246 0.804636
vt 0.386866 0.799095
vt 0.434246 0.799095
vt 0.386866 0.793553
vt 0.434246 0.793553
vt 0.386866 0.789908
vt 0.434246 0.789908
vt 0.386866 0.786214
vt 0.434246 0.786214
vt 0.386866 0.780921
vt 0.434246 0.780921
vt 0.386866 0.775679
vt 0.434246 0.775679
vt 0.386866 0.770387
vt 0.434246 0.770387
vt 0.386866 0.766743
vt 0.434246 0.766743
vt 0.386866 0.749818
vt 0.434246 0.749818
vt 0.386866 0.740781
vt 0.425009 0.740781
vt 0.386866 0.733542
vt 0.420316 0.733542
vt 0.386866 0.728249
vt 0.417620 0.728249
vt 0.386866 0.713322
vt 0.417620 0.713322
vt 0.386866 0.706831
vt 0.415374 0.706831
vt 0.399697 0.701888
vt 0.411629 0.701888
vt 0.399697 0.696197
vt 0.405339 0.696197
vt 0.399697 0.675977
vt 0.393256 0.696197
vt 0.389962 0.674729
vt 0.386866 0.696197
vt 0.380226 0.673481
vt 0.386866 0.701888
vt 0.405339 0.676526
vt 0.198545 0.732443
vt 0.195449 0.738934
vt 0.179822 0.735189
vt 0.212924 0.717915
vt 0.239634 0.696197
vt 0.168039 0.646271
vt 0.224008 0.649267
vt 0.217368 0.646471
vt 0.380226 0.669337
vt 0.239634 0.709876
vt 0.204386 0.624353
vt 0.168039 0.620259
vt 0.177976 0.611273
vt 0.217017 0.579270
vt 0.209479 0.589105
vt 0.203687 0.593798
vt 0.207032 0.594747
vt 0.206234 0.598192
vt 0.201541 0.596844
vt 0.205385 0.601587
vt 0.199443 0.599840
vt 0.193553 0.606130
vt 0.205035 0.607428
vt 0.184616 0.610324
vt 0.205984 0.617314
vt 0.205834 0.632891
vt 0.210427 0.640879
vt 0.214122 0.632991
vt 0.221461 0.639181
vt 0.209479 0.624853
vt 0.206533 0.588007
vt 0.213722 0.577772
vt 0.220762 0.570433
vt 0.229649 0.566140
vt 0.240832 0.564093
vt 0.255560 0.564941
vt 0.269989 0.568087
vt 0.282470 0.572280
vt 0.309231 0.621508
vt 0.309430 0.613270
vt 0.308282 0.604233
vt 0.305237 0.594248
vt 0.302191 0.584712
vt 0.299495 0.586859
vt 0.290708 0.580119
vt 0.280773 0.574877
vt 0.268292 0.570633
vt 0.255361 0.568037
vt 0.242130 0.567288
vt 0.230748 0.568985
vt 0.222959 0.572930
vt 0.308831 0.593050
vt 0.292656 0.577223
vt 0.139033 0.697445
vt 0.121559 0.695448
vt 0.107380 0.693101
vt 0.165045 0.692552
vt 0.145124 0.700091
vt 0.149317 0.704784
vt 0.152413 0.711375
vt 0.168039 0.693052
vt 0.168039 0.731744
vt 0.165045 0.730845
vt 0.161150 0.727650
vt 0.156507 0.721010
vt 0.094949 0.690156
vt 0.158055 0.692054
vt 0.144975 0.691105
vt 0.090055 0.687160
vt 0.174730 0.954464
vt 0.170037 0.967296
vt 0.152314 0.957061
vt 0.148120 0.962053
vt 0.161300 0.977780
vt 0.142428 0.965298
vt 0.149468 0.984570
vt 0.136037 0.966447
vt 0.136037 0.986966
vt 0.129597 0.965298
vt 0.122557 0.984570
vt 0.123955 0.962053
vt 0.110774 0.977780
vt 0.119762 0.957061
vt 0.101988 0.967296
vt 0.117515 0.950920
vt 0.173483 0.926007
vt 0.178624 0.940136
vt 0.174730 0.940835
vt 0.178624 0.955163
vt 0.173483 0.969292
vt 0.163846 0.980826
vt 0.150816 0.988314
vt 0.136037 0.990910
vt 0.121210 0.988314
vt 0.108229 0.980826
vt 0.098543 0.969292
vt 0.097295 0.954464
vt 0.093400 0.955163
vt 0.097295 0.940835
vt 0.093400 0.940136
vt 0.101988 0.928004
vt 0.098543 0.926007
vt 0.110774 0.917569
vt 0.108229 0.914523
vt 0.122557 0.910729
vt 0.121210 0.906985
vt 0.136037 0.908333
vt 0.136037 0.904389
vt 0.149468 0.910729
vt 0.150816 0.906985
vt 0.161300 0.917569
vt 0.163846 0.914523
vt 0.170037 0.928004
vt 0.119762 0.938239
vt 0.123955 0.933246
vt 0.129597 0.930001
vt 0.136037 0.928853
vt 0.142428 0.930001
vt 0.148120 0.933246
vt 0.152314 0.938239
vt 0.154510 0.944379
vt 0.154510 0.950920
vt 0.149417 0.950021
vt 0.149417 0.945278
vt 0.147820 0.940835
vt 0.144775 0.937240
vt 0.140680 0.934844
vt 0.136037 0.934045
vt 0.131344 0.934844
vt 0.127250 0.937240
vt 0.124205 0.940835
vt 0.117515 0.944379
vt 0.122607 0.945278
vt 0.127350 0.942632
vt 0.129547 0.939986
vt 0.132592 0.938239
vt 0.136037 0.937640
vt 0.139432 0.938239
vt 0.142478 0.939986
vt 0.144724 0.942632
vt 0.145923 0.945927
vt 0.124205 0.954464
vt 0.122607 0.950021
vt 0.126151 0.949422
vt 0.126151 0.945927
vt 0.127250 0.958109
vt 0.131344 0.960456
vt 0.136037 0.961254
vt 0.140680 0.960456
vt 0.144775 0.958109
vt 0.147820 0.954464
vt 0.145923 0.949422
vt 0.144724 0.952667
vt 0.142478 0.955363
vt 0.139432 0.957111
vt 0.136037 0.957709
vt 0.132592 0.957111
vt 0.129547 0.955363
vt 0.127350 0.952667
vt 0.325406 0.654259
vt 0.348923 0.657255
vt 0.367595 0.662946
vt 0.229299 0.641678
vt 0.288861 0.649316
vt 0.318517 0.649765
vt 0.314523 0.645771
vt 0.296250 0.646021
vt 0.306285 0.635287
vt 0.313225 0.613569
vt 0.444281 0.569485
vt 0.417471 0.569485
vt 0.417471 0.572380
vt 0.444281 0.568686
vt 0.417471 0.568686
vt 0.444281 0.570583
vt 0.417471 0.570583
vt 0.444281 0.574877
vt 0.417471 0.574877
vt 0.444281 0.581816
vt 0.417471 0.581816
vt 0.444281 0.592550
vt 0.417471 0.592550
vt 0.444281 0.598741
vt 0.417471 0.598741
vt 0.415873 0.602486
vt 0.412029 0.606230
vt 0.445879 0.602486
vt 0.449722 0.606230
vt 0.449722 0.612571
vt 0.412029 0.612571
vt 0.449722 0.623405
vt 0.412029 0.623405
vt 0.414675 0.631642
vt 0.447077 0.631642
vt 0.416522 0.640529
vt 0.445229 0.640529
vt 0.417371 0.647319
vt 0.444381 0.647319
vt 0.444381 0.650015
vt 0.417371 0.650015
vt 0.444231 0.658403
vt 0.417521 0.658403
vt 0.444231 0.654759
vt 0.417521 0.654759
vt 0.444231 0.643075
vt 0.417521 0.643075
vt 0.444281 0.627998
vt 0.417471 0.627998
vt 0.444281 0.619011
vt 0.417471 0.619011
vt 0.444281 0.609076
vt 0.417471 0.609076
vt 0.444281 0.598142
vt 0.417471 0.598142
vt 0.444281 0.590104
vt 0.417471 0.590104
vt 0.444281 0.582715
vt 0.417471 0.582715
vt 0.444281 0.577024
vt 0.417471 0.577024
vt 0.444281 0.572380
vt 0.036235 0.683366
vt 0.036235 0.684315
vt 0.036235 0.684864
vt 0.036235 0.679072
vt 0.036235 0.677774
vt 0.036235 0.676776
vt 0.036235 0.682068
vt 0.036235 0.680570
vt 0.036235 0.676276
vt 0.049815 0.678324
vt 0.049815 0.679672
vt 0.049815 0.678024
vt 0.049815 0.680570
vt 0.049815 0.683117
vt 0.048817 0.682218
vt 0.048817 0.682816
vt 0.048817 0.683117
vt 0.048817 0.681419
vt 0.048817 0.680570
vt 0.048817 0.679672
vt 0.048817 0.678024
vt 0.184715 0.851218
vt 0.186562 0.851218
vt 0.186562 0.868143
vt 0.184715 0.868143
vt 0.184715 0.843129
vt 0.189958 0.843129
vt 0.178774 0.843129
vt 0.178774 0.851218
vt 0.178774 0.868143
vt 0.178774 0.876181
vt 0.184715 0.876181
vt 0.189958 0.876181
vt 0.323061 0.843129
vt 0.323061 0.876181
vt 0.334295 0.872386
vt 0.334295 0.876181
vt 0.343631 0.876131
vt 0.343631 0.866994
vt 0.343631 0.852266
vt 0.334295 0.846924
vt 0.343631 0.843179
vt 0.334295 0.843129
vt 0.128598 0.796498
vt 0.120760 0.791955
vt 0.114919 0.785065
vt 0.137485 0.746023
vt 0.146373 0.747621
vt 0.154211 0.752114
vt 0.120760 0.752114
vt 0.160001 0.785065
vt 0.146373 0.796498
vt 0.137485 0.798046
vt 0.128598 0.747621
vt 0.154211 0.791955
vt 0.160001 0.759054
vt 0.163097 0.767542
vt 0.163097 0.776578
vt 0.111874 0.776578
vt 0.111874 0.767542
vt 0.114919 0.759054
vt 0.475085 0.611922
vt 0.485870 0.608427
vt 0.492510 0.599241
vt 0.467996 0.603334
vt 0.475085 0.605631
vt 0.464301 0.608427
vt 0.463653 0.597343
vt 0.457662 0.599241
vt 0.485870 0.578771
vt 0.492510 0.587907
vt 0.475085 0.575276
vt 0.464301 0.578771
vt 0.469844 0.591901
vt 0.469844 0.595297
vt 0.463653 0.589854
vt 0.457662 0.587907
vt 0.467996 0.583863
vt 0.475085 0.581517
vt 0.482174 0.583863
vt 0.486569 0.589854
vt 0.486569 0.597343
vt 0.482174 0.603334
vt 0.471841 0.589156
vt 0.475085 0.588107
vt 0.478331 0.589156
vt 0.480328 0.591901
vt 0.480328 0.595297
vt 0.478331 0.598042
vt 0.475085 0.599091
vt 0.471841 0.598042
vt 0.358858 0.597093
vt 0.346976 0.597093
vt 0.296799 0.565590
vt 0.368693 0.565590
vt 0.368693 0.587259
vt 0.397550 0.533388
vt 0.399398 0.538081
vt 0.395653 0.539479
vt 0.395653 0.557802
vt 0.388214 0.530642
vt 0.415474 0.535186
vt 0.399398 0.559200
vt 0.397550 0.563893
vt 0.394106 0.561846
vt 0.415474 0.562096
vt 0.390560 0.527896
vt 0.399198 0.523852
vt 0.412828 0.526648
vt 0.407834 0.524002
vt 0.390560 0.525450
vt 0.388214 0.566639
vt 0.377380 0.563643
vt 0.391709 0.564642
vt 0.394704 0.567088
vt 0.407834 0.573279
vt 0.412828 0.570633
vt 0.390560 0.569385
vt 0.399198 0.573429
vt 0.390560 0.571831
vt 0.302291 0.535784
vt 0.302291 0.561496
vt 0.293804 0.561496
vt 0.309880 0.535784
vt 0.309880 0.561496
vt 0.316171 0.535784
vt 0.316171 0.561496
vt 0.327304 0.535834
vt 0.327304 0.561397
vt 0.334593 0.535834
vt 0.334593 0.561397
vt 0.338637 0.535834
vt 0.338637 0.561397
vt 0.344828 0.535834
vt 0.344828 0.561397
vt 0.362452 0.535735
vt 0.362452 0.561496
vt 0.377380 0.533638
vt 0.221710 0.535784
vt 0.221710 0.561496
vt 0.214371 0.561496
vt 0.229299 0.535784
vt 0.229299 0.561496
vt 0.237686 0.535784
vt 0.237686 0.561496
vt 0.247522 0.535784
vt 0.247522 0.561496
vt 0.258406 0.535784
vt 0.258406 0.561496
vt 0.268341 0.535784
vt 0.268341 0.561496
vt 0.277029 0.535784
vt 0.277029 0.561496
vt 0.286265 0.535784
vt 0.286265 0.561496
vt 0.293804 0.535784
vt 0.177527 0.566639
vt 0.167241 0.566639
vt 0.169937 0.548515
vt 0.167241 0.530642
vt 0.177527 0.530592
vt 0.181869 0.530692
vt 0.181869 0.566689
vt 0.189208 0.530742
vt 0.189208 0.566739
vt 0.195799 0.530742
vt 0.195799 0.566739
vt 0.198545 0.563044
vt 0.201341 0.561546
vt 0.198545 0.534337
vt 0.201341 0.535834
vt 0.205883 0.535784
vt 0.205883 0.561446
vt 0.214371 0.535784
vt 0.377230 0.643825
vt 0.371589 0.639431
vt 0.367695 0.633390
vt 0.366496 0.619261
vt 0.379127 0.604583
vt 0.374185 0.607379
vt 0.369392 0.612671
vt 0.365946 0.626400
vt 0.379177 0.599191
vt 0.394605 0.599191
vt 0.394605 0.604583
vt 0.407834 0.626400
vt 0.377480 0.648767
vt 0.402194 0.639431
vt 0.396501 0.643825
vt 0.396252 0.648767
vt 0.406088 0.633390
vt 0.399548 0.607379
vt 0.404390 0.612671
vt 0.407236 0.619261
vt 0.365048 0.612621
vt 0.365048 0.610574
vt 0.364549 0.608527
vt 0.363701 0.606480
vt 0.362902 0.618063
vt 0.363451 0.616714
vt 0.364499 0.614668
vt 0.361803 0.626600
vt 0.362852 0.625252
vt 0.363551 0.623305
vt 0.362902 0.619411
vt 0.359706 0.638832
vt 0.347425 0.605182
vt 0.347425 0.602985
vt 0.363300 0.605182
vt 0.363300 0.602985
vt 0.363500 0.621358
vt 0.360306 0.636136
vt 0.361753 0.632841
vt 0.346226 0.614668
vt 0.347274 0.616714
vt 0.347824 0.618063
vt 0.351019 0.638832
vt 0.348923 0.626600
vt 0.350420 0.636136
vt 0.348923 0.632841
vt 0.345677 0.612621
vt 0.347175 0.623305
vt 0.347874 0.625252
vt 0.347824 0.619411
vt 0.347224 0.621358
vt 0.363002 0.650465
vt 0.345727 0.652562
vt 0.364999 0.652562
vt 0.347724 0.650465
vt 0.349122 0.648667
vt 0.350321 0.646271
vt 0.351019 0.640779
vt 0.361604 0.648667
vt 0.360405 0.646271
vt 0.359706 0.640779
vt 0.457312 0.844827
vt 0.491661 0.801541
vt 0.494756 0.807632
vt 0.496403 0.813673
vt 0.489964 0.797547
vt 0.492409 0.831896
vt 0.491212 0.835940
vt 0.491212 0.838986
vt 0.494855 0.825855
vt 0.496403 0.819764
vt 0.443931 0.801541
vt 0.440836 0.807632
vt 0.443183 0.831896
vt 0.439188 0.819764
vt 0.440736 0.825855
vt 0.439188 0.813673
vt 0.486867 0.772185
vt 0.490013 0.793503
vt 0.492010 0.781970
vt 0.491861 0.787711
vt 0.489864 0.776228
vt 0.452968 0.713721
vt 0.449423 0.706632
vt 0.459707 0.706632
vt 0.460856 0.713721
vt 0.455014 0.730047
vt 0.461955 0.730047
vt 0.461955 0.735888
vt 0.473638 0.730047
vt 0.473638 0.735888
vt 0.480578 0.730047
vt 0.480578 0.735888
vt 0.474586 0.743826
vt 0.482274 0.743826
vt 0.477682 0.753662
vt 0.486818 0.753662
vt 0.448725 0.772185
vt 0.445629 0.797547
vt 0.455014 0.735888
vt 0.461005 0.743826
vt 0.453318 0.743826
vt 0.457862 0.753662
vt 0.448725 0.753662
vt 0.445579 0.793503
vt 0.443582 0.781970
vt 0.443731 0.787711
vt 0.445729 0.776228
vt 0.168290 0.770038
vt 0.169338 0.770936
vt 0.168839 0.771985
vt 0.167491 0.771785
vt 0.155060 0.799444
vt 0.155709 0.798146
vt 0.157106 0.799444
vt 0.156706 0.795151
vt 0.161849 0.801291
vt 0.170287 0.791306
vt 0.163297 0.787262
vt 0.174730 0.779024
vt 0.166792 0.777626
vt 0.170836 0.775629
vt 0.169039 0.775130
vt 0.169738 0.773982
vt 0.169039 0.773083
vt 0.167790 0.773682
vt 0.166792 0.767342
vt 0.169887 0.768990
vt 0.170836 0.774281
vt 0.170287 0.770337
vt 0.172683 0.773083
vt 0.171934 0.773982
vt 0.172683 0.775130
vt 0.173931 0.773682
vt 0.174231 0.771785
vt 0.172833 0.771985
vt 0.172384 0.770936
vt 0.173432 0.770038
vt 0.171435 0.770337
vt 0.171784 0.768990
vt 0.174730 0.765944
vt 0.170287 0.753712
vt 0.163297 0.757706
vt 0.161849 0.743677
vt 0.156706 0.749867
vt 0.157106 0.745224
vt 0.155709 0.746522
vt 0.155109 0.745324
vt 0.153960 0.745574
vt 0.152913 0.745125
vt 0.153861 0.746872
vt 0.152063 0.746173
vt 0.147820 0.744725
vt 0.150965 0.744625
vt 0.150566 0.737136
vt 0.150865 0.742728
vt 0.153761 0.741480
vt 0.154959 0.741580
vt 0.155858 0.742329
vt 0.152164 0.743028
vt 0.152213 0.744176
vt 0.156208 0.743427
vt 0.155958 0.744525
vt 0.151814 0.741031
vt 0.152763 0.742029
vt 0.153511 0.740182
vt 0.155409 0.740382
vt 0.156957 0.741530
vt 0.157555 0.743327
vt 0.155409 0.804287
vt 0.153511 0.804487
vt 0.153811 0.803039
vt 0.150566 0.807832
vt 0.165992 0.806234
vt 0.175828 0.794501
vt 0.181021 0.780173
vt 0.181021 0.764895
vt 0.175828 0.750516
vt 0.165992 0.738833
vt 0.152763 0.731195
vt 0.137735 0.728549
vt 0.137686 0.734890
vt 0.137686 0.742928
vt 0.124854 0.737136
vt 0.127601 0.744725
vt 0.123856 0.741879
vt 0.122508 0.740581
vt 0.124306 0.743726
vt 0.123157 0.743677
vt 0.122856 0.742479
vt 0.121958 0.741629
vt 0.120610 0.740182
vt 0.118812 0.740930
vt 0.113521 0.743677
vt 0.117715 0.742479
vt 0.117615 0.744376
vt 0.118763 0.744076
vt 0.119412 0.745174
vt 0.118862 0.742828
vt 0.120710 0.741380
vt 0.119561 0.741830
vt 0.118613 0.746023
vt 0.105833 0.770986
vt 0.104934 0.770387
vt 0.100690 0.765944
vt 0.112122 0.757706
vt 0.105134 0.753712
vt 0.118713 0.749867
vt 0.120312 0.746922
vt 0.120511 0.745773
vt 0.121759 0.745623
vt 0.122757 0.744875
vt 0.123706 0.745524
vt 0.122208 0.746722
vt 0.101040 0.771785
vt 0.100690 0.779024
vt 0.101289 0.773682
vt 0.102537 0.775130
vt 0.102587 0.773083
vt 0.103336 0.773932
vt 0.102438 0.771985
vt 0.103836 0.770387
vt 0.102886 0.770986
vt 0.101789 0.770038
vt 0.118963 0.800593
vt 0.120560 0.799095
vt 0.122557 0.799893
vt 0.119561 0.799644
vt 0.118613 0.798645
vt 0.117615 0.800293
vt 0.118713 0.795151
vt 0.113521 0.801291
vt 0.112122 0.787262
vt 0.105134 0.791306
vt 0.108578 0.777626
vt 0.104384 0.775629
vt 0.104384 0.774231
vt 0.106131 0.773083
vt 0.105432 0.773932
vt 0.106232 0.775130
vt 0.107479 0.773682
vt 0.107730 0.771785
vt 0.106931 0.770038
vt 0.106331 0.771985
vt 0.122657 0.731195
vt 0.109426 0.738833
vt 0.099641 0.750516
vt 0.094399 0.764895
vt 0.094399 0.780173
vt 0.099641 0.794501
vt 0.109426 0.806234
vt 0.122657 0.813823
vt 0.124854 0.807832
vt 0.137735 0.816519
vt 0.137686 0.810079
vt 0.152763 0.813823
vt 0.150965 0.800044
vt 0.150865 0.801941
vt 0.147820 0.800243
vt 0.152364 0.800542
vt 0.152314 0.801591
vt 0.152862 0.802539
vt 0.151814 0.803588
vt 0.137686 0.802041
vt 0.127601 0.800243
vt 0.123856 0.802789
vt 0.122508 0.804087
vt 0.122657 0.802090
vt 0.121859 0.802839
vt 0.122957 0.800992
vt 0.124306 0.800942
vt 0.123706 0.799095
vt 0.122208 0.797946
vt 0.120312 0.797746
vt 0.121659 0.799194
vt 0.118812 0.803737
vt 0.120610 0.804437
vt 0.120760 0.803089
vt 0.119712 0.802639
vt 0.119063 0.801740
vt 0.117715 0.802190
vt 0.244727 0.922412
vt 0.247672 0.911378
vt 0.253014 0.904239
vt 0.250817 0.895851
vt 0.253014 0.887514
vt 0.281571 0.904239
vt 0.285816 0.911378
vt 0.279126 0.913425
vt 0.271586 0.907983
vt 0.283768 0.895851
vt 0.281571 0.887514
vt 0.267293 0.879176
vt 0.259054 0.881422
vt 0.275530 0.881422
vt 0.279126 0.931149
vt 0.281972 0.922262
vt 0.266943 0.922262
vt 0.262300 0.907983
vt 0.254762 0.913425
vt 0.251866 0.922262
vt 0.254762 0.931149
vt 0.262300 0.936591
vt 0.271586 0.936591
vt 0.266744 0.944379
vt 0.285816 0.933396
vt 0.277777 0.941434
vt 0.288761 0.922412
vt 0.255760 0.941434
vt 0.247672 0.933396
vt 0.227801 0.609226
vt 0.228600 0.624453
vt 0.226754 0.590104
vt 0.234242 0.588706
vt 0.243078 0.580418
vt 0.238486 0.582565
vt 0.238985 0.571282
vt 0.237438 0.576973
vt 0.222409 0.586360
vt 0.217267 0.600639
vt 0.221161 0.602336
vt 0.215669 0.614617
vt 0.218715 0.615117
vt 0.216269 0.628547
vt 0.218715 0.624453
vt 0.234242 0.628547
vt 0.233293 0.611572
vt 0.156108 0.801242
vt 0.154859 0.802939
vt 0.155709 0.802240
vt 0.156957 0.803139
vt 0.157555 0.801291
vt 0.155808 0.800193
vt 0.154010 0.799244
vt 0.153013 0.799644
vt 0.152063 0.798496
vt 0.153861 0.797797
vt 0.458360 0.701239
vt 0.451171 0.694999
vt 0.484421 0.694999
vt 0.477233 0.701239
vt 0.475835 0.706632
vt 0.474736 0.713721
vt 0.482624 0.713721
vt 0.486169 0.706632
vt 0.490313 0.701239
vt 0.494906 0.694999
vt 0.494906 0.673481
vt 0.484421 0.673780
vt 0.451171 0.673780
vt 0.440637 0.673481
vt 0.440637 0.694999
vt 0.445280 0.701239
vt 0.493658 0.990461
vt 0.493458 0.996402
vt 0.336491 0.996452
vt 0.336441 0.990611
vt 0.291258 0.996452
vt 0.291258 0.990611
vt 0.336441 0.985519
vt 0.291208 0.985519
vt 0.336441 0.979627
vt 0.291208 0.979627
vt 0.336391 0.973986
vt 0.291208 0.973986
vt 0.336391 0.967645
vt 0.291158 0.967645
vt 0.336341 0.960505
vt 0.291158 0.960505
vt 0.336341 0.952967
vt 0.291158 0.952967
vt 0.336341 0.945478
vt 0.291108 0.945428
vt 0.494906 0.985519
vt 0.496554 0.979577
vt 0.497902 0.972438
vt 0.497902 0.967345
vt 0.497852 0.959657
vt 0.497852 0.951219
vt 0.497852 0.946376
vt 0.497852 0.937939
vt 0.336341 0.937939
vt 0.497852 0.929502
vt 0.336341 0.930400
vt 0.291108 0.937939
vt 0.291108 0.930400
vt 0.336341 0.922861
vt 0.291158 0.922861
vt 0.336341 0.915323
vt 0.291158 0.915323
vt 0.336391 0.907684
vt 0.291158 0.907684
vt 0.336391 0.901592
vt 0.291208 0.901543
vt 0.336441 0.895951
vt 0.291208 0.895901
vt 0.336441 0.890060
vt 0.291208 0.890060
vt 0.336441 0.884968
vt 0.291258 0.884968
vt 0.336491 0.879126
vt 0.291258 0.879126
vt 0.497852 0.924658
vt 0.497852 0.916221
vt 0.497902 0.909980
vt 0.497902 0.903290
vt 0.496604 0.896101
vt 0.494906 0.890060
vt 0.493708 0.885067
vt 0.493458 0.879176
vt 0.008277 0.865047
vt 0.008277 0.850469
vt 0.089806 0.850469
vt 0.089806 0.865047
vt 0.008277 0.881622
vt 0.089806 0.881622
vt 0.008277 0.898198
vt 0.089806 0.898198
vt 0.008277 0.912776
vt 0.089806 0.912776
vt 0.008277 0.928553
vt 0.089806 0.928553
vt 0.008277 0.945428
vt 0.089806 0.945428
vt 0.008277 0.961205
vt 0.089806 0.961205
vt 0.008277 0.977780
vt 0.089806 0.977780
vt 0.008277 0.994355
vt 0.089806 0.994355
vt 0.008277 0.720910
vt 0.008277 0.705084
vt 0.089806 0.705084
vt 0.089806 0.720910
vt 0.008277 0.737735
vt 0.089806 0.737735
vt 0.008277 0.753512
vt 0.089806 0.753512
vt 0.008277 0.769339
vt 0.089806 0.769339
vt 0.008277 0.786164
vt 0.089806 0.786164
vt 0.008277 0.801990
vt 0.089806 0.801990
vt 0.008277 0.817817
vt 0.089806 0.817817
vt 0.008277 0.834642
vt 0.089806 0.834642
vt 0.159352 0.890809
vt 0.147171 0.897848
vt 0.144874 0.891508
vt 0.133341 0.893555
vt 0.133341 0.900295
vt 0.121759 0.891508
vt 0.119461 0.897848
vt 0.111624 0.885616
vt 0.107280 0.890809
vt 0.104084 0.876630
vt 0.098194 0.880025
vt 0.100041 0.865646
vt 0.093400 0.866794
vt 0.100041 0.853914
vt 0.093400 0.852715
vt 0.104084 0.842880
vt 0.098194 0.839485
vt 0.111624 0.833893
vt 0.107280 0.828701
vt 0.121759 0.828002
vt 0.155010 0.885616
vt 0.142428 0.884718
vt 0.133341 0.886316
vt 0.124255 0.884718
vt 0.116267 0.880125
vt 0.110325 0.873035
vt 0.107181 0.864398
vt 0.107181 0.855161
vt 0.110325 0.846474
vt 0.116267 0.839435
vt 0.124255 0.834791
vt 0.133341 0.833194
vt 0.133341 0.825955
vt 0.142428 0.834791
vt 0.144874 0.828002
vt 0.150416 0.839435
vt 0.155010 0.833893
vt 0.156308 0.846474
vt 0.162598 0.842880
vt 0.159453 0.855161
vt 0.166592 0.853914
vt 0.159453 0.864398
vt 0.166592 0.865646
vt 0.156308 0.873035
vt 0.162598 0.876630
vt 0.150416 0.880125
vt 0.119461 0.821661
vt 0.133341 0.819215
vt 0.147171 0.821661
vt 0.159352 0.828701
vt 0.168439 0.839485
vt 0.173232 0.852715
vt 0.173232 0.866794
vt 0.168439 0.880025
vt 0.482774 0.514416
vt 0.482774 0.509973
vt 0.494756 0.509324
vt 0.494756 0.504631
vt 0.482774 0.506378
vt 0.494756 0.502883
vt 0.482774 0.505030
vt 0.494756 0.515065
vt 0.494756 0.519758
vt 0.482774 0.518011
vt 0.494756 0.521505
vt 0.482774 0.519409
vt 0.497752 0.518011
vt 0.497752 0.514416
vt 0.497752 0.509973
vt 0.497752 0.506378
vt 0.497752 0.505030
vt 0.497752 0.519409
vt 0.479779 0.508126
vt 0.479779 0.507177
vt 0.479779 0.510622
vt 0.479779 0.513767
vt 0.479779 0.516264
vt 0.479779 0.517262
vt 0.450821 0.514416
vt 0.450821 0.509973
vt 0.450821 0.506378
vt 0.450821 0.505030
vt 0.450821 0.518011
vt 0.450821 0.519409
vt 0.073780 0.216594
vt 0.073532 0.216644
vt 0.074077 0.216594
vt 0.276957 0.094817
vt 0.267384 0.094866
vt 0.267384 0.105531
vt 0.403745 0.117882
vt 0.332960 0.117882
vt 0.332960 0.102902
vt 0.334547 0.040600
vt 0.334547 0.087426
vt 0.327553 0.092089
vt 0.411384 0.092089
vt 0.404389 0.087426
vt 0.411384 0.035887
vt 0.404389 0.040600
vt 0.327553 0.035887
vt 0.305182 0.010589
vt 0.314556 0.010589
vt 0.322890 0.017831
vt 0.296798 0.017831
vt 0.296798 0.084450
vt 0.314556 0.091692
vt 0.322890 0.084450
vt 0.305182 0.091692
vt 0.073780 0.217289
vt 0.074027 0.217289
vt 0.074275 0.217239
vt 0.074027 0.217388
vt 0.074275 0.217338
vt 0.073730 0.217388
vt 0.073482 0.217289
vt 0.073532 0.217239
vt 0.074325 0.216694
vt 0.074325 0.216594
vt 0.074077 0.216545
vt 0.073780 0.216545
vt 0.073532 0.216594
vt 0.287622 0.094817
vt 0.276957 0.105531
vt 0.267384 0.121255
vt 0.276957 0.121255
vt 0.267384 0.148240
vt 0.276957 0.148240
vt 0.287622 0.121255
vt 0.287622 0.148240
vt 0.297145 0.148240
vt 0.297145 0.121255
vt 0.297145 0.105531
vt 0.287622 0.105531
vt 0.297145 0.094866
vt 0.276957 0.148339
vt 0.267384 0.148339
vt 0.276957 0.094866
vt 0.287622 0.105630
vt 0.287622 0.094966
vt 0.297145 0.105630
vt 0.297145 0.094966
vt 0.297145 0.121355
vt 0.287622 0.121355
vt 0.287622 0.148339
vt 0.297145 0.148339
vt 0.074226 0.215701
vt 0.073680 0.215652
vt 0.073432 0.215751
vt 0.074474 0.215751
vt 0.074424 0.216495
vt 0.073630 0.216594
vt 0.073383 0.216495
vt 0.074176 0.216594
vt 0.286481 0.025570
vt 0.286481 0.074975
vt 0.283803 0.079688
vt 0.275865 0.074975
vt 0.278544 0.079688
vt 0.283803 0.020857
vt 0.278544 0.020857
vt 0.275865 0.025570
vt 0.267978 0.015401
vt 0.267978 0.084599
vt 0.274577 0.091245
vt 0.287771 0.091245
vt 0.294368 0.084599
vt 0.294368 0.015401
vt 0.287771 0.008804
vt 0.274577 0.008804
vt 0.270905 0.152109
vt 0.273733 0.152109
vt 0.276014 0.152060
vt 0.268624 0.152060
vt 0.267731 0.152010
vt 0.276014 0.151911
vt 0.276857 0.152010
vt 0.276857 0.189957
vt 0.276014 0.190007
vt 0.273733 0.190056
vt 0.270905 0.190056
vt 0.268624 0.190007
vt 0.267731 0.189957
vt 0.268624 0.189858
vt 0.268624 0.151911
vt 0.270905 0.189808
vt 0.273733 0.151861
vt 0.270905 0.151861
vt 0.273733 0.189808
vt 0.276014 0.189858
vt 0.075020 0.216247
vt 0.075020 0.216743
vt 0.077698 0.216743
vt 0.077698 0.216247
vt 0.305082 0.148587
vt 0.299031 0.148587
vt 0.299278 0.143032
vt 0.305082 0.143032
vt 0.320459 0.099926
vt 0.320410 0.143081
vt 0.305082 0.099926
vt 0.299278 0.099926
vt 0.299031 0.094122
vt 0.305082 0.094122
vt 0.290945 0.189907
vt 0.285389 0.189907
vt 0.280926 0.186633
vt 0.297145 0.181326
vt 0.295459 0.186633
vt 0.290945 0.172794
vt 0.295459 0.176068
vt 0.280926 0.176068
vt 0.279190 0.181326
vt 0.285389 0.172794
vt 0.072737 0.215106
vt 0.072638 0.216991
vt 0.082113 0.217041
vt 0.082262 0.215156
vt 0.371700 0.018377
vt 0.371700 0.009448
vt 0.328644 0.009448
vt 0.328644 0.018377
vt 0.074672 0.216197
vt 0.074672 0.216346
vt 0.074672 0.216842
vt 0.074672 0.216694
vt 0.075020 0.216991
vt 0.075020 0.216694
vt 0.075020 0.216197
vt 0.075020 0.216495
vt 0.411384 0.020956
vt 0.327553 0.020956
vt 0.327553 0.033804
vt 0.411384 0.033804
vt 0.077698 0.216148
vt 0.075070 0.216247
vt 0.075070 0.216098
vt 0.075070 0.216495
vt 0.075070 0.216197
vt 0.077698 0.216495
vt 0.328396 0.018526
vt 0.328396 0.009647
vt 0.371453 0.009647
vt 0.371453 0.018526
vt 0.077996 0.216743
vt 0.077996 0.216842
vt 0.078046 0.216346
vt 0.078046 0.216247
vt 0.077648 0.216743
vt 0.077648 0.216991
vt 0.326214 0.126414
vt 0.410441 0.126414
vt 0.410441 0.142387
vt 0.326214 0.142387
vt 0.079583 0.216594
vt 0.079583 0.216743
vt 0.081071 0.216743
vt 0.081071 0.216594
vt 0.403745 0.102902
vt 0.326214 0.124281
vt 0.410441 0.124281
vt 0.410441 0.096503
vt 0.326214 0.096503
vt 0.081022 0.216545
vt 0.081022 0.216694
vt 0.079633 0.216694
vt 0.079633 0.216545
vt 0.079633 0.216892
vt 0.079633 0.216594
vt 0.081022 0.216594
vt 0.081022 0.216892
vt 0.081269 0.215999
vt 0.081518 0.215900
vt 0.081616 0.215801
vt 0.080576 0.215999
vt 0.080922 0.215999
vt 0.080228 0.215801
vt 0.080326 0.215900
vt 0.080576 0.215652
vt 0.081269 0.215652
vt 0.081518 0.215701
vt 0.080326 0.215701
vt 0.080922 0.215602
vt 0.270905 0.151812
vt 0.273733 0.151812
vt 0.276014 0.151812
vt 0.276857 0.151712
vt 0.276014 0.151663
vt 0.267731 0.151712
vt 0.268624 0.151812
vt 0.273733 0.151613
vt 0.270905 0.151613
vt 0.268624 0.151663
vt 0.273733 0.189560
vt 0.276014 0.189610
vt 0.276857 0.189659
vt 0.276014 0.189758
vt 0.273733 0.189758
vt 0.270905 0.189758
vt 0.268624 0.189758
vt 0.267731 0.189659
vt 0.268624 0.189610
vt 0.270905 0.189560
vt 0.028937 0.181177
vt 0.011527 0.185989
vt 0.011527 0.172992
vt 0.252155 0.034597
vt 0.252155 0.172397
vt 0.245210 0.168181
vt 0.259992 0.014558
vt 0.259992 0.185989
vt 0.265300 0.191147
vt 0.006913 0.191147
vt 0.006913 0.009299
vt 0.011527 0.014558
vt 0.265300 0.009299
vt 0.241391 0.181177
vt 0.243772 0.177110
vt 0.247542 0.174034
vt 0.029780 0.185989
vt 0.026507 0.177110
vt 0.032310 0.172695
vt 0.034592 0.176366
vt 0.235091 0.176366
vt 0.237323 0.172695
vt 0.240845 0.169768
vt 0.026507 0.029835
vt 0.028937 0.025669
vt 0.034592 0.029786
vt 0.035386 0.025619
vt 0.234992 0.029786
vt 0.234248 0.025619
vt 0.240498 0.021105
vt 0.029780 0.021105
vt 0.018123 0.034597
vt 0.018123 0.172397
vt 0.022886 0.174084
vt 0.028937 0.169867
vt 0.245210 0.038219
vt 0.022736 0.032911
vt 0.028739 0.036631
vt 0.032310 0.033705
vt 0.024423 0.038219
vt 0.024423 0.168181
vt 0.028739 0.169768
vt 0.240845 0.036631
vt 0.237323 0.033705
vt 0.243772 0.029835
vt 0.241341 0.025669
vt 0.247542 0.032911
vt 0.075070 0.216991
vt 0.075070 0.216942
vt 0.075070 0.216842
vt 0.077648 0.216842
vt 0.077648 0.216942
vt 0.077648 0.217041
vt 0.075070 0.216743
vt 0.079633 0.216991
vt 0.079633 0.216942
vt 0.079633 0.216793
vt 0.081022 0.216793
vt 0.081022 0.216942
vt 0.081022 0.216743
vt 0.081022 0.217041
vt 0.079633 0.216743
vt 0.310440 0.160393
vt 0.316045 0.154738
vt 0.323733 0.152704
vt 0.323733 0.183409
vt 0.316045 0.181376
vt 0.310440 0.175721
vt 0.337027 0.160393
vt 0.308356 0.168032
vt 0.335390 0.147843
vt 0.343972 0.156375
vt 0.331422 0.154738
vt 0.323733 0.144718
vt 0.312076 0.147843
vt 0.303494 0.156375
vt 0.300370 0.168032
vt 0.303494 0.179739
vt 0.312076 0.188271
vt 0.323733 0.191396
vt 0.335390 0.188271
vt 0.331422 0.181376
vt 0.343972 0.179739
vt 0.337027 0.175721
vt 0.347097 0.168032
vt 0.339110 0.168032
vt 0.305132 0.099926
vt 0.305132 0.094122
vt 0.299081 0.094122
vt 0.409399 0.386686
vt 0.374230 0.386686
vt 0.374230 0.392093
vt 0.374230 0.394921
vt 0.374230 0.398541
vt 0.409399 0.398541
vt 0.374230 0.234600
vt 0.374230 0.251714
vt 0.374230 0.249333
vt 0.374230 0.381081
vt 0.374230 0.408661
vt 0.374230 0.383909
vt 0.374230 0.407073
vt 0.409399 0.383909
vt 0.409399 0.389514
vt 0.409399 0.392093
vt 0.374230 0.395714
vt 0.409399 0.395714
vt 0.409399 0.394921
vt 0.374230 0.389514
vt 0.409399 0.250871
vt 0.409399 0.249283
vt 0.409399 0.253202
vt 0.374230 0.253202
vt 0.374230 0.416151
vt 0.374230 0.419127
vt 0.374230 0.419077
vt 0.409399 0.419077
vt 0.409399 0.414564
vt 0.409399 0.413274
vt 0.409399 0.408661
vt 0.409399 0.251714
vt 0.409399 0.237031
vt 0.409399 0.235146
vt 0.409399 0.217090
vt 0.374230 0.217090
vt 0.374230 0.216594
vt 0.374230 0.219620
vt 0.374230 0.222795
vt 0.409399 0.222795
vt 0.409399 0.234600
vt 0.409399 0.249333
vt 0.409399 0.381081
vt 0.409399 0.407073
vt 0.374230 0.414564
vt 0.409399 0.416151
vt 0.409399 0.255881
vt 0.374230 0.250871
vt 0.374230 0.241396
vt 0.374230 0.241793
vt 0.374230 0.237031
vt 0.409399 0.220067
vt 0.409399 0.216594
vt 0.374230 0.219918
vt 0.374230 0.231972
vt 0.409399 0.219918
vt 0.409399 0.231972
vt 0.409399 0.219620
vt 0.374230 0.220067
vt 0.374230 0.235146
vt 0.409399 0.241396
vt 0.409399 0.241793
vt 0.374230 0.249283
vt 0.374230 0.255881
vt 0.409399 0.419127
vt 0.374230 0.413274
vt 0.737163 0.743507
vt 0.744242 0.740545
vt 0.726419 0.745515
vt 0.728427 0.750435
vt 0.731439 0.750435
vt 0.727874 0.964109
vt 0.719540 0.964109
vt 0.719540 0.973497
vt 0.734150 0.814598
vt 0.730837 0.815903
vt 0.723457 0.819216
vt 0.814679 0.821325
vt 0.814679 0.821928
vt 0.814679 0.822931
vt 0.846710 0.797678
vt 0.846710 0.802297
vt 0.814679 0.802297
vt 0.755337 0.811937
vt 0.755588 0.808522
vt 0.747355 0.808824
vt 0.848919 0.827048
vt 0.718235 0.827048
vt 0.718235 0.864150
vt 0.848919 0.864150
vt 0.739270 0.755556
vt 0.737213 0.750586
vt 0.734200 0.750586
vt 0.744242 0.754000
vt 0.741881 0.752995
vt 0.740878 0.750586
vt 0.737163 0.757715
vt 0.744242 0.757615
vt 0.746652 0.752995
vt 0.741881 0.748226
vt 0.739270 0.745666
vt 0.754332 0.750586
vt 0.751370 0.743507
vt 0.746652 0.748226
vt 0.744242 0.743607
vt 0.744242 0.747222
vt 0.749211 0.745666
vt 0.751271 0.750586
vt 0.751370 0.757715
vt 0.744242 0.760677
vt 0.749211 0.755556
vt 0.747606 0.750586
vt 0.719138 0.752795
vt 0.721498 0.753749
vt 0.723858 0.752795
vt 0.719138 0.748076
vt 0.718185 0.750435
vt 0.724812 0.750435
vt 0.723858 0.748076
vt 0.721498 0.747122
vt 0.716578 0.745515
vt 0.721498 0.743507
vt 0.726419 0.755355
vt 0.721498 0.757364
vt 0.716578 0.755355
vt 0.714570 0.750435
vt 0.714470 0.743406
vt 0.721498 0.740494
vt 0.728527 0.743406
vt 0.728527 0.757464
vt 0.721498 0.760376
vt 0.714470 0.757464
vt 0.711558 0.750435
vt 0.568422 0.841859
vt 0.568422 0.826145
vt 0.713164 0.826145
vt 0.713164 0.841859
vt 0.568422 0.857573
vt 0.713164 0.857573
vt 0.568422 0.873338
vt 0.713164 0.873338
vt 0.568422 0.889052
vt 0.713164 0.889052
vt 0.568422 0.904766
vt 0.713164 0.904766
vt 0.568422 0.920531
vt 0.713164 0.920531
vt 0.568422 0.936245
vt 0.713164 0.936245
vt 0.568422 0.951959
vt 0.713164 0.951959
vt 0.568422 0.967673
vt 0.713164 0.967673
vt 0.568422 0.983438
vt 0.713164 0.983438
vt 0.562799 0.932881
vt 0.551201 0.948847
vt 0.532475 0.954971
vt 0.551201 0.897235
vt 0.562799 0.913151
vt 0.513698 0.897235
vt 0.532475 0.891111
vt 0.502101 0.932881
vt 0.513698 0.948847
vt 0.502101 0.913151
vt 0.865889 0.693000
vt 0.865236 0.694657
vt 0.853538 0.693703
vt 0.854191 0.692046
vt 0.854793 0.691695
vt 0.854091 0.693351
vt 0.864684 0.694255
vt 0.865336 0.692599
vt 0.546232 0.956980
vt 0.529062 0.963607
vt 0.535939 0.958586
vt 0.525848 0.976811
vt 0.529062 0.989965
vt 0.535939 0.994985
vt 0.546232 0.996592
vt 0.553160 0.996592
vt 0.553160 0.956980
vt 0.555168 0.997094
vt 0.727874 0.997094
vt 0.727874 0.987605
vt 0.555168 0.987605
vt 0.563502 0.987605
vt 0.555168 0.973497
vt 0.563502 0.973497
vt 0.555168 0.964109
vt 0.563502 0.964109
vt 0.555168 0.956578
vt 0.563502 0.956578
vt 0.719540 0.987605
vt 0.727874 0.973497
vt 0.727874 0.958787
vt 0.719540 0.958787
vt 0.754132 0.964360
vt 0.755738 0.970937
vt 0.747454 0.970937
vt 0.737011 0.957683
vt 0.747303 0.959290
vt 0.730083 0.997345
vt 0.730083 0.957683
vt 0.737011 0.997345
vt 0.747303 0.995739
vt 0.747454 0.984091
vt 0.754132 0.990668
vt 0.755738 0.984091
vt 0.666508 0.517289
vt 0.666408 0.517689
vt 0.666408 0.518089
vt 0.666508 0.518189
vt 0.666608 0.517389
vt 0.666608 0.517789
vt 0.666408 0.518289
vt 0.666608 0.517189
vt 0.855546 0.509048
vt 0.801425 0.506939
vt 0.804539 0.509248
vt 0.796906 0.513215
vt 0.792287 0.520495
vt 0.792739 0.511458
vt 0.868349 0.522905
vt 0.795953 0.536711
vt 0.803182 0.541280
vt 0.791686 0.538117
vt 0.850927 0.543137
vt 0.799920 0.543338
vt 0.787117 0.529482
vt 0.791937 0.529080
vt 0.787519 0.519691
vt 0.862726 0.540878
vt 0.867947 0.532644
vt 0.863178 0.531891
vt 0.863529 0.523306
vt 0.859513 0.515675
vt 0.858559 0.539171
vt 0.863780 0.514269
vt 0.852234 0.511106
vt 0.854040 0.545447
vt 0.890239 0.878208
vt 0.894405 0.876501
vt 0.890239 0.872283
vt 0.890239 0.943223
vt 0.894405 0.944930
vt 0.888482 0.944930
vt 0.890239 0.949098
vt 0.857203 0.944930
vt 0.855446 0.949098
vt 0.855446 0.943223
vt 0.851279 0.944930
vt 0.855446 0.878208
vt 0.851279 0.876501
vt 0.857203 0.876501
vt 0.855446 0.872283
vt 0.888482 0.876501
vt 0.843749 0.701385
vt 0.854191 0.702288
vt 0.854191 0.704999
vt 0.843749 0.704146
vt 0.687359 0.748829
vt 0.703926 0.748829
vt 0.703926 0.805310
vt 0.678672 0.796624
vt 0.678672 0.757514
vt 0.549495 0.757514
vt 0.678672 0.748829
vt 0.549495 0.748829
vt 0.678672 0.732311
vt 0.549495 0.732311
vt 0.687359 0.805310
vt 0.524292 0.748829
vt 0.540810 0.748829
vt 0.540810 0.805310
vt 0.524292 0.805310
vt 0.549495 0.796624
vt 0.549495 0.805310
vt 0.678672 0.805310
vt 0.678672 0.821827
vt 0.549495 0.821827
vt 0.645175 0.515250
vt 0.646973 0.513934
vt 0.644487 0.517373
vt 0.651015 0.515250
vt 0.651015 0.519497
vt 0.651703 0.517373
vt 0.654877 0.517373
vt 0.653586 0.513379
vt 0.650183 0.510917
vt 0.649205 0.513934
vt 0.645995 0.510917
vt 0.642604 0.513379
vt 0.641301 0.517373
vt 0.642604 0.521356
vt 0.645175 0.519497
vt 0.645995 0.523829
vt 0.649205 0.520801
vt 0.646973 0.520801
vt 0.650183 0.523829
vt 0.653586 0.521356
vt 0.853739 0.691745
vt 0.854342 0.691795
vt 0.854342 0.692247
vt 0.853739 0.692197
vt 0.853990 0.691645
vt 0.854542 0.691695
vt 0.854542 0.691193
vt 0.853990 0.691193
vt 0.729732 0.683712
vt 0.729732 0.700029
vt 0.666423 0.700029
vt 0.666423 0.683712
vt 0.729732 0.587971
vt 0.666423 0.587971
vt 0.544175 0.518658
vt 0.544175 0.512499
vt 0.545254 0.512499
vt 0.545254 0.518658
vt 0.532801 0.525086
vt 0.532801 0.511285
vt 0.546018 0.511285
vt 0.546018 0.525086
vt 0.714721 0.727441
vt 0.667076 0.727441
vt 0.668833 0.706757
vt 0.713014 0.706757
vt 0.714871 0.726587
vt 0.667879 0.726587
vt 0.669586 0.707007
vt 0.713164 0.707007
vt 0.591366 0.636569
vt 0.514702 0.636569
vt 0.514702 0.716948
vt 0.591366 0.716948
vt 0.599952 0.725935
vt 0.506117 0.725935
vt 0.506117 0.627582
vt 0.599952 0.627582
vt 0.603465 0.729349
vt 0.502603 0.729349
vt 0.502603 0.624169
vt 0.603465 0.624169
vt 0.682489 0.503425
vt 0.752575 0.503425
vt 0.752575 0.516729
vt 0.682489 0.516729
vt 0.752575 0.568039
vt 0.752575 0.585661
vt 0.678021 0.585661
vt 0.678021 0.568039
vt 0.770197 0.568039
vt 0.765880 0.516729
vt 0.542107 0.514387
vt 0.542422 0.513668
vt 0.543141 0.513353
vt 0.544220 0.514387
vt 0.543141 0.515421
vt 0.543905 0.515151
vt 0.543905 0.513668
vt 0.542422 0.515151
vt 0.755788 0.772726
vt 0.757997 0.773680
vt 0.760256 0.772726
vt 0.755788 0.768258
vt 0.754835 0.770517
vt 0.761212 0.770517
vt 0.760256 0.768258
vt 0.757997 0.767354
vt 0.753328 0.765848
vt 0.757997 0.763890
vt 0.762717 0.765848
vt 0.764625 0.770517
vt 0.762717 0.775186
vt 0.757997 0.777144
vt 0.753328 0.775186
vt 0.751420 0.770517
vt 0.751320 0.763790
vt 0.757997 0.761029
vt 0.764725 0.763790
vt 0.767486 0.770517
vt 0.764725 0.777194
vt 0.757997 0.780006
vt 0.751320 0.777194
vt 0.748559 0.770517
vt 0.844501 0.693402
vt 0.844501 0.693201
vt 0.846308 0.693151
vt 0.846308 0.693351
vt 0.729531 0.816807
vt 0.720896 0.817007
vt 0.734954 0.812740
vt 0.724460 0.818564
vt 0.719641 0.819166
vt 0.724310 0.816756
vt 0.713917 0.820170
vt 0.723758 0.814598
vt 0.708495 0.817811
vt 0.714570 0.813443
vt 0.716327 0.814999
vt 0.725164 0.812489
vt 0.731640 0.812890
vt 0.734903 0.810732
vt 0.730385 0.814447
vt 0.730233 0.816455
vt 0.725364 0.810229
vt 0.714972 0.820371
vt 0.706035 0.819267
vt 0.656608 0.543989
vt 0.655308 0.544389
vt 0.653708 0.544289
vt 0.652408 0.543589
vt 0.651908 0.542689
vt 0.656608 0.542189
vt 0.657008 0.543089
vt 0.653708 0.541389
vt 0.655308 0.541489
vt 0.652408 0.541789
vt 0.609791 0.725583
vt 0.606176 0.725282
vt 0.609791 0.668048
vt 0.606176 0.606597
vt 0.652114 0.668048
vt 0.659444 0.601978
vt 0.659444 0.729901
vt 0.652114 0.729299
vt 0.643078 0.591485
vt 0.643781 0.599970
vt 0.502854 0.599970
vt 0.626510 0.591485
vt 0.507925 0.538719
vt 0.626510 0.542886
vt 0.639010 0.542886
vt 0.638710 0.538719
vt 0.845756 0.780458
vt 0.844954 0.780307
vt 0.843849 0.780960
vt 0.845606 0.779404
vt 0.844802 0.779353
vt 0.846410 0.779303
vt 0.841690 0.781562
vt 0.841338 0.781462
vt 0.844452 0.781010
vt 0.845756 0.780106
vt 0.845606 0.779253
vt 0.846560 0.780257
vt 0.844452 0.781362
vt 0.841690 0.781914
vt 0.838225 0.781110
vt 0.838075 0.781613
vt 0.841992 0.782065
vt 0.837925 0.781763
vt 0.845053 0.781411
vt 0.831348 0.782717
vt 0.831800 0.783219
vt 0.829038 0.782014
vt 0.828084 0.782265
vt 0.830846 0.783370
vt 0.827582 0.781964
vt 0.830344 0.783018
vt 0.828535 0.781663
vt 0.829088 0.781362
vt 0.828185 0.781512
vt 0.829791 0.781161
vt 0.829440 0.780659
vt 0.831698 0.780558
vt 0.831850 0.780408
vt 0.838075 0.781261
vt 0.831549 0.781110
vt 0.830444 0.781060
vt 0.828535 0.780859
vt 0.827683 0.781010
vt 0.830093 0.780508
vt 0.831698 0.780960
vt 0.793091 0.821074
vt 0.793091 0.823735
vt 0.774666 0.823735
vt 0.774666 0.822931
vt 0.793091 0.822931
vt 0.774666 0.807217
vt 0.793091 0.807217
vt 0.774666 0.805410
vt 0.793091 0.805410
vt 0.774666 0.802598
vt 0.793091 0.802598
vt 0.774666 0.797728
vt 0.793091 0.797728
vt 0.774666 0.796925
vt 0.793091 0.796925
vt 0.774666 0.797126
vt 0.793091 0.797126
vt 0.774666 0.807669
vt 0.793091 0.807669
vt 0.774666 0.808824
vt 0.793091 0.808824
vt 0.774666 0.814196
vt 0.774666 0.820522
vt 0.774666 0.814045
vt 0.774666 0.809125
vt 0.774666 0.808322
vt 0.774666 0.797879
vt 0.774666 0.798532
vt 0.774666 0.803151
vt 0.774666 0.806665
vt 0.793091 0.803151
vt 0.793091 0.798532
vt 0.793091 0.797879
vt 0.793091 0.808322
vt 0.793091 0.809125
vt 0.793091 0.814045
vt 0.793091 0.820522
vt 0.793091 0.822731
vt 0.793091 0.814196
vt 0.774666 0.821074
vt 0.774666 0.822731
vt 0.793091 0.822128
vt 0.774666 0.822128
vt 0.793091 0.806665
vt 0.718235 0.875647
vt 0.718235 0.871229
vt 0.848919 0.871229
vt 0.848919 0.875647
vt 0.848919 0.948796
vt 0.718235 0.948796
vt 0.718235 0.953215
vt 0.848919 0.953215
vt 0.848919 0.947993
vt 0.848919 0.952411
vt 0.718235 0.952411
vt 0.718235 0.947993
vt 0.848919 0.874844
vt 0.718235 0.874844
vt 0.848919 0.870375
vt 0.718235 0.870375
vt 0.795953 0.804807
vt 0.811517 0.804807
vt 0.811316 0.822429
vt 0.795902 0.803904
vt 0.811517 0.803904
vt 0.795902 0.803351
vt 0.811517 0.803351
vt 0.795902 0.802950
vt 0.811517 0.802950
vt 0.795902 0.800992
vt 0.795803 0.801042
vt 0.795803 0.798130
vt 0.795803 0.804255
vt 0.795902 0.804054
vt 0.795902 0.803201
vt 0.795902 0.802800
vt 0.795902 0.802448
vt 0.811517 0.802448
vt 0.811517 0.802800
vt 0.811517 0.803201
vt 0.811517 0.804054
vt 0.811366 0.798130
vt 0.811517 0.797879
vt 0.811466 0.796323
vt 0.811416 0.801042
vt 0.811416 0.804255
vt 0.796003 0.822128
vt 0.796003 0.822429
vt 0.796003 0.822480
vt 0.811316 0.822480
vt 0.811316 0.815753
vt 0.811316 0.815451
vt 0.811316 0.811786
vt 0.796003 0.813343
vt 0.796003 0.811937
vt 0.795953 0.811786
vt 0.795953 0.803201
vt 0.811316 0.801645
vt 0.811466 0.796875
vt 0.811316 0.822128
vt 0.796003 0.822179
vt 0.796003 0.817309
vt 0.811316 0.811937
vt 0.811316 0.810380
vt 0.796003 0.803502
vt 0.795902 0.796875
vt 0.811366 0.796724
vt 0.811316 0.822179
vt 0.796003 0.817007
vt 0.796003 0.813493
vt 0.811316 0.810229
vt 0.811316 0.801946
vt 0.795803 0.797276
vt 0.795902 0.796373
vt 0.811366 0.797227
vt 0.795803 0.796774
vt 0.795902 0.797879
vt 0.811517 0.800992
vt 0.814679 0.808021
vt 0.814679 0.806866
vt 0.846710 0.806866
vt 0.846710 0.796273
vt 0.814679 0.796273
vt 0.846710 0.796072
vt 0.814679 0.796072
vt 0.846710 0.796875
vt 0.814679 0.796875
vt 0.846710 0.801745
vt 0.814679 0.801745
vt 0.846710 0.804557
vt 0.814679 0.804557
vt 0.846710 0.806364
vt 0.814679 0.806364
vt 0.846710 0.822128
vt 0.814679 0.822128
vt 0.846710 0.822931
vt 0.846710 0.820271
vt 0.814679 0.820271
vt 0.846710 0.813393
vt 0.814679 0.819718
vt 0.814679 0.813393
vt 0.846710 0.808021
vt 0.846710 0.805812
vt 0.846710 0.821325
vt 0.846710 0.821928
vt 0.846710 0.819718
vt 0.846710 0.813192
vt 0.846710 0.808272
vt 0.846710 0.807468
vt 0.814679 0.813192
vt 0.814679 0.808272
vt 0.814679 0.807468
vt 0.814679 0.797025
vt 0.846710 0.797025
vt 0.814679 0.797678
vt 0.814679 0.805812
vt 0.806094 0.774634
vt 0.806144 0.775086
vt 0.804186 0.775136
vt 0.812320 0.773982
vt 0.811968 0.773931
vt 0.820051 0.772325
vt 0.820302 0.772726
vt 0.826679 0.770718
vt 0.827130 0.770718
vt 0.832001 0.769664
vt 0.831899 0.769262
vt 0.835967 0.768961
vt 0.835967 0.768860
vt 0.839229 0.769162
vt 0.839130 0.769614
vt 0.843597 0.770819
vt 0.843296 0.770919
vt 0.804136 0.775086
vt 0.804136 0.774734
vt 0.806044 0.774584
vt 0.812320 0.774333
vt 0.820553 0.772777
vt 0.826679 0.770367
vt 0.831800 0.769212
vt 0.835967 0.769312
vt 0.838978 0.769664
vt 0.843597 0.770618
vt 0.804086 0.774634
vt 0.806094 0.775036
vt 0.812671 0.774383
vt 0.820302 0.772375
vt 0.826227 0.770417
vt 0.831899 0.769614
vt 0.835967 0.769363
vt 0.839130 0.769212
vt 0.843899 0.770517
vt 0.772005 0.800741
vt 0.772005 0.801142
vt 0.772005 0.801544
vt 0.761612 0.800741
vt 0.761612 0.801142
vt 0.761612 0.801243
vt 0.761612 0.807368
vt 0.772055 0.807368
vt 0.772055 0.808121
vt 0.772055 0.814146
vt 0.761663 0.814146
vt 0.761663 0.821375
vt 0.761663 0.821024
vt 0.761663 0.822680
vt 0.772055 0.822680
vt 0.772055 0.822781
vt 0.772055 0.823283
vt 0.772055 0.821726
vt 0.761612 0.821726
vt 0.761612 0.807067
vt 0.761663 0.808121
vt 0.772055 0.813945
vt 0.772055 0.821375
vt 0.761663 0.823132
vt 0.761663 0.822781
vt 0.772055 0.819065
vt 0.761612 0.819065
vt 0.761612 0.815401
vt 0.761612 0.815150
vt 0.761663 0.813945
vt 0.772055 0.821024
vt 0.772055 0.823132
vt 0.761663 0.823283
vt 0.761612 0.821375
vt 0.772055 0.818814
vt 0.772005 0.815401
vt 0.761612 0.813242
vt 0.761612 0.813142
vt 0.761612 0.810882
vt 0.772005 0.810882
vt 0.761612 0.818814
vt 0.772005 0.815150
vt 0.772005 0.813242
vt 0.761612 0.810782
vt 0.761612 0.808874
vt 0.772005 0.808874
vt 0.772005 0.808522
vt 0.772005 0.813091
vt 0.772005 0.810782
vt 0.761612 0.808573
vt 0.761612 0.801544
vt 0.772005 0.801193
vt 0.772055 0.807067
vt 0.750015 0.800791
vt 0.758249 0.800992
vt 0.750366 0.801092
vt 0.758650 0.801193
vt 0.750366 0.802900
vt 0.758650 0.802849
vt 0.750366 0.805912
vt 0.758650 0.805761
vt 0.750015 0.809175
vt 0.758249 0.808924
vt 0.747355 0.821175
vt 0.755588 0.820873
vt 0.747002 0.823182
vt 0.755286 0.822881
vt 0.746952 0.822580
vt 0.755236 0.822329
vt 0.747002 0.820170
vt 0.750015 0.800339
vt 0.750366 0.800690
vt 0.750366 0.802598
vt 0.750366 0.805861
vt 0.750015 0.809326
vt 0.747355 0.821475
vt 0.747002 0.823584
vt 0.746952 0.822982
vt 0.747002 0.820472
vt 0.746952 0.816455
vt 0.755588 0.808272
vt 0.755286 0.811836
vt 0.747002 0.812137
vt 0.755236 0.816154
vt 0.755286 0.820170
vt 0.755236 0.822680
vt 0.755286 0.823283
vt 0.755588 0.821175
vt 0.758249 0.809025
vt 0.758650 0.805711
vt 0.758650 0.802598
vt 0.758650 0.800841
vt 0.746952 0.816355
vt 0.747002 0.812238
vt 0.747355 0.808522
vt 0.758249 0.800590
vt 0.755236 0.819869
vt 0.755236 0.816053
vt 0.741881 0.809075
vt 0.741931 0.820773
vt 0.750165 0.820773
vt 0.750165 0.823032
vt 0.741931 0.823032
vt 0.750165 0.822580
vt 0.741931 0.822580
vt 0.750165 0.820170
vt 0.741931 0.820170
vt 0.750165 0.816204
vt 0.741931 0.816254
vt 0.750165 0.811887
vt 0.741931 0.811887
vt 0.750165 0.808222
vt 0.741931 0.808222
vt 0.750165 0.800590
vt 0.741881 0.800640
vt 0.750165 0.800841
vt 0.741881 0.800841
vt 0.750165 0.802598
vt 0.741881 0.802598
vt 0.750165 0.805711
vt 0.741881 0.801042
vt 0.741881 0.801243
vt 0.741881 0.802900
vt 0.741881 0.805711
vt 0.750165 0.809075
vt 0.750165 0.820472
vt 0.750165 0.808924
vt 0.750165 0.805812
vt 0.750165 0.802900
vt 0.750165 0.801243
vt 0.750165 0.800992
vt 0.750165 0.808522
vt 0.750165 0.811987
vt 0.750165 0.816104
vt 0.750165 0.819869
vt 0.750165 0.822179
vt 0.750165 0.822630
vt 0.741881 0.805812
vt 0.741931 0.808522
vt 0.741931 0.811987
vt 0.741931 0.816154
vt 0.741931 0.819869
vt 0.741931 0.822179
vt 0.741931 0.822630
vt 0.741931 0.820472
vt 0.741881 0.808924
s 1
usemtl Material.001
f 26/1/26 28/3/28 27/2/27
f 185/4/185 187/5/187 186/5/186
f 533/6/532 535/8/534 534/7/533
f 552/9/551 554/11/553 553/10/552
f 633/12/628 635/14/630 634/13/629
f 665/15/660 667/17/662 666/16/661
f 734/18/729 736/20/731 735/19/730
f 766/21/761 768/23/763 767/22/762
f 874/24/868 876/26/870 875/25/869
f 980/27/972 982/29/974 981/28/973
f 1/30/1 2/30/2 297/31/297
f 4/32/4 3/34/3 377/33/376
f 3/34/3 4/32/4 711/35/706
f 256/36/256 6/38/6 274/37/274
f 256/36/256 274/37/274 255/39/255
f 5/40/5 288/42/288 279/41/279
f 6/38/6 288/42/288 5/40/5
f 7/43/7 288/42/288 6/38/6
f 7/43/7 6/38/6 8/44/8
f 8/44/8 6/38/6 256/36/256
f 8/44/8 256/36/256 290/45/290
f 6/38/6 5/40/5 272/46/272
f 272/46/272 5/40/5 271/47/271
f 18/48/18 9/50/9 19/49/19
f 62/51/62 9/50/9 13/52/13
f 16/53/16 13/52/13 9/50/9
f 9/50/9 18/48/18 16/53/16
f 10/54/10 16/53/16 18/48/18
f 56/55/56 57/57/57 31/56/31
f 12/58/12 31/56/31 57/57/57
f 31/56/31 12/58/12 11/59/11
f 62/51/62 11/59/11 12/58/12
f 11/59/11 62/51/62 27/2/27
f 62/51/62 26/1/26 27/2/27
f 26/1/26 62/51/62 13/52/13
f 14/60/14 26/1/26 13/52/13
f 13/52/13 16/53/16 14/60/14
f 15/61/15 14/60/14 16/53/16
f 16/53/16 10/54/10 15/61/15
f 17/62/17 15/61/15 10/54/10
f 18/48/18 17/62/17 10/54/10
f 64/63/64 17/62/17 18/48/18
f 64/63/64 18/48/18 19/49/19
f 19/49/19 20/64/20 64/63/64
f 20/64/20 19/49/19 9/50/9
f 9/50/9 62/51/62 20/64/20
f 21/65/21 49/67/49 37/66/37
f 49/67/49 21/65/21 22/68/22
f 22/68/22 47/69/47 49/67/49
f 47/69/47 22/68/22 23/70/23
f 17/62/17 47/69/47 23/70/23
f 23/70/23 24/71/24 17/62/17
f 15/61/15 17/62/17 24/71/24
f 24/71/24 32/72/32 15/61/15
f 14/60/14 15/61/15 32/72/32
f 32/72/32 46/73/46 14/60/14
f 26/1/26 14/60/14 46/73/46
f 46/73/46 25/74/25 26/1/26
f 28/3/28 26/1/26 25/74/25
f 30/75/30 27/2/27 28/3/28
f 27/2/27 30/75/30 11/59/11
f 29/76/29 11/59/11 30/75/30
f 11/59/11 29/76/29 31/56/31
f 24/71/24 23/70/23 22/68/22
f 32/72/32 24/71/24 34/77/34
f 22/68/22 34/77/34 24/71/24
f 34/77/34 22/68/22 21/65/21
f 46/73/46 32/72/32 33/78/33
f 34/77/34 33/78/33 32/72/32
f 33/78/33 34/77/34 35/79/35
f 21/65/21 35/79/35 34/77/34
f 35/79/35 21/65/21 36/80/36
f 37/66/37 36/80/36 21/65/21
f 36/80/36 37/66/37 51/81/51
f 39/82/39 31/56/31 29/76/29
f 31/56/31 39/82/39 56/55/56
f 38/83/38 56/55/56 39/82/39
f 56/55/56 38/83/38 40/84/40
f 185/85/185 40/84/40 38/83/38
f 40/84/40 185/85/185 55/86/55
f 186/87/186 55/86/55 185/85/185
f 55/86/55 186/87/186 41/88/41
f 187/89/187 41/88/41 186/87/186
f 41/88/41 187/89/187 42/90/42
f 43/91/43 42/90/42 187/89/187
f 42/90/42 43/91/43 51/81/51
f 44/92/44 51/81/51 43/91/43
f 51/81/51 44/92/44 36/80/36
f 183/93/183 36/80/36 44/92/44
f 36/80/36 183/93/183 35/79/35
f 184/94/184 35/79/35 183/93/183
f 35/79/35 184/94/184 33/78/33
f 45/95/45 33/78/33 184/94/184
f 33/78/33 45/95/45 46/73/46
f 25/74/25 46/73/46 45/95/45
f 17/62/17 73/97/73 68/96/68
f 17/62/17 68/96/68 47/69/47
f 47/69/47 68/96/68 48/98/48
f 48/98/48 49/67/49 47/69/47
f 49/67/49 48/98/48 69/99/69
f 69/99/69 37/66/37 49/67/49
f 37/66/37 69/99/69 50/100/50
f 50/100/50 51/81/51 37/66/37
f 51/81/51 50/100/50 42/90/42
f 52/101/52 42/90/42 50/100/50
f 42/90/42 52/101/52 41/88/41
f 53/102/53 41/88/41 52/101/52
f 41/88/41 53/102/53 55/86/55
f 54/103/54 55/86/55 53/102/53
f 55/86/55 54/103/54 40/84/40
f 59/104/59 40/84/40 54/103/54
f 40/84/40 59/104/59 56/55/56
f 57/57/57 56/55/56 59/104/59
f 58/105/58 50/100/50 69/99/69
f 50/100/50 58/105/58 52/101/52
f 65/106/65 52/101/52 58/105/58
f 52/101/52 65/106/65 53/102/53
f 66/107/66 53/102/53 65/106/65
f 53/102/53 66/107/66 54/103/54
f 61/108/61 54/103/54 66/107/66
f 54/103/54 61/108/61 59/104/59
f 60/109/60 59/104/59 61/108/61
f 59/104/59 60/109/60 57/57/57
f 63/110/63 57/57/57 60/109/60
f 57/57/57 63/110/63 12/58/12
f 12/58/12 20/64/20 62/51/62
f 20/64/20 12/58/12 63/110/63
f 63/110/63 64/63/64 20/64/20
f 64/63/64 63/110/63 70/111/70
f 60/109/60 70/111/70 63/110/63
f 70/111/70 60/109/60 72/112/72
f 61/108/61 72/112/72 60/109/60
f 72/112/72 61/108/61 71/113/71
f 66/107/66 71/113/71 61/108/61
f 71/113/71 66/107/66 73/97/73
f 65/106/65 73/97/73 66/107/66
f 73/97/73 65/106/65 67/114/67
f 58/105/58 67/114/67 65/106/65
f 67/114/67 58/105/58 68/96/68
f 69/99/69 68/96/68 58/105/58
f 68/96/68 69/99/69 48/98/48
f 68/96/68 73/97/73 67/114/67
f 72/112/72 64/63/64 70/111/70
f 71/113/71 73/97/73 72/112/72
f 72/112/72 73/97/73 64/63/64
f 64/63/64 73/97/73 17/62/17
f 75/115/75 74/117/74 76/116/76
f 75/115/75 76/116/76 97/118/97
f 81/119/81 76/116/76 74/117/74
f 77/120/77 81/119/81 74/117/74
f 77/120/77 74/117/74 75/115/75
f 77/120/77 75/115/75 86/121/86
f 78/122/78 86/121/86 75/115/75
f 86/121/86 78/122/78 79/123/79
f 82/124/82 79/123/79 78/122/78
f 79/123/79 82/124/82 80/125/80
f 81/119/81 77/120/77 88/126/88
f 78/122/78 75/115/75 748/127/743
f 749/128/744 78/122/78 748/127/743
f 78/122/78 749/128/744 82/124/82
f 83/129/83 82/124/82 749/128/744
f 82/124/82 83/129/83 574/130/84
f 574/130/84 80/125/80 82/124/82
f 80/125/80 574/130/84 84/131/84
f 347/132/346 80/125/80 84/131/84
f 80/125/80 347/132/346 348/133/347
f 348/133/347 79/123/79 80/125/80
f 79/123/79 348/133/347 85/134/85
f 86/121/86 79/123/79 85/134/85
f 85/134/85 89/135/89 86/121/86
f 86/121/86 89/135/89 77/120/77
f 77/120/77 89/135/89 87/136/87
f 77/120/77 87/136/87 88/126/88
f 91/137/91 88/126/88 87/136/87
f 91/137/91 81/119/81 88/126/88
f 89/135/89 90/138/90 87/136/87
f 90/138/90 91/137/91 87/136/87
f 91/137/91 90/138/90 92/139/92
f 92/139/92 94/140/94 91/137/91
f 91/137/91 94/140/94 93/141/93
f 94/140/94 95/142/95 93/141/93
f 94/140/94 96/143/96 95/142/95
f 96/143/96 94/140/94 139/144/139
f 139/144/139 140/145/140 96/143/96
f 94/140/94 92/139/92 139/144/139
f 91/137/91 93/141/93 81/119/81
f 76/116/76 81/119/81 93/141/93
f 95/142/95 76/116/76 93/141/93
f 97/118/97 76/116/76 95/142/95
f 96/143/96 97/118/97 95/142/95
f 97/118/97 96/143/96 98/146/98
f 140/145/140 98/146/98 96/143/96
f 98/146/98 140/145/140 99/147/99
f 141/148/141 99/147/99 140/145/140
f 99/147/99 141/148/141 100/149/100
f 146/150/146 100/149/100 141/148/141
f 100/149/100 146/150/146 109/151/109
f 109/151/109 146/150/146 101/152/101
f 109/151/109 101/152/101 102/153/102
f 102/153/102 101/152/101 315/154/315
f 315/154/315 101/152/101 103/155/103
f 103/155/103 307/156/307 315/154/315
f 307/156/307 103/155/103 144/157/144
f 109/151/109 102/153/102 104/158/104
f 104/158/104 102/153/102 647/159/642
f 105/160/105 107/162/107 705/161/700
f 107/162/107 105/160/105 106/163/106
f 106/163/106 647/159/642 107/162/107
f 647/159/642 106/163/106 104/158/104
f 108/164/108 104/158/104 106/163/106
f 104/158/104 108/164/108 109/151/109
f 111/165/111 109/151/109 108/164/108
f 109/151/109 111/165/111 100/149/100
f 110/166/110 100/149/100 111/165/111
f 100/149/100 110/166/110 99/147/99
f 113/167/113 99/147/99 110/166/110
f 99/147/99 113/167/113 98/146/98
f 112/168/112 98/146/98 113/167/113
f 98/146/98 112/168/112 97/118/97
f 748/127/743 97/118/97 112/168/112
f 97/118/97 748/127/743 75/115/75
f 112/168/112 710/169/705 748/127/743
f 710/169/705 112/168/112 708/170/703
f 113/167/113 708/170/703 112/168/112
f 708/170/703 113/167/113 114/171/114
f 110/166/110 114/171/114 113/167/113
f 114/171/114 110/166/110 707/172/702
f 111/165/111 707/172/702 110/166/110
f 707/172/702 111/165/111 115/173/115
f 108/164/108 115/173/115 111/165/111
f 115/173/115 108/164/108 706/174/701
f 106/163/106 706/174/701 108/164/108
f 706/174/701 106/163/106 105/160/105
f 387/30/386 116/31/116 219/30/219
f 117/175/117 142/177/142 120/176/120
f 142/177/142 117/175/117 143/178/143
f 118/179/118 143/178/143 117/175/117
f 124/180/124 118/179/118 117/175/117
f 120/176/120 124/180/124 117/175/117
f 124/180/124 120/176/120 119/181/119
f 125/182/125 124/180/124 119/181/119
f 119/181/119 130/183/130 125/182/125
f 121/184/121 125/182/125 130/183/130
f 130/183/130 129/185/129 121/184/121
f 307/156/307 144/157/144 122/186/122
f 118/179/118 122/186/122 144/157/144
f 122/186/122 118/179/118 123/187/123
f 118/179/118 124/180/124 123/187/123
f 132/188/132 123/187/123 124/180/124
f 124/180/124 125/182/125 132/188/132
f 126/189/126 132/188/132 125/182/125
f 125/182/125 121/184/121 126/189/126
f 127/190/127 126/189/126 121/184/121
f 121/184/121 128/191/128 127/190/127
f 128/191/128 121/184/121 129/185/129
f 129/185/129 349/192/348 128/191/128
f 349/192/348 129/185/129 85/134/85
f 89/135/89 85/134/85 129/185/129
f 129/185/129 130/183/130 89/135/89
f 90/138/90 89/135/89 130/183/130
f 130/183/130 119/181/119 90/138/90
f 119/181/119 92/139/92 90/138/90
f 126/189/126 127/190/127 131/193/131
f 131/193/131 134/194/134 126/189/126
f 132/188/132 126/189/126 134/194/134
f 134/194/134 135/195/135 132/188/132
f 123/187/123 132/188/132 135/195/135
f 135/195/135 122/186/122 123/187/123
f 135/195/135 381/196/380 122/186/122
f 381/196/380 307/156/307 122/186/122
f 134/194/134 131/193/131 133/197/133
f 133/197/133 137/198/137 134/194/134
f 135/195/135 134/194/134 137/198/137
f 137/198/137 136/199/136 135/195/135
f 135/195/135 136/199/136 381/196/380
f 136/199/136 380/200/379 381/196/380
f 138/201/138 380/200/379 136/199/136
f 380/200/379 138/201/138 382/202/381
f 712/203/707 382/202/381 138/201/138
f 382/202/381 712/203/707 713/204/708
f 137/198/137 133/197/133 714/205/709
f 714/205/709 138/201/138 137/198/137
f 136/199/136 137/198/137 138/201/138
f 138/201/138 714/205/709 712/203/707
f 92/139/92 119/181/119 120/176/120
f 120/176/120 139/144/139 92/139/92
f 139/144/139 120/176/120 142/177/142
f 140/145/140 139/144/139 142/177/142
f 142/177/142 141/148/141 140/145/140
f 141/148/141 142/177/142 143/178/143
f 145/206/145 141/148/141 143/178/143
f 143/178/143 118/179/118 145/206/145
f 144/157/144 145/206/145 118/179/118
f 145/206/145 144/157/144 103/155/103
f 101/152/101 145/206/145 103/155/103
f 145/206/145 101/152/101 146/150/146
f 141/148/141 145/206/145 146/150/146
f 164/207/164 151/209/151 161/208/161
f 164/207/164 147/210/147 151/209/151
f 165/211/165 147/210/147 164/207/164
f 151/209/151 148/212/148 158/212/158
f 148/212/148 150/208/150 149/209/149
f 151/209/151 150/208/150 148/212/148
f 151/209/151 166/213/166 150/208/150
f 151/209/151 147/210/147 166/213/166
f 166/213/166 147/210/147 152/214/152
f 167/211/167 182/215/182 153/207/153
f 154/216/154 153/207/153 182/215/182
f 153/207/153 154/216/154 150/208/150
f 155/217/155 150/208/150 154/216/154
f 150/208/150 155/217/155 149/209/149
f 156/218/156 149/209/149 155/217/155
f 149/209/149 156/218/156 148/212/148
f 157/218/157 148/212/148 156/218/156
f 148/212/148 157/218/157 158/212/158
f 159/217/159 158/212/158 157/218/157
f 158/212/158 159/217/159 151/209/151
f 160/216/160 151/209/151 159/217/159
f 151/209/151 160/216/160 161/208/161
f 162/215/162 161/208/161 160/216/160
f 161/208/161 162/215/162 164/207/164
f 163/219/163 164/207/164 162/215/162
f 164/207/164 163/219/163 165/211/165
f 168/220/168 165/211/165 163/219/163
f 174/221/174 166/213/166 173/221/173
f 178/214/178 166/213/166 174/221/174
f 150/208/150 166/213/166 178/214/178
f 150/208/150 178/214/178 167/211/167
f 150/208/150 167/211/167 153/207/153
f 178/214/178 174/221/174 176/213/176
f 167/211/167 178/214/178 180/210/180
f 165/211/165 168/220/168 147/210/147
f 169/222/169 147/210/147 168/220/168
f 147/210/147 169/222/169 152/214/152
f 170/223/170 152/214/152 169/222/169
f 152/214/152 170/223/170 166/213/166
f 171/224/171 166/213/166 170/223/170
f 166/213/166 171/224/171 173/221/173
f 172/224/172 173/221/173 171/224/171
f 173/221/173 172/224/172 174/221/174
f 175/223/175 174/221/174 172/224/172
f 174/221/174 175/223/175 176/213/176
f 177/222/177 176/213/176 175/223/175
f 176/213/176 177/222/177 178/214/178
f 179/220/179 178/214/178 177/222/177
f 178/214/178 179/220/179 180/210/180
f 181/219/181 180/210/180 179/220/179
f 180/210/180 181/219/181 167/211/167
f 182/215/182 167/211/167 181/219/181
f 30/225/30 39/227/39 29/226/29
f 184/226/184 39/227/39 30/225/30
f 184/226/184 30/225/30 25/228/25
f 184/226/184 25/228/25 45/225/45
f 25/228/25 30/225/30 28/228/28
f 44/229/44 184/226/184 183/227/183
f 187/5/187 184/226/184 44/229/44
f 187/5/187 39/227/39 184/226/184
f 185/4/185 39/227/39 187/5/187
f 38/229/38 39/227/39 185/4/185
f 187/5/187 44/229/44 43/4/43
f 190/230/190 189/232/189 188/231/188
f 1130/233/1122 189/232/189 190/230/190
f 1130/233/1122 190/230/190 1131/234/1123
f 191/235/191 1130/233/1122 1129/236/1121
f 191/235/191 189/232/189 1130/233/1122
f 1125/237/1117 189/232/189 191/235/191
f 1126/238/1118 189/232/189 1125/237/1117
f 1125/237/1117 191/235/191 192/239/192
f 193/240/193 205/241/205 212/241/212
f 205/241/205 193/240/193 194/240/194
f 203/242/203 194/244/194 193/243/193
f 203/242/203 197/245/197 194/244/194
f 195/246/195 197/245/197 203/242/203
f 195/246/195 198/247/198 197/245/197
f 198/247/198 195/246/195 202/248/202
f 202/248/202 200/247/200 198/247/198
f 200/247/200 202/248/202 201/248/201
f 194/244/194 197/245/197 196/249/196
f 194/250/194 206/252/206 205/251/205
f 206/252/206 194/250/194 196/253/196
f 197/245/197 206/252/206 196/253/196
f 206/252/206 197/245/197 209/254/209
f 197/245/197 211/255/211 209/254/209
f 211/255/211 197/245/197 198/247/198
f 198/247/198 199/255/199 211/255/211
f 199/255/199 198/247/198 200/247/200
f 200/247/200 210/256/210 199/255/199
f 210/256/210 200/247/200 201/248/201
f 201/248/201 208/256/208 210/256/210
f 208/256/208 201/248/201 202/248/202
f 202/248/202 207/257/207 208/256/208
f 207/257/207 202/248/202 195/246/195
f 203/258/203 207/257/207 195/246/195
f 207/257/207 203/258/203 204/259/204
f 193/260/193 204/259/204 203/258/203
f 204/259/204 193/260/193 212/261/212
f 212/262/212 205/264/205 206/263/206
f 212/262/212 206/263/206 207/257/207
f 207/257/207 206/263/206 209/254/209
f 209/254/209 208/256/208 207/257/207
f 208/256/208 209/254/209 211/255/211
f 211/255/211 210/256/210 208/256/208
f 210/256/210 211/255/211 199/255/199
f 212/262/212 207/257/207 204/265/204
f 218/266/218 216/268/216 220/267/220
f 232/269/232 222/271/222 225/270/225
f 214/272/214 225/270/225 222/271/222
f 225/270/225 214/272/214 213/273/213
f 215/274/215 225/270/225 213/273/213
f 213/273/213 216/268/216 215/274/215
f 217/275/217 215/274/215 216/268/216
f 216/268/216 218/266/218 217/275/217
f 218/266/218 116/276/116 217/275/217
f 219/277/219 116/276/116 218/266/218
f 220/267/220 219/277/219 218/266/218
f 219/277/219 220/267/220 416/278/415
f 220/267/220 415/279/414 416/278/415
f 415/279/414 220/267/220 420/280/419
f 220/267/220 221/281/221 420/280/419
f 221/281/221 220/267/220 216/268/216
f 216/268/216 213/273/213 221/281/221
f 222/271/222 230/282/230 214/272/214
f 223/283/223 224/285/224 236/284/236
f 224/285/224 223/283/223 229/286/229
f 235/287/235 229/286/229 223/283/223
f 229/286/229 235/287/235 227/288/227
f 232/269/232 227/288/227 235/287/235
f 227/288/227 232/269/232 225/270/225
f 225/270/225 215/274/215 227/288/227
f 226/289/226 227/288/227 215/274/215
f 215/274/215 217/275/217 226/289/226
f 295/290/295 226/289/226 217/275/217
f 217/275/217 116/276/116 295/290/295
f 227/288/227 226/289/226 229/286/229
f 228/291/228 229/286/229 226/289/226
f 229/286/229 228/291/228 224/285/224
f 226/289/226 295/290/295 228/291/228
f 230/282/230 240/271/240 239/292/239
f 240/271/240 230/282/230 231/293/231
f 230/282/230 222/271/222 231/293/231
f 242/294/242 231/293/231 222/271/222
f 222/271/222 232/269/232 242/294/242
f 233/295/233 242/294/242 232/269/232
f 235/287/235 233/295/233 232/269/232
f 233/295/233 235/287/235 234/296/234
f 223/283/223 234/296/234 235/287/235
f 234/296/234 223/283/223 237/297/237
f 236/284/236 237/297/237 223/283/223
f 237/297/237 236/284/236 293/298/293
f 239/292/239 238/270/238 300/273/300
f 238/270/238 239/292/239 240/271/240
f 240/271/240 246/269/246 238/270/238
f 246/269/246 240/271/240 241/294/241
f 231/293/231 241/294/241 240/271/240
f 241/294/241 231/293/231 243/299/243
f 231/293/231 242/294/242 243/299/243
f 249/300/249 243/299/243 242/294/242
f 242/294/242 233/295/233 249/300/249
f 251/301/251 249/300/249 233/295/233
f 234/296/234 251/301/251 233/295/233
f 251/301/251 234/296/234 253/302/253
f 237/297/237 253/302/253 234/296/234
f 253/302/253 237/297/237 244/303/244
f 293/298/293 244/303/244 237/297/237
f 244/303/244 293/298/293 245/304/245
f 302/288/302 246/269/246 303/287/303
f 261/295/261 303/287/303 246/269/246
f 241/294/241 261/295/261 246/269/246
f 261/295/261 241/294/241 247/300/247
f 243/299/243 247/300/247 241/294/241
f 247/300/247 243/299/243 248/305/248
f 243/299/243 249/300/249 248/305/248
f 250/306/250 248/305/248 249/300/249
f 249/300/249 251/301/251 250/306/250
f 257/307/257 250/306/250 251/301/251
f 253/302/253 257/307/257 251/301/251
f 257/307/257 253/302/253 252/308/252
f 244/303/244 252/308/252 253/302/253
f 252/308/252 244/303/244 254/309/254
f 245/304/245 254/309/254 244/303/244
f 254/309/254 245/304/245 291/310/291
f 286/311/286 291/310/291 245/304/245
f 291/310/291 286/311/286 289/312/289
f 291/310/291 290/313/290 254/309/254
f 256/314/256 254/309/254 290/313/290
f 254/309/254 256/314/256 252/308/252
f 255/315/255 252/308/252 256/314/256
f 252/308/252 255/315/255 257/307/257
f 255/315/255 258/316/258 257/307/257
f 250/306/250 257/307/257 258/316/258
f 258/316/258 269/317/269 250/306/250
f 248/305/248 250/306/250 269/317/269
f 259/306/259 248/305/248 269/317/269
f 248/305/248 259/306/259 247/300/247
f 260/301/260 247/300/247 259/306/259
f 247/300/247 260/301/260 261/295/261
f 260/301/260 266/296/266 261/295/261
f 303/287/303 261/295/261 266/296/266
f 266/296/266 262/283/262 303/287/303
f 263/286/263 303/287/303 262/283/262
f 262/283/262 281/285/281 263/286/263
f 281/285/281 262/283/262 264/284/264
f 265/297/265 264/284/264 262/283/262
f 262/283/262 266/296/266 265/297/265
f 270/302/270 265/297/265 266/296/266
f 266/296/266 260/301/260 270/302/270
f 267/307/267 270/302/270 260/301/260
f 259/306/259 267/307/267 260/301/260
f 267/307/267 259/306/259 268/316/268
f 269/317/269 268/316/268 259/306/259
f 268/316/268 269/317/269 273/318/273
f 269/317/269 258/316/258 273/318/273
f 274/319/274 273/318/273 258/316/258
f 258/316/258 255/315/255 274/319/274
f 264/284/264 265/297/265 284/298/284
f 275/303/275 284/298/284 265/297/265
f 265/297/265 270/302/270 275/303/275
f 276/308/276 275/303/275 270/302/270
f 270/302/270 267/307/267 276/308/276
f 271/315/271 276/308/276 267/307/267
f 268/316/268 271/315/271 267/307/267
f 271/315/271 268/316/268 272/319/272
f 273/318/273 272/319/272 268/316/268
f 272/319/272 273/318/273 6/320/6
f 273/318/273 274/319/274 6/320/6
f 284/298/284 275/303/275 277/304/277
f 278/309/278 277/304/277 275/303/275
f 275/303/275 276/308/276 278/309/278
f 5/314/5 278/309/278 276/308/276
f 276/308/276 271/315/271 5/314/5
f 277/304/277 278/309/278 287/310/287
f 279/313/279 287/310/287 278/309/278
f 278/309/278 5/314/5 279/313/279
f 287/310/287 279/313/279 288/321/288
f 696/322/691 292/290/292 294/323/294
f 296/291/296 294/323/294 292/290/292
f 294/323/294 296/291/296 280/324/280
f 281/285/281 280/324/280 296/291/296
f 280/324/280 281/285/281 282/325/282
f 264/284/264 282/325/282 281/285/281
f 282/325/282 264/284/264 283/326/283
f 284/298/284 283/326/283 264/284/264
f 283/326/283 284/298/284 285/327/285
f 277/304/277 285/327/285 284/298/284
f 285/327/285 277/304/277 286/311/286
f 287/310/287 286/311/286 277/304/277
f 286/311/286 287/310/287 289/312/289
f 288/321/288 289/312/289 287/310/287
f 289/312/289 288/321/288 7/328/7
f 8/321/8 289/312/289 7/328/7
f 289/312/289 8/321/8 291/310/291
f 290/313/290 291/310/291 8/321/8
f 292/290/292 696/322/691 297/276/297
f 245/304/245 285/327/285 286/311/286
f 285/327/285 245/304/245 293/298/293
f 293/298/293 283/326/283 285/327/285
f 283/326/283 293/298/293 236/284/236
f 236/284/236 282/325/282 283/326/283
f 282/325/282 236/284/236 224/285/224
f 224/285/224 280/324/280 282/325/282
f 280/324/280 224/285/224 228/291/228
f 228/291/228 294/323/294 280/324/280
f 294/323/294 228/291/228 295/290/295
f 295/290/295 696/322/691 294/323/294
f 696/322/691 295/290/295 116/276/116
f 296/291/296 263/286/263 281/285/281
f 263/286/263 296/291/296 304/289/304
f 292/290/292 304/289/304 296/291/296
f 304/289/304 292/290/292 305/275/305
f 297/276/297 305/275/305 292/290/292
f 297/276/297 298/266/298 305/275/305
f 2/277/2 298/266/298 297/276/297
f 299/267/299 298/266/298 2/277/2
f 2/277/2 648/278/643 299/267/299
f 653/279/648 299/267/299 648/278/643
f 299/267/299 653/279/648 655/280/650
f 657/281/652 299/267/299 655/280/650
f 299/267/299 657/281/652 306/268/306
f 300/273/300 306/268/306 657/281/652
f 306/268/306 300/273/300 301/274/301
f 238/270/238 301/274/301 300/273/300
f 301/274/301 238/270/238 302/288/302
f 246/269/246 302/288/302 238/270/238
f 303/287/303 263/286/263 302/288/302
f 304/289/304 302/288/302 263/286/263
f 302/288/302 304/289/304 301/274/301
f 305/275/305 301/274/301 304/289/304
f 301/274/301 305/275/305 306/268/306
f 298/266/298 306/268/306 305/275/305
f 306/268/306 298/266/298 299/267/299
f 754/329/749 346/331/345 731/330/726
f 346/331/345 754/329/749 753/332/748
f 753/332/748 709/333/704 346/331/345
f 709/333/704 753/332/748 750/334/745
f 381/335/380 383/337/382 307/336/307
f 308/338/308 315/339/315 307/336/307
f 383/337/382 308/338/308 307/336/307
f 308/338/308 383/337/382 309/340/309
f 417/341/416 308/338/308 309/340/309
f 310/342/310 322/344/321 341/343/340
f 312/345/312 341/343/340 322/344/321
f 341/343/340 312/345/312 311/346/311
f 312/345/312 313/347/313 311/346/311
f 417/341/416 311/346/311 313/347/313
f 417/341/416 313/347/313 318/348/318
f 308/338/308 417/341/416 318/348/318
f 318/348/318 314/349/314 308/338/308
f 315/339/315 308/338/308 314/349/314
f 314/349/314 646/350/641 315/339/315
f 102/351/102 315/339/315 646/350/641
f 313/347/313 312/345/312 316/352/316
f 646/350/641 314/349/314 317/353/317
f 314/349/314 649/354/644 317/353/317
f 649/354/644 314/349/314 319/355/318
f 314/349/314 318/348/318 319/355/318
f 313/347/313 319/355/318 318/348/318
f 319/355/318 313/347/313 316/352/316
f 649/354/644 319/355/318 316/352/316
f 312/345/312 649/354/644 316/352/316
f 649/354/644 312/345/312 320/356/319
f 322/344/321 320/356/319 312/345/312
f 320/356/319 322/344/321 650/357/645
f 321/358/320 650/357/645 322/344/321
f 650/357/645 321/358/320 324/359/323
f 323/360/322 324/359/323 321/358/320
f 324/359/323 323/360/322 654/361/649
f 334/362/333 654/361/649 323/360/322
f 654/361/649 334/362/333 325/363/324
f 326/364/325 325/363/324 334/362/333
f 325/363/324 326/364/325 651/365/646
f 332/366/331 651/365/646 326/364/325
f 651/365/646 332/366/331 327/367/326
f 656/368/651 239/370/239 300/369/300
f 239/370/239 656/368/651 328/371/327
f 328/371/327 230/372/230 239/370/239
f 328/371/327 214/373/214 230/372/230
f 328/371/327 329/374/328 214/373/214
f 331/375/330 329/374/328 328/371/327
f 329/374/328 331/375/330 330/376/329
f 332/366/331 330/376/329 331/375/330
f 330/376/329 332/366/331 333/377/332
f 326/364/325 333/377/332 332/366/331
f 333/377/332 326/364/325 335/378/334
f 334/362/333 335/378/334 326/364/325
f 335/378/334 334/362/333 336/379/335
f 323/360/322 336/379/335 334/362/333
f 336/379/335 323/360/322 337/380/336
f 321/358/320 337/380/336 323/360/322
f 337/380/336 321/358/320 310/342/310
f 322/344/321 310/342/310 321/358/320
f 331/375/330 327/367/326 332/366/331
f 327/367/326 331/375/330 652/381/647
f 328/371/327 652/381/647 331/375/330
f 652/381/647 328/371/327 656/368/651
f 214/373/214 419/383/418 213/382/213
f 419/383/418 214/373/214 329/374/328
f 329/374/328 413/384/412 419/383/418
f 413/384/412 329/374/328 330/376/329
f 330/376/329 338/385/337 413/384/412
f 338/385/337 330/376/329 333/377/332
f 333/377/332 412/386/411 338/385/337
f 412/386/411 333/377/332 335/378/334
f 335/378/334 339/387/338 412/386/411
f 339/387/338 335/378/334 336/379/335
f 336/379/335 414/388/413 339/387/338
f 414/388/413 336/379/335 337/380/336
f 337/380/336 418/389/417 414/388/413
f 418/389/417 337/380/336 310/342/310
f 310/342/310 340/390/339 418/389/417
f 340/390/339 310/342/310 341/343/340
f 341/343/340 342/391/341 340/390/339
f 342/391/341 341/343/340 311/346/311
f 311/346/311 417/341/416 342/391/341
f 345/392/344 661/394/656 343/393/342
f 345/392/344 343/393/342 344/395/343
f 345/392/344 344/395/343 664/396/659
f 569/397/567 347/399/346 572/398/569
f 569/397/567 709/400/704 347/399/346
f 351/401/350 709/400/704 569/397/567
f 709/400/704 351/401/350 346/402/345
f 347/399/346 709/400/704 348/403/347
f 348/403/347 709/400/704 349/404/348
f 348/403/347 349/404/348 85/405/85
f 767/406/762 351/401/350 350/407/349
f 346/402/345 351/401/350 767/406/762
f 346/402/345 767/406/762 768/408/763
f 346/402/345 768/408/763 731/409/726
f 731/409/726 768/408/763 352/410/351
f 768/408/763 730/411/725 352/410/351
f 730/411/725 768/408/763 353/412/352
f 353/412/352 354/413/353 730/411/725
f 354/413/353 353/412/352 356/414/355
f 356/414/355 355/415/354 354/413/353
f 355/415/354 356/414/355 777/416/772
f 777/416/772 357/417/356 355/415/354
f 357/417/356 777/416/772 358/418/357
f 358/418/357 725/419/720 357/417/356
f 725/419/720 358/418/357 359/420/358
f 359/420/358 724/421/719 725/419/720
f 724/421/719 359/420/358 776/422/771
f 776/422/771 729/423/724 724/421/719
f 729/423/724 776/422/771 360/424/359
f 360/424/359 728/425/723 729/423/724
f 728/425/723 360/424/359 793/426/788
f 793/426/788 732/427/727 728/425/723
f 732/427/727 793/426/788 361/428/360
f 361/428/360 726/429/721 732/427/727
f 726/429/721 361/428/360 362/430/361
f 362/430/361 363/431/362 726/429/721
f 363/431/362 362/430/361 364/432/363
f 364/432/363 727/433/722 363/431/362
f 727/433/722 364/432/363 785/434/780
f 785/434/780 365/435/364 727/433/722
f 365/435/364 785/434/780 790/436/785
f 790/436/785 733/437/728 365/435/364
f 733/437/728 790/436/785 366/438/365
f 366/438/365 746/439/741 733/437/728
f 746/439/741 366/438/365 787/440/782
f 787/440/782 367/441/366 746/439/741
f 367/441/366 787/440/782 781/442/776
f 781/442/776 745/443/740 367/441/366
f 745/443/740 781/442/776 368/444/367
f 368/444/367 369/445/368 745/443/740
f 369/445/368 368/444/367 1019/446/1011
f 371/447/370 369/445/368 1019/446/1011
f 371/447/370 1019/446/1011 370/448/369
f 370/448/369 372/449/371 371/447/370
f 372/449/371 370/448/369 373/450/372
f 373/450/372 378/451/377 372/449/371
f 378/451/377 376/452/375 372/449/371
f 376/452/375 378/451/377 375/453/374
f 375/453/374 377/454/376 376/452/375
f 377/454/376 375/453/374 374/455/373
f 376/452/375 371/447/370 372/449/371
f 377/454/376 371/447/370 376/452/375
f 377/454/376 744/456/739 371/447/370
f 744/456/739 369/445/368 371/447/370
f 378/451/377 373/450/372 379/457/378
f 380/458/379 383/460/382 381/459/380
f 382/461/381 383/460/382 380/458/379
f 382/461/381 4/462/4 383/460/382
f 383/460/382 4/462/4 219/463/219
f 377/454/376 219/463/219 4/462/4
f 219/463/219 377/454/376 374/455/373
f 374/455/373 387/463/386 219/463/219
f 387/463/386 374/455/373 385/455/384
f 385/455/384 384/464/383 387/463/386
f 395/465/394 387/463/386 384/464/383
f 384/464/383 385/455/384 679/466/674
f 4/462/4 382/461/381 713/467/708
f 386/468/385 392/470/391 116/469/116
f 387/463/386 386/468/385 116/469/116
f 409/471/408 702/473/697 508/472/507
f 508/472/507 702/473/697 388/474/387
f 702/473/697 390/475/389 388/474/387
f 390/475/389 702/473/697 389/476/388
f 389/476/388 391/477/390 390/475/389
f 391/477/390 389/476/388 701/478/696
f 700/479/695 391/477/390 701/478/696
f 391/477/390 700/479/695 511/480/510
f 698/481/693 511/480/510 700/479/695
f 392/470/391 511/480/510 698/481/693
f 511/480/510 392/470/391 393/482/392
f 392/470/391 386/468/385 393/482/392
f 394/483/393 393/482/392 386/468/385
f 386/468/385 387/463/386 394/483/393
f 394/483/393 387/463/386 396/484/395
f 396/484/395 387/463/386 395/465/394
f 395/465/394 397/485/396 396/484/395
f 397/485/396 395/465/394 515/486/514
f 393/482/392 394/483/393 512/487/511
f 396/484/395 512/487/511 394/483/393
f 512/487/511 396/484/395 397/485/396
f 702/473/697 398/489/397 704/488/699
f 398/489/397 407/491/406 688/490/683
f 407/491/406 406/493/405 399/492/398
f 406/493/405 400/495/399 691/494/686
f 497/496/496 682/14/677 401/497/400
f 401/497/400 682/14/677 522/498/521
f 522/498/521 682/14/677 402/499/401
f 682/14/677 411/500/410 402/499/401
f 402/499/401 411/500/410 403/501/402
f 403/501/402 411/500/410 400/495/399
f 403/501/402 400/495/399 404/502/403
f 404/502/403 400/495/399 405/503/404
f 405/503/404 400/495/399 406/493/405
f 405/503/404 406/493/405 499/504/498
f 499/504/498 406/493/405 502/505/501
f 502/505/501 406/493/405 407/491/406
f 502/505/501 407/491/406 503/506/502
f 503/506/502 407/491/406 504/507/503
f 504/507/503 407/491/406 408/508/407
f 407/491/406 398/489/397 408/508/407
f 408/508/407 398/489/397 409/471/408
f 409/471/408 398/489/397 702/473/697
f 411/500/410 682/14/677 410/509/409
f 400/495/399 411/500/410 693/510/688
f 412/511/411 413/513/412 338/512/337
f 412/511/411 415/514/414 413/513/412
f 339/515/338 415/514/414 412/511/411
f 414/516/413 415/514/414 339/515/338
f 418/517/417 415/514/414 414/516/413
f 383/460/382 219/463/219 416/518/415
f 383/460/382 416/518/415 309/519/309
f 416/518/415 417/520/416 309/519/309
f 417/520/416 416/518/415 415/514/414
f 415/514/414 342/521/341 417/520/416
f 415/514/414 418/517/417 342/521/341
f 342/521/341 418/517/417 340/522/339
f 413/513/412 415/514/414 419/523/418
f 419/523/418 415/514/414 420/524/419
f 419/523/418 420/524/419 221/525/221
f 419/523/418 221/525/221 213/526/213
f 430/527/429 450/529/449 421/528/420
f 481/530/480 421/528/420 450/529/449
f 421/528/420 481/530/480 432/531/431
f 422/532/421 432/531/431 481/530/480
f 432/531/431 422/532/421 423/533/422
f 424/534/423 423/533/422 422/532/421
f 423/533/422 424/534/423 435/535/434
f 425/536/424 435/535/434 424/534/423
f 435/535/434 425/536/424 434/537/433
f 477/538/476 434/537/433 425/536/424
f 434/537/433 477/538/476 436/539/435
f 476/540/475 436/539/435 477/538/476
f 436/539/435 476/540/475 427/541/426
f 426/542/425 427/541/426 476/540/475
f 1087/543/1079 428/545/427 429/544/428
f 430/527/429 429/544/428 428/545/427
f 429/544/428 430/527/429 1086/546/1078
f 421/528/420 1086/546/1078 430/527/429
f 1086/546/1078 421/528/420 431/547/430
f 432/531/431 431/547/430 421/528/420
f 431/547/430 432/531/431 433/548/432
f 423/533/422 433/548/432 432/531/431
f 433/548/432 423/533/422 1084/549/1076
f 435/535/434 1084/549/1076 423/533/422
f 1084/549/1076 435/535/434 1083/550/1075
f 434/537/433 1083/550/1075 435/535/434
f 1083/550/1075 434/537/433 1082/551/1074
f 436/539/435 1082/551/1074 434/537/433
f 1082/551/1074 436/539/435 1081/552/1073
f 427/541/426 1081/552/1073 436/539/435
f 1081/552/1073 427/541/426 1118/553/1110
f 437/554/436 1118/553/1110 427/541/426
f 1118/553/1110 437/554/436 1117/555/1109
f 462/556/461 1117/555/1109 437/554/436
f 1117/555/1109 462/556/461 438/557/437
f 445/558/444 438/557/437 462/556/461
f 438/557/437 445/558/444 439/559/438
f 440/560/439 439/559/438 445/558/444
f 439/559/438 440/560/439 1115/561/1107
f 441/562/440 1115/561/1107 440/560/439
f 1115/561/1107 441/562/440 1113/563/1105
f 447/564/446 1113/563/1105 441/562/440
f 1113/563/1105 447/564/446 1112/565/1104
f 448/566/447 1112/565/1104 447/564/446
f 1112/565/1104 448/566/447 1111/567/1103
f 449/568/448 1111/567/1103 448/566/447
f 1111/567/1103 449/568/448 442/569/441
f 443/570/442 442/569/441 449/568/448
f 442/569/441 443/570/442 1087/543/1079
f 428/545/427 1087/543/1079 443/570/442
f 462/556/461 444/571/443 445/558/444
f 459/572/458 445/558/444 444/571/443
f 445/558/444 459/572/458 440/560/439
f 458/573/457 440/560/439 459/572/458
f 440/560/439 458/573/457 441/562/440
f 446/574/445 441/562/440 458/573/457
f 441/562/440 446/574/445 447/564/446
f 456/575/455 447/564/446 446/574/445
f 447/564/446 456/575/455 448/566/447
f 455/576/454 448/566/447 456/575/455
f 448/566/447 455/576/454 449/568/448
f 454/577/453 449/568/448 455/576/454
f 449/568/448 454/577/453 443/570/442
f 453/578/452 443/570/442 454/577/453
f 443/570/442 453/578/452 428/545/427
f 451/579/450 428/545/427 453/578/452
f 428/545/427 451/579/450 430/527/429
f 450/529/449 430/527/429 451/579/450
f 452/580/451 453/578/452 484/581/483
f 454/577/453 484/581/483 453/578/452
f 484/581/483 454/577/453 473/582/472
f 455/576/454 473/582/472 454/577/453
f 473/582/472 455/576/454 471/583/470
f 456/575/455 471/583/470 455/576/454
f 471/583/470 456/575/455 457/584/456
f 446/574/445 457/584/456 456/575/455
f 457/584/456 446/574/445 468/585/467
f 458/573/457 468/585/467 446/574/445
f 468/585/467 458/573/457 467/586/466
f 459/572/458 467/586/466 458/573/457
f 467/586/466 459/572/458 460/587/459
f 444/571/443 460/587/459 459/572/458
f 460/587/459 444/571/443 465/588/464
f 461/589/460 465/588/464 444/571/443
f 444/571/443 462/556/461 461/589/460
f 437/554/436 461/589/460 462/556/461
f 427/541/426 426/542/425 437/554/436
f 461/589/460 437/554/436 426/542/425
f 426/542/425 463/590/462 461/589/460
f 465/588/464 461/589/460 463/590/462
f 463/590/462 531/591/530 465/588/464
f 464/592/463 465/588/464 531/591/530
f 465/588/464 464/592/463 460/587/459
f 526/593/525 460/587/459 464/592/463
f 460/587/459 526/593/525 467/586/466
f 466/594/465 467/586/466 526/593/525
f 467/586/466 466/594/465 468/585/467
f 470/595/469 468/585/467 466/594/465
f 468/585/467 470/595/469 457/584/456
f 469/596/468 457/584/456 470/595/469
f 457/584/456 469/596/468 471/583/470
f 472/597/471 471/583/470 469/596/468
f 471/583/470 472/597/471 473/582/472
f 483/598/482 473/582/472 472/597/471
f 492/599/491 491/601/490 475/600/474
f 474/602/473 475/600/474 491/601/490
f 475/600/474 474/602/473 463/590/462
f 531/591/530 463/590/462 474/602/473
f 463/590/462 426/542/425 475/600/474
f 476/540/475 475/600/474 426/542/425
f 475/600/474 476/540/475 492/599/491
f 477/538/476 492/599/491 476/540/475
f 492/599/491 477/538/476 490/603/489
f 425/536/424 490/603/489 477/538/476
f 490/603/489 425/536/424 478/604/477
f 424/534/423 478/604/477 425/536/424
f 478/604/477 424/534/423 479/605/478
f 422/532/421 479/605/478 424/534/423
f 479/605/478 422/532/421 480/606/479
f 481/530/480 480/606/479 422/532/421
f 480/606/479 481/530/480 486/607/485
f 450/529/449 486/607/485 481/530/480
f 486/607/485 450/529/449 482/608/481
f 451/579/450 482/608/481 450/529/449
f 482/608/481 451/579/450 452/580/451
f 453/578/452 452/580/451 451/579/450
f 473/582/472 483/598/482 484/581/483
f 485/609/484 484/581/483 483/598/482
f 484/581/483 485/609/484 452/580/451
f 530/610/529 452/580/451 485/609/484
f 452/580/451 530/610/529 482/608/481
f 529/611/528 482/608/481 530/610/529
f 482/608/481 529/611/528 486/607/485
f 487/612/486 486/607/485 529/611/528
f 486/607/485 487/612/486 480/606/479
f 528/613/527 480/606/479 487/612/486
f 480/606/479 528/613/527 479/605/478
f 488/614/487 479/605/478 528/613/527
f 479/605/478 488/614/487 478/604/477
f 527/615/526 478/604/477 488/614/487
f 478/604/477 527/615/526 490/603/489
f 489/616/488 490/603/489 527/615/526
f 490/603/489 489/616/488 492/599/491
f 491/601/490 492/599/491 489/616/488
f 494/617/493 493/619/492 687/618/682
f 493/619/492 494/617/493 679/466/674
f 384/464/383 515/486/514 395/465/394
f 515/486/514 384/464/383 516/620/515
f 679/466/674 516/620/515 384/464/383
f 679/466/674 496/621/495 516/620/515
f 679/466/674 494/617/493 496/621/495
f 495/622/494 496/621/495 494/617/493
f 684/623/679 496/621/495 495/622/494
f 684/623/679 519/624/518 496/621/495
f 498/12/497 519/624/518 684/623/679
f 519/624/518 498/12/497 520/625/519
f 498/12/497 497/496/496 520/625/519
f 497/496/496 498/12/497 682/14/677
f 682/14/677 498/12/497 683/13/678
f 682/14/677 683/13/678 681/626/676
f 500/627/499 499/629/498 502/628/501
f 502/628/501 501/630/500 500/627/499
f 501/630/500 502/628/501 503/631/502
f 503/631/502 505/632/504 501/630/500
f 505/632/504 503/631/502 504/633/503
f 504/633/503 506/634/505 505/632/504
f 506/634/505 504/633/503 408/635/407
f 408/635/407 723/636/718 506/634/505
f 723/636/718 408/635/407 409/637/408
f 409/637/408 507/638/506 723/636/718
f 507/638/506 409/637/408 508/639/507
f 508/639/507 509/640/508 507/638/506
f 509/640/508 508/639/507 388/641/387
f 390/642/389 509/640/508 388/641/387
f 391/643/390 509/640/508 390/642/389
f 509/640/508 391/643/390 614/644/609
f 614/644/609 391/643/390 510/645/509
f 391/643/390 617/646/612 510/645/509
f 617/646/612 391/643/390 511/647/510
f 511/647/510 618/648/613 617/646/612
f 618/648/613 511/647/510 393/649/392
f 512/650/511 618/648/613 393/649/392
f 618/648/613 512/650/511 611/651/606
f 397/652/396 611/651/606 512/650/511
f 611/651/606 397/652/396 513/653/512
f 515/654/514 513/653/512 397/652/396
f 513/653/512 515/654/514 514/655/513
f 515/654/514 517/656/516 514/655/513
f 517/656/516 515/654/514 516/657/515
f 516/657/515 628/658/623 517/656/516
f 628/658/623 516/657/515 496/659/495
f 496/659/495 631/660/626 628/658/623
f 631/660/626 496/659/495 519/661/518
f 519/661/518 518/662/517 631/660/626
f 518/662/517 519/661/518 520/663/519
f 520/663/519 632/664/627 518/662/517
f 632/664/627 520/663/519 497/665/496
f 497/665/496 521/666/520 632/664/627
f 521/666/520 497/665/496 401/667/400
f 401/667/400 523/668/522 521/666/520
f 523/668/522 401/667/400 522/669/521
f 522/669/521 718/670/713 523/668/522
f 718/670/713 522/669/521 402/671/401
f 402/671/401 719/672/714 718/670/713
f 719/672/714 402/671/401 403/673/402
f 403/673/402 524/674/523 719/672/714
f 524/674/523 403/673/402 404/675/403
f 404/675/403 525/676/524 524/674/523
f 525/676/524 404/675/403 405/677/404
f 405/677/404 721/678/716 525/676/524
f 721/678/716 405/677/404 499/629/498
f 499/629/498 500/627/499 721/678/716
f 527/679/526 491/681/490 489/680/488
f 470/682/469 472/684/471 469/683/468
f 526/685/525 472/684/471 470/682/469
f 526/685/525 529/683/528 472/684/471
f 491/681/490 529/683/528 526/685/525
f 491/681/490 528/686/527 529/683/528
f 527/679/526 528/686/527 491/681/490
f 488/685/487 528/686/527 527/679/526
f 526/685/525 470/682/469 466/686/465
f 529/683/528 528/686/527 487/682/486
f 472/684/471 485/687/484 483/687/482
f 472/684/471 529/683/528 485/687/484
f 485/687/484 529/683/528 530/684/529
f 491/681/490 531/680/530 474/681/473
f 491/681/490 526/685/525 531/680/530
f 531/680/530 526/685/525 464/679/463
f 536/688/535 532/689/531 554/11/553
f 532/689/531 535/8/534 533/6/532
f 532/689/531 537/7/536 535/8/534
f 567/690/565 537/7/536 532/689/531
f 567/690/565 532/689/531 536/688/535
f 567/690/565 536/688/535 556/690/555
f 532/689/531 533/6/532 550/691/549
f 535/8/534 543/692/542 545/692/544
f 535/8/534 537/7/536 543/692/542
f 543/692/542 537/7/536 542/8/541
f 538/6/537 539/693/538 537/7/536
f 540/694/539 537/7/536 539/693/538
f 537/7/536 540/694/539 542/8/541
f 541/695/540 542/8/541 540/694/539
f 542/8/541 541/695/540 543/692/542
f 544/695/543 543/692/542 541/695/540
f 543/692/542 544/695/543 545/692/544
f 546/694/545 545/692/544 544/695/543
f 545/692/544 546/694/545 535/8/534
f 547/693/546 535/8/534 546/694/545
f 535/8/534 547/693/546 534/7/533
f 548/696/547 534/7/533 547/693/546
f 534/7/533 548/696/547 533/6/532
f 549/697/548 533/6/532 548/696/547
f 533/6/532 549/697/548 550/691/549
f 551/698/550 550/691/549 549/697/548
f 550/691/549 551/698/550 532/689/531
f 553/10/552 532/689/531 551/698/550
f 532/689/531 553/10/552 554/11/553
f 554/11/553 552/9/551 536/688/535
f 555/699/554 536/688/535 552/9/551
f 536/688/535 555/699/554 556/690/555
f 557/699/556 556/690/555 555/699/554
f 556/690/555 557/699/556 567/690/565
f 558/9/557 567/690/565 557/699/556
f 567/690/565 558/9/557 560/688/559
f 559/10/558 560/688/559 558/9/557
f 560/688/559 559/10/558 565/11/563
f 562/698/168 565/11/563 559/10/558
f 565/11/563 562/698/168 561/689/560
f 563/697/561 561/689/560 562/698/168
f 561/689/560 563/697/561 566/691/564
f 564/696/562 566/691/564 563/697/561
f 566/691/564 564/696/562 538/6/537
f 539/693/538 538/6/537 564/696/562
f 561/689/560 566/691/564 565/11/563
f 565/11/563 567/690/565 560/688/559
f 565/11/563 566/691/564 567/690/565
f 567/690/565 566/691/564 537/7/536
f 537/7/536 566/691/564 538/6/537
f 571/700/568 568/702/566 570/701/566
f 568/702/566 571/700/568 573/703/568
f 570/701/566 569/705/567 572/704/569
f 570/701/566 572/704/569 571/700/568
f 347/706/346 571/700/568 572/704/569
f 571/700/568 347/706/346 84/707/84
f 84/707/84 573/703/568 571/700/568
f 573/703/568 84/707/84 574/708/84
f 83/709/83 573/703/568 574/708/84
f 573/703/568 83/709/83 751/710/746
f 751/710/746 568/702/566 573/703/568
f 568/702/566 751/710/746 576/711/571
f 568/702/566 576/711/571 570/701/566
f 570/701/566 576/711/571 569/705/567
f 576/711/571 351/712/350 569/705/567
f 351/712/350 576/711/571 575/713/570
f 351/712/350 575/713/570 577/714/572
f 577/714/572 575/713/570 752/715/747
f 773/716/768 577/714/572 752/715/747
f 577/714/572 773/716/768 766/717/761
f 578/718/573 577/714/572 766/717/761
f 577/714/572 578/718/573 579/719/574
f 767/720/762 579/719/574 578/718/573
f 579/719/574 767/720/762 350/721/349
f 351/712/350 579/719/574 350/721/349
f 351/712/350 577/714/572 579/719/574
f 584/722/579 583/724/578 923/723/916
f 855/725/850 917/727/910 580/726/575
f 581/728/576 917/727/910 855/725/850
f 581/728/576 582/729/577 917/727/910
f 583/724/578 582/729/577 581/728/576
f 583/724/578 585/730/580 582/729/577
f 584/722/579 585/730/580 583/724/578
f 922/731/915 585/730/580 584/722/579
f 581/728/576 855/725/850 854/732/849
f 582/729/577 585/730/580 921/733/914
f 917/727/910 586/735/581 918/734/911
f 917/727/910 582/729/577 586/735/581
f 586/735/581 582/729/577 920/736/913
f 583/724/578 587/738/582 851/737/846
f 583/724/578 581/728/576 587/738/582
f 587/738/582 581/728/576 853/739/848
f 591/740/586 601/742/596 588/741/583
f 589/743/584 591/740/586 608/744/603
f 591/740/586 589/743/584 590/745/585
f 609/746/604 590/745/585 589/743/584
f 590/745/585 609/746/604 594/747/589
f 594/747/589 591/740/586 590/745/585
f 594/747/589 592/748/587 591/740/586
f 591/740/586 592/748/587 601/742/596
f 601/742/596 592/748/587 599/749/594
f 597/750/592 592/748/587 593/751/588
f 593/751/588 592/748/587 594/747/589
f 1149/752/1141 609/746/604 610/753/605
f 609/746/604 1149/752/1141 595/754/590
f 595/754/590 594/747/589 609/746/604
f 594/747/589 595/754/590 596/755/591
f 593/751/588 594/747/589 596/755/591
f 596/755/591 603/756/598 593/751/588
f 604/757/599 593/751/588 603/756/598
f 593/751/588 604/757/599 597/750/592
f 605/758/600 597/750/592 604/757/599
f 597/750/592 605/758/600 592/748/587
f 598/759/593 592/748/587 605/758/600
f 592/748/587 598/759/593 599/749/594
f 600/760/595 599/749/594 598/759/593
f 599/749/594 600/760/595 601/742/596
f 602/761/597 601/742/596 600/760/595
f 601/742/596 602/761/597 588/741/583
f 608/744/603 588/741/583 602/761/597
f 588/741/583 608/744/603 591/740/586
f 603/756/598 596/755/591 595/754/590
f 1161/762/1153 595/754/590 1149/752/1141
f 595/754/590 1161/762/1153 603/756/598
f 1158/763/1150 603/756/598 1161/762/1153
f 603/756/598 1158/763/1150 604/757/599
f 606/764/601 604/757/599 1158/763/1150
f 604/757/599 606/764/601 605/758/600
f 607/765/602 605/758/600 606/764/601
f 605/758/600 607/765/602 598/759/593
f 1156/766/1148 598/759/593 607/765/602
f 598/759/593 1156/766/1148 600/760/595
f 1155/767/1147 600/760/595 1156/766/1148
f 600/760/595 1155/767/1147 602/761/597
f 1154/768/1146 602/761/597 1155/767/1147
f 602/761/597 1154/768/1146 608/744/603
f 1152/769/1144 608/744/603 1154/768/1146
f 608/744/603 1152/769/1144 589/743/584
f 610/753/605 589/743/584 1152/769/1144
f 589/743/584 610/753/605 609/746/604
f 612/483/607 618/482/613 611/487/606
f 611/487/606 620/484/615 612/483/607
f 620/484/615 611/487/606 513/485/512
f 614/475/609 613/473/608 509/474/508
f 613/473/608 614/475/609 615/476/610
f 510/477/509 615/476/610 614/475/609
f 615/476/610 510/477/509 699/478/694
f 510/477/509 616/479/611 699/478/694
f 616/479/611 510/477/509 617/480/612
f 616/479/611 617/480/612 697/481/692
f 617/480/612 623/470/618 697/481/692
f 623/470/618 617/480/612 618/482/613
f 622/468/617 623/470/618 618/482/613
f 618/482/613 612/483/607 622/468/617
f 1/463/1 622/468/617 612/483/607
f 620/484/615 1/463/1 612/483/607
f 619/465/614 1/463/1 620/484/615
f 513/485/512 619/465/614 620/484/615
f 619/465/614 513/485/512 514/486/513
f 514/486/513 621/464/616 619/465/614
f 621/464/616 514/486/513 517/620/516
f 622/468/617 1/463/1 297/469/297
f 623/470/618 622/468/617 297/469/297
f 621/464/616 1/463/1 619/465/614
f 621/464/616 625/455/620 1/463/1
f 625/455/620 621/464/616 626/466/621
f 1/463/1 624/455/619 2/463/2
f 624/455/619 1/463/1 625/455/620
f 627/619/622 685/617/680 686/618/681
f 685/617/680 627/619/622 626/466/621
f 517/620/516 626/466/621 621/464/616
f 628/621/623 626/466/621 517/620/516
f 685/617/680 626/466/621 628/621/623
f 628/621/623 629/622/624 685/617/680
f 628/621/623 630/623/625 629/622/624
f 630/623/625 628/621/623 631/624/626
f 631/624/626 633/12/628 630/623/625
f 633/12/628 631/624/626 518/625/517
f 632/496/627 633/12/628 518/625/517
f 632/496/627 635/14/630 633/12/628
f 521/497/520 635/14/630 632/496/627
f 523/498/522 635/14/630 521/497/520
f 718/499/713 635/14/630 523/498/522
f 634/13/629 635/14/630 636/626/631
f 765/438/760 637/439/632 783/440/778
f 638/441/633 783/440/778 637/439/632
f 783/440/778 638/441/633 1011/442/1003
f 743/443/738 1011/442/1003 638/441/633
f 1011/442/1003 743/443/738 1012/444/1004
f 645/445/640 1012/444/1004 743/443/738
f 1012/444/1004 645/445/640 639/446/634
f 645/445/640 643/447/638 639/446/634
f 639/446/634 643/447/638 1015/448/1007
f 640/449/635 1015/448/1007 643/447/638
f 1015/448/1007 640/449/635 1016/450/1008
f 641/451/636 1016/450/1008 640/449/635
f 642/452/637 641/451/636 640/449/635
f 641/451/636 642/452/637 676/453/671
f 3/454/3 676/453/671 642/452/637
f 676/453/671 3/454/3 624/455/619
f 3/454/3 2/463/2 624/455/619
f 2/463/2 3/454/3 711/462/706
f 643/447/638 642/452/637 640/449/635
f 3/454/3 642/452/637 643/447/638
f 3/454/3 643/447/638 644/456/639
f 644/456/639 643/447/638 645/445/640
f 1016/450/1008 641/451/636 677/457/672
f 646/460/641 647/458/642 102/459/102
f 647/458/642 646/460/641 107/461/107
f 107/461/107 646/460/641 711/462/706
f 107/461/107 711/462/706 705/467/700
f 711/462/706 646/460/641 2/463/2
f 2/463/2 646/460/641 648/518/643
f 648/518/643 646/460/641 317/519/317
f 649/520/644 648/518/643 317/519/317
f 648/518/643 649/520/644 653/514/648
f 320/521/319 653/514/648 649/520/644
f 324/517/323 653/514/648 320/521/319
f 324/517/323 320/521/319 650/522/645
f 652/513/647 651/511/646 327/512/326
f 653/514/648 651/511/646 652/513/647
f 651/511/646 653/514/648 325/515/324
f 325/515/324 653/514/648 654/516/649
f 654/516/649 653/514/648 324/517/323
f 653/514/648 652/513/647 656/523/651
f 653/514/648 656/523/651 655/524/650
f 655/524/650 656/523/651 657/525/652
f 657/525/652 656/523/651 300/526/300
f 658/392/653 662/393/657 663/394/658
f 658/392/653 659/396/654 662/393/657
f 662/393/657 659/396/654 660/395/655
f 659/396/654 344/770/343 660/395/655
f 343/771/342 660/395/655 344/770/343
f 660/395/655 343/771/342 662/393/657
f 661/772/656 662/393/657 343/771/342
f 662/393/657 661/772/656 663/394/658
f 345/773/344 663/394/658 661/772/656
f 663/394/658 345/773/344 658/392/653
f 664/774/659 658/392/653 345/773/344
f 658/392/653 664/774/659 659/396/654
f 344/770/343 659/396/654 664/774/659
f 668/775/663 672/777/667 670/776/665
f 672/777/667 668/775/663 665/15/660
f 673/778/668 672/777/667 626/779/621
f 626/779/621 672/777/667 666/16/661
f 666/16/661 672/777/667 665/15/660
f 667/17/662 665/15/660 668/775/663
f 668/775/663 669/780/664 667/17/662
f 670/776/665 669/780/664 668/775/663
f 671/781/666 669/780/664 670/776/665
f 672/777/667 671/781/666 670/776/665
f 671/781/666 672/777/667 673/778/668
f 673/778/668 675/782/670 671/781/666
f 675/782/670 673/778/668 674/783/669
f 675/782/670 1018/784/1010 669/780/664
f 675/782/670 669/780/664 671/781/666
f 666/16/661 625/785/620 626/779/621
f 625/785/620 666/16/661 667/17/662
f 676/786/671 625/785/620 667/17/662
f 667/17/662 669/780/664 676/786/671
f 676/786/671 669/780/664 677/787/672
f 676/786/671 677/787/672 641/788/636
f 625/785/620 676/786/671 624/789/619
f 626/779/621 493/791/492 679/790/674
f 673/778/668 626/779/621 679/790/674
f 673/778/668 679/790/674 678/792/673
f 673/778/668 678/792/673 674/783/669
f 680/793/675 674/783/669 678/792/673
f 674/783/669 680/793/675 675/782/670
f 680/793/675 378/794/377 675/782/670
f 675/782/670 378/794/377 1018/784/1010
f 1018/784/1010 378/794/377 379/795/378
f 385/796/384 678/792/673 679/790/674
f 678/792/673 385/796/384 680/793/675
f 385/796/384 375/797/374 680/793/675
f 378/794/377 680/793/675 375/797/374
f 375/797/374 385/796/384 374/798/373
f 635/799/630 410/801/409 682/800/677
f 682/800/677 636/802/631 635/799/630
f 636/802/631 682/800/677 681/803/676
f 681/803/676 634/804/629 636/802/631
f 634/804/629 681/803/676 683/805/678
f 683/805/678 633/806/628 634/804/629
f 633/806/628 683/805/678 498/807/497
f 498/807/497 630/808/625 633/806/628
f 630/808/625 498/807/497 684/809/679
f 684/809/679 629/810/624 630/808/625
f 629/810/624 684/809/679 495/811/494
f 495/811/494 685/812/680 629/810/624
f 685/812/680 495/811/494 494/813/493
f 494/813/493 686/814/681 685/812/680
f 686/814/681 494/813/493 687/815/682
f 687/815/682 627/816/622 686/814/681
f 627/816/622 687/815/682 493/791/492
f 493/791/492 626/779/621 627/816/622
f 689/817/684 398/819/397 688/818/683
f 688/818/683 717/820/712 689/817/684
f 717/820/712 688/818/683 407/821/406
f 407/821/406 716/822/711 717/820/712
f 716/822/711 407/821/406 399/823/398
f 399/823/398 690/824/685 716/822/711
f 690/824/685 399/823/398 406/825/405
f 406/825/405 692/826/687 690/824/685
f 692/826/687 406/825/405 691/827/686
f 691/827/686 720/828/715 692/826/687
f 720/828/715 691/827/686 400/829/399
f 400/829/399 715/830/710 720/828/715
f 715/830/710 400/829/399 693/831/688
f 693/831/688 694/832/689 715/830/710
f 694/832/689 693/831/688 411/833/410
f 411/833/410 695/834/690 694/832/689
f 695/834/690 411/833/410 410/801/409
f 410/801/409 635/799/630 695/834/690
f 392/835/391 696/837/691 116/836/116
f 392/835/391 297/838/297 696/837/691
f 297/838/297 392/835/391 623/839/618
f 392/835/391 697/840/692 623/839/618
f 697/840/692 392/835/391 698/841/693
f 698/841/693 616/842/611 697/840/692
f 616/842/611 698/841/693 700/843/695
f 700/843/695 699/844/694 616/842/611
f 699/844/694 700/843/695 701/845/696
f 389/846/388 699/844/694 701/845/696
f 702/847/697 699/844/694 389/846/388
f 699/844/694 702/847/697 615/848/610
f 615/848/610 702/847/697 613/849/608
f 702/847/697 703/850/698 613/849/608
f 703/850/698 702/847/697 704/851/699
f 704/851/699 722/852/717 703/850/698
f 722/852/717 704/851/699 398/819/397
f 398/819/397 689/817/684 722/852/717
f 705/853/700 706/855/701 105/854/105
f 705/853/700 707/856/702 706/855/701
f 705/853/700 710/857/705 707/856/702
f 707/856/702 710/857/705 708/858/703
f 707/856/702 708/858/703 114/859/114
f 706/855/701 707/856/702 115/860/115
f 710/857/705 709/862/704 750/861/745
f 709/862/704 710/857/705 349/863/348
f 349/863/348 710/857/705 133/864/133
f 705/853/700 133/864/133 710/857/705
f 711/865/706 133/864/133 705/853/700
f 711/865/706 712/866/707 133/864/133
f 711/865/706 713/867/708 712/866/707
f 713/867/708 711/865/706 4/868/4
f 133/864/133 712/866/707 714/869/709
f 349/863/348 127/871/127 128/870/128
f 349/863/348 133/864/133 127/871/127
f 127/871/127 133/864/133 131/872/131
f 694/500/689 720/495/715 715/510/710
f 720/495/715 690/493/685 692/494/687
f 690/493/685 717/491/712 716/492/711
f 635/14/630 694/500/689 695/509/690
f 694/500/689 635/14/630 718/499/713
f 719/501/714 694/500/689 718/499/713
f 719/501/714 720/495/715 694/500/689
f 524/502/523 720/495/715 719/501/714
f 525/503/524 720/495/715 524/502/523
f 525/503/524 690/493/685 720/495/715
f 721/504/716 690/493/685 525/503/524
f 500/505/499 690/493/685 721/504/716
f 500/505/499 717/491/712 690/493/685
f 501/506/500 717/491/712 500/505/499
f 505/507/504 717/491/712 501/506/500
f 506/508/505 717/491/712 505/507/504
f 722/489/717 717/491/712 506/508/505
f 723/471/718 722/489/717 506/508/505
f 723/471/718 613/473/608 722/489/717
f 507/472/506 613/473/608 723/471/718
f 613/473/608 507/472/506 509/474/508
f 722/489/717 613/473/608 703/488/698
f 717/491/712 722/489/717 689/490/684
f 357/873/356 354/875/353 355/874/354
f 357/873/356 730/876/725 354/875/353
f 729/877/724 730/876/725 357/873/356
f 729/877/724 357/873/356 724/878/719
f 724/878/719 357/873/356 725/879/720
f 727/880/722 726/882/721 363/881/362
f 727/880/722 728/883/723 726/882/721
f 727/880/722 746/884/741 728/883/723
f 728/883/723 746/884/741 729/877/724
f 729/877/724 746/884/741 747/885/742
f 729/877/724 747/885/742 730/876/725
f 754/886/749 730/876/725 747/885/742
f 730/876/725 754/886/749 352/887/351
f 352/887/351 754/886/749 731/888/726
f 726/882/721 728/883/723 732/889/727
f 746/884/741 727/880/722 733/890/728
f 733/890/728 727/880/722 365/891/364
f 734/18/729 737/892/732 736/20/731
f 747/885/742 737/892/732 734/18/729
f 737/892/732 747/885/742 738/893/733
f 738/893/733 747/885/742 739/894/734
f 739/894/734 747/885/742 637/895/632
f 761/896/756 739/894/734 637/895/632
f 762/897/757 761/896/756 637/895/632
f 761/896/756 762/897/757 763/898/758
f 736/20/731 737/892/732 756/899/751
f 742/900/737 761/896/756 740/901/735
f 739/894/734 761/896/756 741/902/736
f 741/902/736 761/896/756 742/900/737
f 741/902/736 742/900/737 758/903/753
f 744/904/739 377/906/376 3/905/3
f 644/907/639 744/904/739 3/905/3
f 645/908/640 744/904/739 644/907/639
f 743/909/738 744/904/739 645/908/640
f 638/910/633 744/904/739 743/909/738
f 637/895/632 744/904/739 638/910/633
f 744/904/739 637/895/632 369/911/368
f 369/911/368 637/895/632 745/912/740
f 637/895/632 747/885/742 745/912/740
f 745/912/740 747/885/742 367/913/366
f 367/913/366 747/885/742 746/884/741
f 710/404/705 749/403/744 748/405/743
f 749/403/744 710/404/705 750/400/745
f 749/403/744 750/400/745 83/399/83
f 83/399/83 576/397/571 751/398/746
f 83/399/83 750/400/745 576/397/571
f 750/400/745 752/407/747 576/397/571
f 753/402/748 752/407/747 750/400/745
f 753/402/748 755/408/750 752/407/747
f 754/409/749 755/408/750 753/402/748
f 747/410/742 755/408/750 754/409/749
f 734/411/729 755/408/750 747/410/742
f 755/408/750 734/411/729 772/412/767
f 735/413/730 772/412/767 734/411/729
f 772/412/767 735/413/730 774/414/769
f 736/415/731 774/414/769 735/413/730
f 774/414/769 736/415/731 775/416/770
f 756/417/751 775/416/770 736/415/731
f 775/416/770 756/417/751 770/418/765
f 737/419/732 770/418/765 756/417/751
f 770/418/765 737/419/732 769/420/764
f 738/421/733 769/420/764 737/419/732
f 752/407/747 755/408/750 773/406/768
f 576/397/571 752/407/747 575/401/570
f 769/420/764 738/421/733 757/422/752
f 739/423/734 757/422/752 738/421/733
f 757/422/752 739/423/734 771/424/766
f 741/425/736 771/424/766 739/423/734
f 771/424/766 741/425/736 779/426/774
f 758/427/753 779/426/774 741/425/736
f 779/426/774 758/427/753 778/428/773
f 742/429/737 778/428/773 758/427/753
f 778/428/773 742/429/737 759/430/754
f 740/431/735 759/430/754 742/429/737
f 759/430/754 740/431/735 760/432/755
f 761/433/756 760/432/755 740/431/735
f 760/432/755 761/433/756 780/434/775
f 763/435/758 780/434/775 761/433/756
f 780/434/775 763/435/758 764/436/759
f 762/437/757 764/436/759 763/435/758
f 764/436/759 762/437/757 765/438/760
f 637/439/632 765/438/760 762/437/757
f 766/21/761 767/22/762 578/914/573
f 757/915/752 770/917/765 769/916/764
f 771/918/766 770/917/765 757/915/752
f 771/918/766 772/919/767 770/917/765
f 771/918/766 768/23/763 772/919/767
f 772/919/767 768/23/763 766/21/761
f 772/919/767 766/21/761 755/920/750
f 755/920/750 766/21/761 773/921/768
f 770/917/765 772/919/767 774/922/769
f 770/917/765 774/922/769 775/923/770
f 771/918/766 776/924/771 768/23/763
f 768/23/763 776/924/771 359/925/358
f 768/23/763 359/925/358 353/926/352
f 353/926/352 359/925/358 777/927/772
f 353/926/352 777/927/772 356/928/355
f 777/927/772 359/925/358 358/929/357
f 780/930/775 771/918/766 779/931/774
f 780/930/775 779/931/774 759/932/754
f 759/932/754 779/931/774 778/933/773
f 780/930/775 759/932/754 760/934/755
f 368/935/367 1006/937/998 1019/936/1011
f 1006/937/998 368/935/367 1009/938/1001
f 781/939/776 1009/938/1001 368/935/367
f 1009/938/1001 781/939/776 1010/940/1002
f 781/939/776 786/941/781 1010/940/1002
f 786/941/781 782/942/777 1010/940/1002
f 782/942/777 786/941/781 792/943/787
f 792/943/787 1011/944/1003 782/942/777
f 1011/944/1003 792/943/787 783/945/778
f 791/946/786 783/945/778 792/943/787
f 783/945/778 791/946/786 765/947/760
f 784/948/779 765/947/760 791/946/786
f 765/947/760 784/948/779 764/949/759
f 784/948/779 780/930/775 764/949/759
f 784/948/779 785/950/780 780/930/775
f 785/950/780 771/918/766 780/930/775
f 360/951/359 771/918/766 785/950/780
f 771/918/766 360/951/359 776/924/771
f 786/941/781 781/939/776 787/952/782
f 787/952/782 788/953/783 786/941/781
f 788/953/783 787/952/782 366/954/365
f 366/954/365 789/955/784 788/953/783
f 789/955/784 366/954/365 790/956/785
f 790/956/785 785/950/780 789/955/784
f 789/955/784 785/950/780 784/948/779
f 784/948/779 788/953/783 789/955/784
f 788/953/783 784/948/779 791/946/786
f 791/946/786 786/941/781 788/953/783
f 786/941/781 791/946/786 792/943/787
f 360/951/359 785/950/780 793/957/788
f 793/957/788 785/950/780 362/958/361
f 793/957/788 362/958/361 361/959/360
f 362/958/361 785/950/780 364/960/363
f 802/961/797 806/963/801 805/962/800
f 806/963/801 802/961/797 800/964/795
f 794/965/789 999/967/991 1001/966/993
f 999/967/991 1077/968/1069 1001/966/993
f 1077/968/1069 999/967/991 998/969/990
f 850/970/845 1077/968/1069 998/969/990
f 1077/968/1069 850/970/845 795/971/790
f 810/972/805 795/971/790 850/970/845
f 795/971/790 810/972/805 1075/973/1067
f 796/974/791 1075/973/1067 810/972/805
f 1075/973/1067 796/974/791 803/975/798
f 796/974/791 797/976/792 803/975/798
f 798/977/793 803/975/798 797/976/792
f 797/976/792 806/963/801 798/977/793
f 806/963/801 799/978/794 798/977/793
f 799/978/794 806/963/801 800/964/795
f 820/979/815 799/978/794 800/964/795
f 802/961/797 820/979/815 800/964/795
f 801/980/796 820/979/815 802/961/797
f 805/962/800 801/980/796 802/961/797
f 803/975/798 798/977/793 799/978/794
f 799/978/794 1075/973/1067 803/975/798
f 799/978/794 820/979/815 1075/973/1067
f 797/976/792 796/974/791 807/981/802
f 801/980/796 805/962/800 804/982/799
f 806/963/801 804/982/799 805/962/800
f 797/976/792 804/982/799 806/963/801
f 797/976/792 808/983/803 804/982/799
f 807/981/802 808/983/803 797/976/792
f 809/984/804 808/983/803 807/981/802
f 796/974/791 809/984/804 807/981/802
f 809/984/804 796/974/791 816/985/811
f 796/974/791 810/972/805 816/985/811
f 810/972/805 811/986/806 816/985/811
f 811/986/806 810/972/805 818/987/813
f 818/987/813 808/983/803 811/986/806
f 808/983/803 818/987/813 812/988/807
f 817/989/812 808/983/803 812/988/807
f 812/988/807 813/990/808 817/989/812
f 813/990/808 815/991/810 817/989/812
f 815/991/810 813/990/808 814/992/809
f 814/992/809 804/982/799 815/991/810
f 813/990/808 812/988/807 818/987/813
f 811/986/806 809/984/804 816/985/811
f 809/984/804 811/986/806 808/983/803
f 804/982/799 808/983/803 817/989/812
f 804/982/799 817/989/812 815/991/810
f 818/987/813 810/972/805 819/993/814
f 818/987/813 819/993/814 813/990/808
f 813/990/808 819/993/814 814/992/809
f 804/982/799 814/992/809 801/980/796
f 819/993/814 801/980/796 814/992/809
f 801/980/796 819/993/814 820/979/815
f 852/994/847 820/979/815 819/993/814
f 820/979/815 852/994/847 1073/995/1065
f 843/996/838 1073/995/1065 852/994/847
f 1073/995/1065 843/996/838 830/997/825
f 821/998/816 830/997/825 843/996/838
f 830/997/825 821/998/816 822/999/817
f 821/998/816 823/1000/818 822/999/817
f 824/1001/819 822/999/817 823/1000/818
f 823/1000/818 834/1002/829 824/1001/819
f 834/1002/829 829/1003/824 824/1001/819
f 829/1003/824 834/1002/829 825/1004/820
f 826/1005/821 829/1003/824 825/1004/820
f 828/1006/823 826/1005/821 825/1004/820
f 828/1006/823 845/1007/840 826/1005/821
f 845/1007/840 828/1006/823 827/1008/822
f 834/1002/829 828/1006/823 825/1004/820
f 822/999/817 824/1001/819 829/1003/824
f 829/1003/824 830/997/825 822/999/817
f 829/1003/824 826/1005/821 830/997/825
f 831/1009/826 841/1011/836 840/1010/835
f 832/1012/827 841/1011/836 831/1009/826
f 823/1000/818 841/1011/836 832/1012/827
f 823/1000/818 832/1012/827 834/1002/829
f 834/1002/829 832/1012/827 833/1013/828
f 828/1006/823 834/1002/829 833/1013/828
f 833/1013/828 827/1008/822 828/1006/823
f 827/1008/822 833/1013/828 832/1012/827
f 835/1014/830 841/1011/836 836/1015/831
f 836/1015/831 841/1011/836 823/1000/818
f 823/1000/818 821/998/816 836/1015/831
f 821/998/816 835/1014/830 836/1015/831
f 837/1016/832 845/1007/840 827/1008/822
f 832/1012/827 837/1016/832 827/1008/822
f 837/1016/832 832/1012/827 838/1017/833
f 832/1012/827 831/1009/826 838/1017/833
f 846/1018/841 838/1017/833 831/1009/826
f 840/1010/835 846/1018/841 831/1009/826
f 846/1018/841 840/1010/835 839/1019/834
f 841/1011/836 839/1019/834 840/1010/835
f 839/1019/834 841/1011/836 844/1020/839
f 835/1014/830 844/1020/839 841/1011/836
f 844/1020/839 835/1014/830 842/1021/837
f 835/1014/830 821/998/816 842/1021/837
f 821/998/816 843/996/838 842/1021/837
f 843/996/838 844/1020/839 842/1021/837
f 844/1020/839 843/996/838 839/1019/834
f 839/1019/834 843/996/838 845/1007/840
f 839/1019/834 845/1007/840 846/1018/841
f 846/1018/841 845/1007/840 837/1016/832
f 838/1017/833 846/1018/841 837/1016/832
f 848/1022/843 996/1024/988 847/1023/842
f 847/1023/842 849/1025/844 848/1022/843
f 848/1022/843 849/1025/844 998/969/990
f 849/1025/844 923/1026/916 998/969/990
f 583/1027/578 998/969/990 923/1026/916
f 998/969/990 583/1027/578 850/970/845
f 851/1028/846 850/970/845 583/1027/578
f 850/970/845 851/1028/846 810/972/805
f 587/1029/582 810/972/805 851/1028/846
f 810/972/805 587/1029/582 819/993/814
f 853/1030/848 819/993/814 587/1029/582
f 819/993/814 853/1030/848 852/994/847
f 581/1031/576 852/994/847 853/1030/848
f 852/994/847 581/1031/576 843/996/838
f 854/1032/849 843/996/838 581/1031/576
f 843/996/838 854/1032/849 845/1007/840
f 855/1033/850 845/1007/840 854/1032/849
f 845/1007/840 855/1033/850 916/1034/909
f 916/1034/909 826/1005/821 845/1007/840
f 826/1005/821 916/1034/909 856/1035/851
f 860/1036/854 856/1035/851 916/1034/909
f 856/1035/851 860/1036/854 857/1037/852
f 859/1038/853 857/1037/852 860/1036/854
f 859/1038/853 860/1036/854 861/1039/855
f 859/1038/853 872/1041/866 883/1040/877
f 857/1037/852 859/1038/853 883/1040/877
f 872/1041/866 859/1038/853 871/1042/865
f 859/1038/853 858/1043/789 871/1042/865
f 858/1043/789 859/1038/853 861/1039/855
f 869/1044/863 858/1043/789 861/1039/855
f 860/1036/854 869/1044/863 861/1039/855
f 869/1044/863 860/1036/854 863/1045/857
f 863/1045/857 860/1036/854 862/1046/856
f 863/1045/857 862/1046/856 864/1047/858
f 864/1047/858 862/1046/856 865/1048/859
f 868/1049/862 864/1047/858 865/1048/859
f 865/1048/859 881/1050/875 868/1049/862
f 881/1050/875 866/1051/860 868/1049/862
f 881/1050/875 870/1052/864 866/1051/860
f 866/1051/860 870/1052/864 867/1053/861
f 870/1052/864 863/1045/857 867/1053/861
f 864/1047/858 867/1053/861 863/1045/857
f 867/1053/861 864/1047/858 866/1051/860
f 864/1047/858 868/1049/862 866/1051/860
f 863/1045/857 870/1052/864 869/1044/863
f 858/1043/789 869/1044/863 870/1052/864
f 858/1043/789 870/1052/864 871/1042/865
f 871/1042/865 870/1052/864 872/1041/866
f 872/1041/866 870/1052/864 881/1050/875
f 865/1048/859 862/1046/856 880/1054/874
f 881/1050/875 865/1048/859 880/1054/874
f 907/1055/901 875/25/869 873/1056/867
f 876/26/870 873/1056/867 875/25/869
f 876/26/870 874/24/868 919/1057/912
f 1069/1058/1061 919/1057/912 874/24/868
f 919/1057/912 1069/1058/1061 877/1059/871
f 878/1060/872 877/1059/871 1069/1058/1061
f 877/1059/871 878/1060/872 862/1046/856
f 879/1061/873 862/1046/856 878/1060/872
f 862/1046/856 879/1061/873 880/1054/874
f 887/1062/881 880/1054/874 879/1061/873
f 880/1054/874 887/1062/881 881/1050/875
f 882/1063/876 881/1050/875 887/1062/881
f 872/1041/866 881/1050/875 882/1063/876
f 872/1041/866 882/1063/876 884/1064/878
f 884/1064/878 883/1040/877 872/1041/866
f 883/1040/877 884/1064/878 885/1065/879
f 885/1065/879 857/1037/852 883/1040/877
f 885/1065/879 882/1063/876 886/1066/880
f 882/1063/876 885/1065/879 884/1064/878
f 885/1065/879 878/1060/872 857/1037/852
f 878/1060/872 885/1065/879 886/1066/880
f 879/1061/873 878/1060/872 886/1066/880
f 882/1063/876 879/1061/873 886/1066/880
f 879/1061/873 882/1063/876 887/1062/881
f 894/1067/888 919/1057/912 888/1068/882
f 894/1067/888 888/1068/882 896/1069/890
f 896/1069/890 888/1068/882 905/1070/899
f 905/1070/899 889/1071/883 896/1069/890
f 889/1071/883 905/1070/899 891/1072/885
f 891/1072/885 890/1073/884 889/1071/883
f 891/1072/885 893/1074/887 890/1073/884
f 890/1073/884 893/1074/887 892/1075/886
f 893/1074/887 895/1076/889 892/1075/886
f 894/1067/888 892/1075/886 895/1076/889
f 895/1076/889 919/1057/912 894/1067/888
f 876/26/870 919/1057/912 895/1076/889
f 895/1076/889 893/1074/887 876/26/870
f 873/1056/867 876/26/870 893/1074/887
f 892/1075/886 894/1067/888 890/1073/884
f 896/1069/890 890/1073/884 894/1067/888
f 890/1073/884 896/1069/890 889/1071/883
f 943/1077/936 934/1079/927 938/1078/931
f 943/1077/936 938/1078/931 897/1080/891
f 938/1078/931 898/1081/892 897/1080/891
f 899/1082/893 897/1080/891 898/1081/892
f 901/1083/895 899/1082/893 898/1081/892
f 899/1082/893 901/1083/895 900/1084/894
f 903/1085/897 900/1084/894 901/1083/895
f 900/1084/894 903/1085/897 902/1086/896
f 904/1087/898 902/1086/896 903/1085/897
f 902/1086/896 904/1087/898 888/1068/882
f 904/1087/898 910/1088/903 888/1068/882
f 905/1070/899 888/1068/882 910/1088/903
f 906/1089/900 905/1070/899 910/1088/903
f 905/1070/899 906/1089/900 891/1072/885
f 906/1089/900 908/1090/803 891/1072/885
f 891/1072/885 908/1090/803 893/1074/887
f 893/1074/887 908/1090/803 907/1055/901
f 893/1074/887 907/1055/901 873/1056/867
f 909/1091/902 910/1088/903 911/1092/904
f 910/1088/903 904/1087/898 911/1092/904
f 910/1088/903 909/1091/902 906/1089/900
f 909/1091/902 908/1090/803 906/1089/900
f 911/1092/904 908/1090/803 909/1091/902
f 908/1090/803 911/1092/904 913/1093/906
f 904/1087/898 913/1093/906 911/1092/904
f 904/1087/898 915/1094/908 913/1093/906
f 915/1094/908 904/1087/898 874/24/868
f 915/1094/908 874/24/868 914/1095/907
f 914/1095/907 874/24/868 875/25/869
f 875/25/869 907/1055/901 914/1095/907
f 912/1096/905 914/1095/907 907/1055/901
f 907/1055/901 908/1090/803 912/1096/905
f 913/1093/906 912/1096/905 908/1090/803
f 912/1096/905 913/1093/906 915/1094/908
f 914/1095/907 912/1096/905 915/1094/908
f 580/1097/575 916/1034/909 855/1033/850
f 916/1034/909 580/1097/575 860/1036/854
f 917/1098/910 860/1036/854 580/1097/575
f 860/1036/854 917/1098/910 862/1046/856
f 918/1099/911 862/1046/856 917/1098/910
f 862/1046/856 918/1099/911 877/1059/871
f 586/1100/581 877/1059/871 918/1099/911
f 877/1059/871 586/1100/581 919/1057/912
f 920/1101/913 919/1057/912 586/1100/581
f 919/1057/912 920/1101/913 888/1068/882
f 582/1102/577 888/1068/882 920/1101/913
f 888/1068/882 582/1102/577 902/1086/896
f 921/1103/914 902/1086/896 582/1102/577
f 902/1086/896 921/1103/914 900/1084/894
f 585/1104/580 900/1084/894 921/1103/914
f 900/1084/894 585/1104/580 941/1105/934
f 922/1106/915 941/1105/934 585/1104/580
f 941/1105/934 922/1106/915 926/1107/919
f 584/1108/579 926/1107/919 922/1106/915
f 926/1107/919 584/1108/579 849/1025/844
f 923/1026/916 849/1025/844 584/1108/579
f 1004/1109/996 1003/1111/995 924/1110/917
f 924/1110/917 991/1112/983 1004/1109/996
f 991/1112/983 924/1110/917 925/1113/918
f 986/1114/978 991/1112/983 925/1113/918
f 925/1113/918 995/1115/987 986/1114/978
f 995/1115/987 925/1113/918 924/1110/917
f 1003/1111/995 995/1115/987 924/1110/917
f 995/1115/987 1003/1111/995 849/1025/844
f 1078/1116/1070 849/1025/844 1003/1111/995
f 849/1025/844 1078/1116/1070 926/1107/919
f 927/1117/920 926/1107/919 1078/1116/1070
f 926/1107/919 927/1117/920 941/1105/934
f 927/1117/920 928/1118/921 941/1105/934
f 929/1119/922 941/1105/934 928/1118/921
f 930/1120/923 929/1119/922 928/1118/921
f 929/1119/922 930/1120/923 931/1121/924
f 930/1120/923 934/1079/927 931/1121/924
f 931/1121/924 934/1079/927 943/1077/936
f 932/1122/925 928/1118/921 933/1123/926
f 928/1118/921 927/1117/920 933/1123/926
f 928/1118/921 932/1122/925 930/1120/923
f 932/1122/925 934/1079/927 930/1120/923
f 933/1123/926 934/1079/927 932/1122/925
f 934/1079/927 933/1123/926 935/1124/928
f 927/1117/920 935/1124/928 933/1123/926
f 927/1117/920 936/1125/929 935/1124/928
f 936/1125/929 927/1117/920 901/1083/895
f 936/1125/929 901/1083/895 937/1126/930
f 937/1126/930 901/1083/895 898/1081/892
f 898/1081/892 938/1078/931 937/1126/930
f 939/1127/932 937/1126/930 938/1078/931
f 938/1078/931 934/1079/927 939/1127/932
f 935/1124/928 939/1127/932 934/1079/927
f 939/1127/932 935/1124/928 936/1125/929
f 937/1126/930 939/1127/932 936/1125/929
f 940/1128/933 900/1084/894 941/1105/934
f 940/1128/933 941/1105/934 947/1129/939
f 947/1129/939 941/1105/934 929/1119/922
f 929/1119/922 942/1130/935 947/1129/939
f 942/1130/935 929/1119/922 931/1121/924
f 931/1121/924 946/1131/938 942/1130/935
f 931/1121/924 943/1077/936 946/1131/938
f 946/1131/938 943/1077/936 944/1132/828
f 943/1077/936 945/1133/937 944/1132/828
f 940/1128/933 944/1132/828 945/1133/937
f 945/1133/937 900/1084/894 940/1128/933
f 899/1082/893 900/1084/894 945/1133/937
f 945/1133/937 943/1077/936 899/1082/893
f 897/1080/891 899/1082/893 943/1077/936
f 944/1132/828 940/1128/933 946/1131/938
f 947/1129/939 946/1131/938 940/1128/933
f 946/1131/938 947/1129/939 942/1130/935
f 958/1134/950 1059/1136/1051 1058/1135/1050
f 1059/1136/1051 1062/1138/1054 948/1137/940
f 1035/1139/1027 955/1141/947 953/1140/945
f 955/1141/947 1035/1139/1027 949/1142/941
f 1059/1136/1051 949/1142/941 1035/1139/1027
f 1035/1139/1027 950/1143/942 1059/1136/1051
f 1059/1136/1051 950/1143/942 952/1144/944
f 1059/1136/1051 952/1144/944 1062/1138/1054
f 1062/1138/1054 952/1144/944 951/1145/943
f 1062/1138/1054 951/1145/943 1065/1146/1057
f 951/1145/943 952/1144/944 1021/1147/1013
f 963/1148/955 953/1140/945 954/1149/946
f 954/1149/946 953/1140/945 955/1141/947
f 955/1141/947 961/1150/953 954/1149/946
f 949/1142/941 961/1150/953 955/1141/947
f 956/1151/948 961/1150/953 949/1142/941
f 949/1142/941 1059/1136/1051 956/1151/948
f 956/1151/948 1059/1136/1051 962/1152/954
f 962/1152/954 1059/1136/1051 958/1134/950
f 962/1152/954 958/1134/950 957/1153/949
f 957/1153/949 958/1134/950 965/1154/957
f 965/1154/957 961/1150/953 957/1153/949
f 959/1155/951 961/1150/953 965/1154/957
f 960/1156/952 961/1150/953 959/1155/951
f 959/1155/951 1041/1157/1033 960/1156/952
f 960/1156/952 1041/1157/1033 964/1158/956
f 964/1158/956 1041/1157/1033 1039/1159/1031
f 957/1153/949 961/1150/953 962/1152/954
f 962/1152/954 961/1150/953 956/1151/948
f 954/1149/946 961/1150/953 963/1148/955
f 963/1148/955 961/1150/953 960/1156/952
f 960/1156/952 964/1158/956 963/1148/955
f 963/1148/955 964/1158/956 953/1140/945
f 953/1140/945 964/1158/956 1037/1160/1029
f 1042/1161/1034 958/1134/950 1057/1162/1049
f 1041/1157/1033 958/1134/950 1042/1161/1034
f 965/1154/957 958/1134/950 1041/1157/1033
f 965/1154/957 1041/1157/1033 959/1155/951
f 979/1163/971 971/1165/963 976/1164/968
f 982/29/974 971/1165/963 979/1163/971
f 966/1166/958 971/1165/963 982/29/974
f 982/29/974 980/27/972 966/1166/958
f 967/1167/959 966/1166/958 980/27/972
f 966/1166/958 967/1167/959 968/1168/960
f 985/1169/977 968/1168/960 967/1167/959
f 968/1168/960 985/1169/977 969/1170/961
f 970/1171/962 969/1170/961 985/1169/977
f 969/1170/961 970/1171/962 971/1165/963
f 972/1172/964 971/1165/963 970/1171/962
f 971/1165/963 972/1172/964 973/1173/965
f 974/1174/966 973/1173/965 972/1172/964
f 973/1173/965 974/1174/966 977/1175/969
f 984/1176/976 977/1175/969 974/1174/966
f 977/1175/969 984/1176/976 975/1177/967
f 983/1178/975 975/1177/967 984/1176/976
f 975/1177/967 983/1178/975 976/1164/968
f 976/1164/968 971/1165/963 973/1173/965
f 976/1164/968 973/1173/965 977/1175/969
f 976/1164/968 977/1175/969 975/1177/967
f 971/1165/963 968/1168/960 969/1170/961
f 968/1168/960 971/1165/963 966/1166/958
f 978/1179/970 976/1164/968 983/1178/975
f 976/1164/968 978/1179/970 979/1163/971
f 981/28/973 979/1163/971 978/1179/970
f 979/1163/971 981/28/973 982/29/974
f 985/1170/977 972/1173/964 970/1165/962
f 984/1177/976 978/1163/970 983/1164/975
f 984/1177/976 972/1173/964 978/1163/970
f 978/1163/970 972/1173/964 981/29/973
f 981/29/973 972/1173/964 985/1170/977
f 981/29/973 985/1170/977 980/1166/972
f 980/1166/972 985/1170/977 967/1168/959
f 984/1177/976 974/1175/966 972/1173/964
f 990/1180/982 986/1114/978 988/1181/980
f 990/1180/982 988/1181/980 987/1182/979
f 988/1181/980 989/1183/981 987/1182/979
f 997/1184/989 987/1182/979 989/1183/981
f 987/1182/979 997/1184/989 990/1180/982
f 997/1184/989 1000/1185/992 990/1180/982
f 1000/1185/992 992/1186/984 990/1180/982
f 990/1180/982 992/1186/984 986/1114/978
f 986/1114/978 992/1186/984 991/1112/983
f 991/1112/983 992/1186/984 993/1187/985
f 993/1187/985 1004/1109/996 991/1112/983
f 1004/1109/996 993/1187/985 994/1188/986
f 993/1187/985 1002/1189/994 994/1188/986
f 1002/1189/994 993/1187/985 992/1186/984
f 995/1115/987 849/1025/844 847/1023/842
f 847/1023/842 986/1114/978 995/1115/987
f 986/1114/978 847/1023/842 996/1024/988
f 988/1181/980 986/1114/978 996/1024/988
f 996/1024/988 848/1022/843 988/1181/980
f 989/1183/981 988/1181/980 848/1022/843
f 848/1022/843 998/969/990 989/1183/981
f 989/1183/981 998/969/990 997/1184/989
f 997/1184/989 998/969/990 999/967/991
f 1000/1185/992 997/1184/989 999/967/991
f 999/967/991 794/965/789 1000/1185/992
f 794/965/789 992/1186/984 1000/1185/992
f 1001/966/993 992/1186/984 794/965/789
f 992/1186/984 1001/966/993 1002/1189/994
f 1077/968/1069 1002/1189/994 1001/966/993
f 1002/1189/994 1077/968/1069 994/1188/986
f 994/1188/986 1077/968/1069 1003/1111/995
f 994/1188/986 1003/1111/995 1004/1109/996
f 1005/1190/997 1014/1192/1006 1017/1191/1009
f 1014/1192/1006 1005/1190/997 1007/1193/999
f 1006/937/998 1007/1193/999 1005/1190/997
f 1007/1193/999 1006/937/998 1008/1194/1000
f 1009/938/1001 1008/1194/1000 1006/937/998
f 1008/1194/1000 1009/938/1001 1013/1195/1005
f 1010/940/1002 1013/1195/1005 1009/938/1001
f 1013/1195/1005 1010/940/1002 782/942/777
f 1011/944/1003 1013/1195/1005 782/942/777
f 1013/1195/1005 1011/944/1003 1012/1196/1004
f 1012/1196/1004 1008/1194/1000 1013/1195/1005
f 1008/1194/1000 1012/1196/1004 639/1197/634
f 639/1197/634 1007/1193/999 1008/1194/1000
f 1007/1193/999 639/1197/634 1015/1198/1007
f 1015/1198/1007 1014/1192/1006 1007/1193/999
f 1014/1192/1006 1015/1198/1007 1016/1199/1008
f 677/1200/672 1014/1192/1006 1016/1199/1008
f 1014/1192/1006 677/1200/672 669/1201/664
f 669/1201/664 1017/1191/1009 1014/1192/1006
f 1017/1191/1009 669/1201/664 1018/1202/1010
f 379/1203/378 1017/1191/1009 1018/1202/1010
f 1017/1191/1009 379/1203/378 373/1204/372
f 370/1205/369 1017/1191/1009 373/1204/372
f 1017/1191/1009 370/1205/369 1005/1190/997
f 1019/936/1011 1005/1190/997 370/1205/369
f 1005/1190/997 1019/936/1011 1006/937/998
f 1021/1206/1013 1020/1208/1012 951/1207/943
f 1020/1208/1012 1021/1206/1013 1033/1209/1025
f 1033/1209/1025 1022/1210/1014 1020/1208/1012
f 1022/1210/1014 1033/1209/1025 1024/1211/1016
f 1023/1212/1015 1024/1211/1016 1033/1209/1025
f 1024/1211/1016 1023/1212/1015 1025/1213/1017
f 1034/1214/1026 1025/1213/1017 1023/1212/1015
f 1025/1213/1017 1034/1214/1026 1026/1215/1018
f 1036/1216/1028 1026/1215/1018 1034/1214/1026
f 1026/1215/1018 1036/1216/1028 1028/1217/1020
f 1027/1218/1019 1028/1217/1020 1036/1216/1028
f 1028/1217/1020 1027/1218/1019 1029/1219/1021
f 1038/1220/1030 1029/1219/1021 1027/1218/1019
f 1029/1219/1021 1038/1220/1030 1030/1221/1022
f 1040/1222/1032 1030/1221/1022 1038/1220/1030
f 1030/1221/1022 1040/1222/1032 1031/1223/1023
f 1032/1224/1024 1031/1223/1023 1040/1222/1032
f 1031/1223/1023 1032/1224/1024 1043/1225/1035
f 952/1226/944 1033/1209/1025 1021/1206/1013
f 1033/1209/1025 952/1226/944 1023/1212/1015
f 950/1227/942 1023/1212/1015 952/1226/944
f 1023/1212/1015 950/1227/942 1034/1214/1026
f 1035/1228/1027 1034/1214/1026 950/1227/942
f 1034/1214/1026 1035/1228/1027 1036/1216/1028
f 953/1229/945 1036/1216/1028 1035/1228/1027
f 1036/1216/1028 953/1229/945 1027/1218/1019
f 1037/1230/1029 1027/1218/1019 953/1229/945
f 1027/1218/1019 1037/1230/1029 1038/1220/1030
f 964/1231/956 1038/1220/1030 1037/1230/1029
f 1038/1220/1030 964/1231/956 1040/1222/1032
f 1039/1232/1031 1040/1222/1032 964/1231/956
f 1040/1222/1032 1039/1232/1031 1032/1224/1024
f 1041/1233/1033 1032/1224/1024 1039/1232/1031
f 1032/1224/1024 1041/1233/1033 1044/1234/1036
f 1042/1235/1034 1044/1234/1036 1041/1233/1033
f 1044/1234/1036 1042/1235/1034 1046/1236/1038
f 1044/1234/1036 1043/1225/1035 1032/1224/1024
f 1043/1225/1035 1044/1234/1036 1045/1237/1037
f 1046/1236/1038 1045/1237/1037 1044/1234/1036
f 1045/1237/1037 1046/1236/1038 1047/1238/1039
f 1048/1239/1040 1047/1238/1039 1046/1236/1038
f 1047/1238/1039 1048/1239/1040 1049/1240/1041
f 1050/1241/1042 1049/1240/1041 1048/1239/1040
f 1049/1240/1041 1050/1241/1042 1051/1242/1043
f 1060/1243/1052 1051/1242/1043 1050/1241/1042
f 1051/1242/1043 1060/1243/1052 1052/1244/1044
f 1061/1245/1053 1052/1244/1044 1060/1243/1052
f 1052/1244/1044 1061/1245/1053 1053/1246/1045
f 1063/1247/1055 1053/1246/1045 1061/1245/1053
f 1053/1246/1045 1063/1247/1055 1054/1248/1046
f 1064/1249/1056 1054/1248/1046 1063/1247/1055
f 1054/1248/1046 1064/1249/1056 1055/1250/1047
f 1066/1251/1058 1055/1250/1047 1064/1249/1056
f 1055/1250/1047 1066/1251/1058 1056/1252/1048
f 1020/1253/1012 1056/1252/1048 1066/1251/1058
f 1056/1252/1048 1020/1253/1012 1022/1254/1014
f 1057/1255/1049 1046/1236/1038 1042/1235/1034
f 1046/1236/1038 1057/1255/1049 1048/1239/1040
f 958/1256/950 1048/1239/1040 1057/1255/1049
f 1048/1239/1040 958/1256/950 1050/1241/1042
f 1058/1257/1050 1050/1241/1042 958/1256/950
f 1050/1241/1042 1058/1257/1050 1060/1243/1052
f 1059/1258/1051 1060/1243/1052 1058/1257/1050
f 1060/1243/1052 1059/1258/1051 1061/1245/1053
f 948/1259/940 1061/1245/1053 1059/1258/1051
f 1061/1245/1053 948/1259/940 1063/1247/1055
f 1062/1260/1054 1063/1247/1055 948/1259/940
f 1063/1247/1055 1062/1260/1054 1064/1249/1056
f 1065/1261/1057 1064/1249/1056 1062/1260/1054
f 1064/1249/1056 1065/1261/1057 1066/1251/1058
f 951/1262/943 1066/1251/1058 1065/1261/1057
f 1066/1251/1058 951/1262/943 1020/1253/1012
f 1067/1263/1059 904/1265/898 1108/1264/1100
f 904/1265/898 1067/1263/1059 874/1266/868
f 1068/1267/1060 874/1266/868 1067/1263/1059
f 874/1266/868 1068/1267/1060 1069/1268/1061
f 1070/1269/1062 1069/1268/1061 1068/1267/1060
f 1069/1268/1061 1070/1269/1062 878/1270/872
f 1106/1271/1098 878/1270/872 1070/1269/1062
f 878/1270/872 1106/1271/1098 857/1272/852
f 1071/1273/1063 857/1272/852 1106/1271/1098
f 857/1272/852 1071/1273/1063 856/1274/851
f 1072/1275/1064 856/1274/851 1071/1273/1063
f 856/1274/851 1072/1275/1064 826/1276/821
f 1100/1277/1092 826/1276/821 1072/1275/1064
f 826/1276/821 1100/1277/1092 830/1278/825
f 1098/1279/1090 830/1278/825 1100/1277/1092
f 830/1278/825 1098/1279/1090 1073/1280/1065
f 1097/1281/1089 1073/1280/1065 1098/1279/1090
f 1073/1280/1065 1097/1281/1089 820/1282/815
f 1074/1283/1066 820/1285/815 1097/1284/1089
f 820/1285/815 1074/1283/1066 1075/1286/1067
f 1076/1287/1068 1075/1286/1067 1074/1283/1066
f 1075/1286/1067 1076/1287/1068 795/1288/790
f 1093/1289/1085 795/1288/790 1076/1287/1068
f 795/1288/790 1093/1289/1085 1077/1290/1069
f 1092/1291/1084 1077/1290/1069 1093/1289/1085
f 1077/1290/1069 1092/1291/1084 1003/1292/995
f 1090/1293/1082 1003/1292/995 1092/1291/1084
f 1003/1292/995 1090/1293/1082 1078/1294/1070
f 1089/1295/1081 1078/1294/1070 1090/1293/1082
f 1078/1294/1070 1089/1295/1081 927/1296/920
f 1079/1297/1071 927/1296/920 1089/1295/1081
f 927/1296/920 1079/1297/1071 901/1298/895
f 1080/1299/1072 901/1298/895 1079/1297/1071
f 901/1298/895 1080/1299/1072 903/1300/897
f 1108/1264/1100 903/1300/897 1080/1299/1072
f 903/1300/897 1108/1264/1100 904/1265/898
f 1081/1301/1073 1088/1303/1080 1082/1302/1074
f 1091/1304/1083 1082/1302/1074 1088/1303/1080
f 1082/1302/1074 1091/1304/1083 1083/1305/1075
f 1094/1306/1086 1083/1305/1075 1091/1304/1083
f 1083/1305/1075 1094/1306/1086 1084/1307/1076
f 1085/1308/1077 1084/1307/1076 1094/1306/1086
f 1084/1307/1076 1085/1308/1077 433/1309/432
f 1095/1310/1087 433/1309/432 1085/1308/1077
f 433/1309/432 1095/1310/1087 431/1311/430
f 1096/1312/1088 431/1311/430 1095/1310/1087
f 431/1311/430 1096/1312/1088 1086/1313/1078
f 1099/1314/1091 1086/1313/1078 1096/1312/1088
f 1086/1313/1078 1099/1314/1091 429/1315/428
f 1101/1316/1093 429/1315/428 1099/1314/1091
f 429/1315/428 1101/1316/1093 1087/1317/1079
f 1102/1318/1094 1087/1317/1079 1101/1316/1093
f 1087/1317/1079 1102/1318/1094 442/1319/441
f 1103/1320/1095 442/1319/441 1102/1318/1094
f 1119/1321/1111 1089/1322/1081 1088/1303/1080
f 1090/1323/1082 1088/1303/1080 1089/1322/1081
f 1088/1303/1080 1090/1323/1082 1091/1304/1083
f 1092/1324/1084 1091/1304/1083 1090/1323/1082
f 1091/1304/1083 1092/1324/1084 1094/1306/1086
f 1093/1325/1085 1094/1306/1086 1092/1324/1084
f 1094/1306/1086 1093/1325/1085 1085/1308/1077
f 1076/1326/1068 1085/1308/1077 1093/1325/1085
f 1085/1308/1077 1076/1326/1068 1095/1310/1087
f 1074/1327/1066 1095/1310/1087 1076/1326/1068
f 1095/1310/1087 1074/1327/1066 1096/1312/1088
f 1097/1328/1089 1096/1312/1088 1074/1327/1066
f 1096/1312/1088 1097/1328/1089 1099/1314/1091
f 1098/1329/1090 1099/1314/1091 1097/1328/1089
f 1099/1314/1091 1098/1329/1090 1101/1316/1093
f 1100/1330/1092 1101/1316/1093 1098/1329/1090
f 1101/1316/1093 1100/1330/1092 1102/1318/1094
f 1072/1331/1064 1102/1318/1094 1100/1330/1092
f 1102/1318/1094 1072/1331/1064 1103/1320/1095
f 1071/1332/1063 1103/1320/1095 1072/1331/1064
f 1103/1320/1095 1071/1332/1063 1104/1333/1096
f 1106/1334/1098 1104/1333/1096 1071/1332/1063
f 1104/1333/1096 1106/1334/1098 1105/1335/1097
f 1070/1336/1062 1105/1335/1097 1106/1334/1098
f 1105/1335/1097 1070/1336/1062 1107/1337/1099
f 1068/1338/1060 1107/1337/1099 1070/1336/1062
f 1107/1337/1099 1068/1338/1060 1114/1339/1106
f 1067/1340/1059 1114/1339/1106 1068/1338/1060
f 1114/1339/1106 1067/1340/1059 1116/1341/1108
f 1108/1342/1100 1116/1341/1108 1067/1340/1059
f 1116/1341/1108 1108/1342/1100 1109/1343/1101
f 1080/1344/1072 1109/1343/1101 1108/1342/1100
f 1109/1343/1101 1080/1344/1072 1110/1345/1102
f 1079/1346/1071 1110/1345/1102 1080/1344/1072
f 1110/1345/1102 1079/1346/1071 1119/1321/1111
f 1089/1322/1081 1119/1321/1111 1079/1346/1071
f 442/1319/441 1103/1320/1095 1111/1347/1103
f 1104/1333/1096 1111/1347/1103 1103/1320/1095
f 1111/1347/1103 1104/1333/1096 1112/1348/1104
f 1105/1335/1097 1112/1348/1104 1104/1333/1096
f 1112/1348/1104 1105/1335/1097 1113/1349/1105
f 1107/1337/1099 1113/1349/1105 1105/1335/1097
f 1113/1349/1105 1107/1337/1099 1115/1350/1107
f 1114/1339/1106 1115/1350/1107 1107/1337/1099
f 1115/1350/1107 1114/1339/1106 439/1351/438
f 1116/1341/1108 439/1351/438 1114/1339/1106
f 439/1351/438 1116/1341/1108 438/1352/437
f 1109/1343/1101 438/1352/437 1116/1341/1108
f 438/1352/437 1109/1343/1101 1117/1353/1109
f 1110/1345/1102 1117/1353/1109 1109/1343/1101
f 1117/1353/1109 1110/1345/1102 1118/1354/1110
f 1119/1321/1111 1118/1354/1110 1110/1345/1102
f 1118/1354/1110 1119/1321/1111 1081/1301/1073
f 1088/1303/1080 1081/1301/1073 1119/1321/1111
f 1142/1355/1134 1128/1357/1120 1120/1356/1112
f 1121/1358/1113 1120/1356/1112 1128/1357/1120
f 1120/1356/1112 1121/1358/1113 1140/1359/1132
f 1122/1360/1114 1140/1359/1132 1121/1358/1113
f 1140/1359/1132 1122/1360/1114 1138/1361/1130
f 1132/1358/1124 1138/1361/1130 1122/1360/1114
f 1138/1361/1130 1132/1358/1124 1136/1359/1128
f 1133/1357/1125 1136/1359/1128 1132/1358/1124
f 1136/1359/1128 1133/1357/1125 1151/1356/1143
f 1134/1362/1126 1151/1356/1143 1133/1357/1125
f 1151/1356/1143 1134/1362/1126 1147/1355/1139
f 1135/1363/1127 1147/1355/1139 1134/1362/1126
f 1147/1355/1139 1135/1363/1127 1146/1364/1138
f 1123/1365/1115 1146/1364/1138 1135/1363/1127
f 1146/1364/1138 1123/1365/1115 1144/1366/1136
f 1127/1363/1119 1144/1366/1136 1123/1365/1115
f 1144/1366/1136 1127/1363/1119 1143/1364/1135
f 1124/1362/1116 1143/1364/1135 1127/1363/1119
f 1123/1365/1115 1126/1367/1118 1127/1363/1119
f 1125/1368/1117 1127/1363/1119 1126/1367/1118
f 1127/1363/1119 1125/1368/1117 1124/1362/1116
f 192/1369/192 1124/1362/1116 1125/1368/1117
f 1143/1364/1135 1124/1362/1116 1142/1355/1134
f 1128/1357/1120 1142/1355/1134 1124/1362/1116
f 1124/1362/1116 192/1369/192 1128/1357/1120
f 191/1370/191 1128/1357/1120 192/1369/192
f 1128/1357/1120 191/1370/191 1121/1358/1113
f 1129/1371/1121 1121/1358/1113 191/1370/191
f 1121/1358/1113 1129/1371/1121 1122/1360/1114
f 1130/1370/1122 1122/1360/1114 1129/1371/1121
f 1122/1360/1114 1130/1370/1122 1132/1358/1124
f 1131/1369/1123 1132/1358/1124 1130/1370/1122
f 1132/1358/1124 1131/1369/1123 1133/1357/1125
f 190/1368/190 1133/1357/1125 1131/1369/1123
f 1133/1357/1125 190/1368/190 1134/1362/1126
f 188/1367/188 1134/1362/1126 190/1368/190
f 1134/1362/1126 188/1367/188 1135/1363/1127
f 189/1372/189 1135/1363/1127 188/1367/188
f 1135/1363/1127 189/1372/189 1123/1365/1115
f 1126/1367/1118 1123/1365/1115 189/1372/189
f 1151/1356/1143 1137/1373/1129 1136/1359/1128
f 1153/1374/1145 1136/1359/1128 1137/1373/1129
f 1136/1359/1128 1153/1374/1145 1138/1361/1130
f 1139/1373/1131 1138/1361/1130 1153/1374/1145
f 1138/1361/1130 1139/1373/1131 1140/1359/1132
f 1157/1375/1149 1140/1359/1132 1139/1373/1131
f 1140/1359/1132 1157/1375/1149 1120/1356/1112
f 1141/1376/1133 1120/1356/1112 1157/1375/1149
f 1120/1356/1112 1141/1376/1133 1142/1355/1134
f 1159/1377/1151 1142/1355/1134 1141/1376/1133
f 1142/1355/1134 1159/1377/1151 1143/1364/1135
f 1160/1378/1152 1143/1364/1135 1159/1377/1151
f 1143/1364/1135 1160/1378/1152 1144/1366/1136
f 1148/1377/1140 1144/1366/1136 1160/1378/1152
f 1144/1366/1136 1148/1377/1140 1146/1364/1138
f 1145/1376/1137 1146/1364/1138 1148/1377/1140
f 1146/1364/1138 1145/1376/1137 1147/1355/1139
f 1150/1375/1142 1147/1355/1139 1145/1376/1137
f 1148/1377/1140 1149/1379/1141 1145/1376/1137
f 610/1380/605 1145/1376/1137 1149/1379/1141
f 1145/1376/1137 610/1380/605 1150/1375/1142
f 1152/1381/1144 1150/1375/1142 610/1380/605
f 1147/1355/1139 1150/1375/1142 1151/1356/1143
f 1137/1373/1129 1151/1356/1143 1150/1375/1142
f 1150/1375/1142 1152/1381/1144 1137/1373/1129
f 1154/1382/1146 1137/1373/1129 1152/1381/1144
f 1137/1373/1129 1154/1382/1146 1153/1374/1145
f 1155/1381/1147 1153/1374/1145 1154/1382/1146
f 1153/1374/1145 1155/1381/1147 1139/1373/1131
f 1156/1380/1148 1139/1373/1131 1155/1381/1147
f 1139/1373/1131 1156/1380/1148 1157/1375/1149
f 607/1379/602 1157/1375/1149 1156/1380/1148
f 1157/1375/1149 607/1379/602 1141/1376/1133
f 606/1383/601 1141/1376/1133 607/1379/602
f 1141/1376/1133 606/1383/601 1159/1377/1151
f 1158/1384/1150 1159/1377/1151 606/1383/601
f 1159/1377/1151 1158/1384/1150 1160/1378/1152
f 1161/1383/1153 1160/1378/1152 1158/1384/1150
f 1160/1378/1152 1161/1383/1153 1148/1377/1140
f 1149/1379/1141 1148/1377/1140 1161/1383/1153
f 1176/1385/1167 1178/1387/1169 1177/1386/1168
f 1179/1388/1170 1181/1390/1172 1180/1389/1171
f 1274/1391/1256 1276/1393/1258 1275/1392/1257
f 1167/1394/1158 1168/1396/1159 1162/1395/1154
f 1163/1397/344 1162/1395/1154 1168/1396/1159
f 1162/1395/1154 1163/1397/344 1164/1398/1155
f 1166/1399/1157 1164/1398/1155 1163/1397/344
f 1164/1398/1155 1166/1399/1157 1165/1400/1156
f 1230/1401/1221 1165/1400/1156 1166/1399/1157
f 1165/1400/1156 1230/1401/1221 1167/1394/1158
f 1168/1396/1159 1167/1394/1158 1230/1401/1221
f 1167/1394/1158 1164/1398/1155 1165/1400/1156
f 1164/1398/1155 1167/1394/1158 1162/1395/1154
f 1184/1402/1175 1170/1404/1161 1183/1403/1174
f 1388/1405/1360 1169/1406/1160 1184/1402/1175
f 1184/1402/1175 1169/1406/1160 1172/1407/1163
f 1184/1402/1175 1172/1407/1163 1170/1404/1161
f 1170/1404/1161 1172/1407/1163 1171/1408/1162
f 1172/1407/1163 1169/1406/1160 1197/1409/1188
f 1174/1410/1165 1234/1412/1225 1173/1411/1164
f 1191/1413/1182 1234/1412/1225 1190/1414/1181
f 1234/1412/1225 1191/1413/1182 1173/1411/1164
f 1194/1415/1185 1173/1411/1164 1191/1413/1182
f 1173/1411/1164 1194/1415/1185 1174/1410/1165
f 1195/1416/1186 1174/1410/1165 1194/1415/1185
f 1174/1410/1165 1195/1416/1186 1390/1417/1362
f 1177/1386/1168 1174/1410/1165 1390/1417/1362
f 1177/1386/1168 1234/1412/1225 1174/1410/1165
f 1177/1386/1168 1178/1387/1169 1234/1412/1225
f 1234/1412/1225 1178/1387/1169 1233/1418/1224
f 1178/1387/1169 1180/1419/1171 1233/1418/1224
f 1180/1419/1171 1178/1387/1169 1179/1420/1170
f 1176/1385/1167 1179/1420/1170 1178/1387/1169
f 1179/1420/1170 1176/1385/1167 1175/1421/1166
f 1177/1386/1168 1175/1421/1166 1176/1385/1167
f 1175/1421/1166 1177/1386/1168 1392/1422/1364
f 1175/1423/1166 1182/1424/1173 1179/1388/1170
f 1181/1390/1172 1179/1388/1170 1182/1424/1173
f 1182/1424/1173 1231/1425/1222 1181/1390/1172
f 1231/1425/1222 1182/1424/1173 1188/1426/1179
f 1188/1426/1179 1170/1427/1161 1231/1425/1222
f 1170/1427/1161 1188/1426/1179 1183/1428/1174
f 1185/1429/1176 1183/1428/1174 1188/1426/1179
f 1183/1428/1174 1185/1429/1176 1184/1430/1175
f 1185/1429/1176 1388/1431/1360 1184/1430/1175
f 1388/1431/1360 1185/1429/1176 1391/1432/1363
f 1185/1429/1176 1186/1433/1177 1391/1432/1363
f 1186/1433/1177 1185/1429/1176 1187/1434/1178
f 1187/1434/1178 1392/1435/1364 1186/1433/1177
f 1392/1435/1364 1187/1434/1178 1175/1423/1166
f 1182/1424/1173 1175/1423/1166 1187/1434/1178
f 1187/1434/1178 1188/1426/1179 1182/1424/1173
f 1188/1426/1179 1187/1434/1178 1185/1429/1176
f 1172/1436/1163 1232/1425/1223 1171/1437/1162
f 1232/1425/1223 1172/1436/1163 1189/1426/1180
f 1189/1426/1180 1235/1390/1226 1232/1425/1223
f 1235/1390/1226 1189/1426/1180 1192/1424/1183
f 1192/1424/1183 1190/1389/1181 1235/1390/1226
f 1190/1389/1181 1192/1424/1183 1191/1438/1182
f 1193/1439/1184 1191/1438/1182 1192/1424/1183
f 1191/1438/1182 1193/1439/1184 1194/1440/1185
f 1389/1441/1361 1194/1440/1185 1193/1439/1184
f 1194/1440/1185 1389/1441/1361 1195/1442/1186
f 1193/1439/1184 1387/1443/1359 1389/1441/1361
f 1387/1443/1359 1193/1439/1184 1196/1444/1187
f 1192/1424/1183 1196/1444/1187 1193/1439/1184
f 1196/1444/1187 1192/1424/1183 1189/1426/1180
f 1189/1426/1180 1197/1445/1188 1196/1444/1187
f 1197/1445/1188 1189/1426/1180 1172/1436/1163
f 1196/1444/1187 1169/1446/1160 1387/1443/1359
f 1169/1446/1160 1196/1444/1187 1197/1445/1188
f 1199/1447/1190 1198/1449/1189 1213/1448/1204
f 1210/1450/1201 1200/1451/1191 1199/1447/1190
f 1199/1447/1190 1200/1451/1191 1206/1452/1197
f 1199/1447/1190 1206/1452/1197 1198/1449/1189
f 1198/1449/1189 1206/1452/1197 1205/1453/1196
f 1206/1452/1197 1200/1451/1191 1208/1454/1199
f 1211/1455/1202 1202/1457/1193 1209/1456/1200
f 1211/1455/1202 1201/1458/1192 1202/1457/1193
f 1202/1457/1193 1201/1458/1192 1207/1459/1198
f 1212/1460/1203 1203/1461/1194 1211/1455/1202
f 1211/1455/1202 1203/1461/1194 1201/1458/1192
f 1201/1458/1192 1203/1461/1194 1204/1462/1195
f 1203/1461/1194 1198/1463/1189 1204/1462/1195
f 1205/1464/1196 1204/1462/1195 1198/1463/1189
f 1204/1462/1195 1205/1464/1196 1201/1458/1192
f 1206/1465/1197 1201/1458/1192 1205/1464/1196
f 1201/1458/1192 1206/1465/1197 1207/1459/1198
f 1208/1466/1199 1207/1459/1198 1206/1465/1197
f 1207/1459/1198 1208/1466/1199 1202/1457/1193
f 1200/1467/1191 1202/1457/1193 1208/1466/1199
f 1202/1457/1193 1200/1467/1191 1209/1456/1200
f 1210/1468/1201 1209/1456/1200 1200/1467/1191
f 1209/1456/1200 1210/1468/1201 1211/1455/1202
f 1199/1469/1190 1211/1455/1202 1210/1468/1201
f 1211/1455/1202 1199/1469/1190 1212/1460/1203
f 1213/1470/1204 1212/1460/1203 1199/1469/1190
f 1212/1460/1203 1213/1470/1204 1203/1461/1194
f 1198/1463/1189 1203/1461/1194 1213/1470/1204
f 1218/1471/1209 1214/1473/1205 1217/1472/1208
f 1220/1474/1211 1221/1475/1212 1218/1471/1209
f 1218/1471/1209 1221/1475/1212 1214/1473/1205
f 1214/1473/1205 1221/1475/1212 1228/1476/1219
f 1214/1473/1205 1228/1476/1219 1215/1477/1206
f 1228/1476/1219 1229/1478/1220 1215/1477/1206
f 1216/1479/1207 1215/1477/1206 1229/1478/1220
f 1215/1477/1206 1216/1479/1207 1214/1473/1205
f 1236/1480/1227 1214/1473/1205 1216/1479/1207
f 1214/1473/1205 1236/1480/1227 1217/1472/1208
f 1219/1481/1210 1217/1472/1208 1236/1480/1227
f 1217/1472/1208 1219/1481/1210 1218/1471/1209
f 1237/1482/1228 1218/1471/1209 1219/1481/1210
f 1218/1471/1209 1237/1482/1228 1220/1474/1211
f 1222/1483/1213 1220/1474/1211 1237/1482/1228
f 1220/1474/1211 1222/1483/1213 1221/1475/1212
f 1238/1484/1229 1221/1475/1212 1222/1483/1213
f 1221/1475/1212 1238/1484/1229 1223/1485/1214
f 1226/1486/1217 1223/1485/1214 1238/1484/1229
f 1228/1476/1219 1225/1488/1216 1224/1487/1215
f 1228/1476/1219 1221/1475/1212 1225/1488/1216
f 1225/1488/1216 1221/1475/1212 1223/1485/1214
f 1223/1485/1214 1226/1486/1217 1225/1488/1216
f 1239/1489/1230 1225/1488/1216 1226/1486/1217
f 1225/1488/1216 1239/1489/1230 1224/1487/1215
f 1227/1490/1218 1224/1487/1215 1239/1489/1230
f 1224/1487/1215 1227/1490/1218 1228/1476/1219
f 1229/1478/1220 1228/1476/1219 1227/1490/1218
f 1230/1491/1221 1163/1493/344 1168/1492/1159
f 1163/1493/344 1230/1491/1221 1166/1494/1157
f 1181/1495/1172 1233/1497/1224 1180/1496/1171
f 1233/1497/1224 1181/1495/1172 1231/1498/1222
f 1171/1499/1162 1231/1498/1222 1170/1500/1161
f 1233/1497/1224 1231/1498/1222 1171/1499/1162
f 1233/1497/1224 1171/1499/1162 1232/1501/1223
f 1233/1497/1224 1232/1501/1223 1234/1502/1225
f 1232/1501/1223 1190/1503/1181 1234/1502/1225
f 1190/1503/1181 1232/1501/1223 1235/1504/1226
f 1236/1505/1227 1237/1507/1228 1219/1506/1210
f 1229/1508/1220 1237/1507/1228 1236/1505/1227
f 1229/1508/1220 1236/1505/1227 1216/1509/1207
f 1239/1510/1230 1229/1508/1220 1227/1511/1218
f 1239/1510/1230 1237/1507/1228 1229/1508/1220
f 1238/1512/1229 1237/1507/1228 1239/1510/1230
f 1222/1513/1213 1237/1507/1228 1238/1512/1229
f 1238/1512/1229 1239/1510/1230 1226/1514/1217
f 1240/1505/1231 1242/1507/1233 1301/1506/1281
f 1241/1508/1232 1242/1507/1233 1240/1505/1231
f 1241/1508/1232 1240/1505/1231 1300/1509/1280
f 1243/1510/1234 1241/1508/1232 1298/1511/1278
f 1243/1510/1234 1242/1507/1233 1241/1508/1232
f 1305/1512/1285 1242/1507/1233 1243/1510/1234
f 1303/1513/1283 1242/1507/1233 1305/1512/1285
f 1305/1512/1285 1243/1510/1234 1306/1514/1286
f 1310/1515/1265 1309/1517/1243 1244/1516/1235
f 1309/1517/1243 1310/1515/1265 1245/1518/1236
f 1246/1519/1237 1248/1521/1239 1247/1520/1238
f 1248/1521/1239 1246/1519/1237 1252/1522/1242
f 1250/1523/1240 1247/1525/1238 1248/1524/1239
f 1247/1525/1238 1250/1523/1240 1249/1526/653
f 1249/1526/653 1246/1527/1237 1247/1525/1238
f 1246/1527/1237 1249/1526/653 1253/1528/1243
f 1250/1523/1240 1253/1528/1243 1249/1526/653
f 1253/1528/1243 1250/1523/1240 1251/1529/1241
f 1248/1524/1239 1251/1529/1241 1250/1523/1240
f 1251/1529/1241 1248/1524/1239 1252/1530/1242
f 1252/1530/1242 1253/1528/1243 1251/1529/1241
f 1253/1528/1243 1252/1530/1242 1246/1527/1237
f 1255/1531/1245 1356/1533/1332 1254/1532/1244
f 1356/1533/1332 1255/1531/1245 1354/1534/1331
f 1256/1532/1246 1258/1534/1248 1259/1533/1249
f 1258/1534/1248 1256/1532/1246 1257/1531/1247
f 1262/1535/1236 1259/1536/1249 1258/1494/1248
f 1259/1536/1249 1262/1535/1236 1261/1537/1221
f 1261/1537/1221 1256/1538/1246 1259/1536/1249
f 1256/1538/1246 1261/1537/1221 1260/1539/1250
f 1262/1535/1236 1260/1539/1250 1261/1537/1221
f 1260/1539/1250 1262/1535/1236 1263/1494/344
f 1258/1494/1248 1263/1494/344 1262/1535/1236
f 1263/1494/344 1258/1494/1248 1257/1540/1247
f 1257/1540/1247 1260/1539/1250 1263/1494/344
f 1260/1539/1250 1257/1540/1247 1256/1538/1246
f 1266/1541/1253 1265/1543/1252 1264/1542/1251
f 1265/1543/1252 1266/1541/1253 1271/1544/1254
f 1269/1545/1243 1264/1547/1251 1265/1546/1252
f 1264/1547/1251 1269/1545/1243 1268/1548/1241
f 1268/1548/1241 1266/1540/1253 1264/1547/1251
f 1266/1540/1253 1268/1548/1241 1267/1494/1240
f 1269/1545/1243 1267/1494/1240 1268/1548/1241
f 1267/1494/1240 1269/1545/1243 1270/1549/653
f 1265/1546/1252 1270/1549/653 1269/1545/1243
f 1270/1549/653 1265/1546/1252 1271/1550/1254
f 1271/1550/1254 1267/1494/1240 1270/1549/653
f 1267/1494/1240 1271/1550/1254 1266/1540/1253
f 1363/1551/1337 1360/1553/1336 1272/1552/1255
f 1360/1553/1336 1363/1551/1337 1359/1554/1335
f 1273/1555/1240 1278/1557/1243 1277/1556/1259
f 1278/1557/1243 1273/1555/1240 1279/1558/1260
f 1276/1393/1258 1274/1391/1256 1280/1559/1261
f 1276/1393/1258 1277/1560/1259 1275/1392/1257
f 1278/1561/1243 1275/1392/1257 1277/1560/1259
f 1275/1392/1257 1278/1561/1243 1274/1391/1256
f 1279/1562/1260 1274/1391/1256 1278/1561/1243
f 1274/1391/1256 1279/1562/1260 1280/1559/1261
f 1273/1563/1240 1280/1559/1261 1279/1562/1260
f 1280/1559/1261 1273/1563/1240 1276/1393/1258
f 1277/1560/1259 1276/1393/1258 1273/1563/1240
f 1288/1551/1268 1282/1553/1263 1281/1554/1262
f 1282/1553/1263 1288/1551/1268 1286/1552/1267
f 1285/1564/1266 1281/1566/1262 1282/1565/1263
f 1281/1566/1262 1285/1564/1266 1284/1567/1265
f 1284/1567/1265 1288/1568/1268 1281/1566/1262
f 1288/1568/1268 1284/1567/1265 1283/1569/1264
f 1285/1564/1266 1283/1569/1264 1284/1567/1265
f 1283/1569/1264 1285/1564/1266 1287/1570/344
f 1282/1565/1263 1287/1570/344 1285/1564/1266
f 1287/1570/344 1282/1565/1263 1286/1571/1267
f 1286/1571/1267 1283/1569/1264 1287/1570/344
f 1283/1569/1264 1286/1571/1267 1288/1568/1268
f 1381/1572/1353 1383/1574/1355 1289/1573/1269
f 1290/1575/1270 1383/1574/1355 1381/1572/1353
f 1290/1575/1270 1381/1572/1353 1380/1576/1352
f 1377/1577/1349 1290/1575/1270 1378/1578/1350
f 1373/1579/1345 1290/1575/1270 1377/1577/1349
f 1373/1579/1345 1383/1574/1355 1290/1575/1270
f 1291/1580/1271 1383/1574/1355 1373/1579/1345
f 1386/1581/1358 1383/1574/1355 1291/1580/1271
f 1373/1579/1345 1377/1577/1349 1376/1582/1348
f 1291/1580/1271 1373/1579/1345 1372/1583/1344
f 1294/1584/1274 1293/1586/1273 1292/1585/1272
f 1293/1586/1273 1295/1588/1275 1299/1587/1279
f 1293/1586/1273 1304/1589/1284 1295/1588/1275
f 1294/1584/1274 1304/1589/1284 1293/1586/1273
f 1302/1590/1282 1304/1589/1284 1294/1584/1274
f 1295/1588/1275 1296/1592/1276 1297/1591/1277
f 1295/1588/1275 1304/1589/1284 1296/1592/1276
f 1296/1592/1276 1304/1589/1284 1307/1593/1287
f 1296/1592/1276 1243/1594/1234 1297/1591/1277
f 1298/1595/1278 1297/1591/1277 1243/1594/1234
f 1297/1591/1277 1298/1595/1278 1295/1588/1275
f 1241/1596/1232 1295/1588/1275 1298/1595/1278
f 1295/1588/1275 1241/1596/1232 1299/1587/1279
f 1300/1597/1280 1299/1587/1279 1241/1596/1232
f 1299/1587/1279 1300/1597/1280 1293/1586/1273
f 1240/1598/1231 1293/1586/1273 1300/1597/1280
f 1293/1586/1273 1240/1598/1231 1292/1585/1272
f 1301/1599/1281 1292/1585/1272 1240/1598/1231
f 1292/1585/1272 1301/1599/1281 1294/1584/1274
f 1242/1600/1233 1294/1584/1274 1301/1599/1281
f 1294/1584/1274 1242/1600/1233 1302/1590/1282
f 1303/1601/1283 1302/1590/1282 1242/1600/1233
f 1302/1590/1282 1303/1601/1283 1304/1589/1284
f 1305/1602/1285 1304/1589/1284 1303/1601/1283
f 1304/1589/1284 1305/1602/1285 1307/1593/1287
f 1306/1603/1286 1307/1593/1287 1305/1602/1285
f 1307/1593/1287 1306/1603/1286 1296/1592/1276
f 1243/1594/1234 1296/1592/1276 1306/1603/1286
f 1324/1604/1302 1325/1606/1303 1308/1605/1288
f 1349/1607/1327 1331/1609/1309 1319/1608/1297
f 1352/1610/1330 1349/1607/1327 1319/1608/1297
f 1352/1610/1330 1319/1608/1297 1313/1611/1291
f 1309/1612/1243 1352/1610/1330 1313/1611/1291
f 1308/1605/1288 1309/1612/1243 1313/1611/1291
f 1308/1605/1288 1244/1613/1235 1309/1612/1243
f 1308/1605/1288 1310/1614/1265 1244/1613/1235
f 1325/1606/1303 1310/1614/1265 1308/1605/1288
f 1325/1606/1303 1323/1615/1301 1310/1614/1265
f 1323/1615/1301 1245/1616/1236 1310/1614/1265
f 1245/1616/1236 1323/1615/1301 1352/1610/1330
f 1352/1610/1330 1309/1612/1243 1245/1616/1236
f 1314/1617/1292 1312/1619/1290 1311/1618/1289
f 1314/1617/1292 1319/1608/1297 1312/1619/1290
f 1313/1611/1291 1319/1608/1297 1314/1617/1292
f 1313/1611/1291 1314/1617/1292 1324/1604/1302
f 1313/1611/1291 1324/1604/1302 1315/1620/1293
f 1324/1604/1302 1308/1605/1288 1315/1620/1293
f 1308/1605/1288 1313/1611/1291 1315/1620/1293
f 1324/1604/1302 1329/1622/1307 1327/1621/1305
f 1329/1622/1307 1324/1604/1302 1316/1623/1294
f 1314/1617/1292 1316/1623/1294 1324/1604/1302
f 1316/1623/1294 1314/1617/1292 1320/1624/1298
f 1311/1618/1289 1320/1624/1298 1314/1617/1292
f 1320/1624/1298 1311/1618/1289 1317/1625/1295
f 1312/1619/1290 1317/1625/1295 1311/1618/1289
f 1317/1625/1295 1312/1619/1290 1318/1626/1296
f 1319/1608/1297 1318/1626/1296 1312/1619/1290
f 1318/1626/1296 1319/1608/1297 1331/1609/1309
f 1331/1609/1309 1329/1622/1307 1318/1626/1296
f 1318/1626/1296 1329/1622/1307 1317/1625/1295
f 1317/1625/1295 1329/1622/1307 1320/1624/1298
f 1320/1624/1298 1329/1622/1307 1316/1623/1294
f 1335/1627/1313 1338/1629/1316 1333/1628/1311
f 1332/1630/1310 1333/1628/1311 1338/1629/1316
f 1338/1629/1316 1344/1631/1322 1332/1630/1310
f 1332/1630/1310 1344/1631/1322 1321/1632/1299
f 1344/1631/1322 1351/1633/1329 1321/1632/1299
f 1322/1634/1300 1321/1632/1299 1351/1633/1329
f 1351/1633/1329 1323/1615/1301 1322/1634/1300
f 1322/1634/1300 1323/1615/1301 1334/1635/1312
f 1334/1635/1312 1323/1615/1301 1325/1606/1303
f 1334/1635/1312 1325/1606/1303 1339/1636/1317
f 1324/1604/1302 1339/1636/1317 1325/1606/1303
f 1324/1604/1302 1326/1637/1304 1339/1636/1317
f 1324/1604/1302 1327/1621/1305 1326/1637/1304
f 1327/1621/1305 1328/1638/1306 1326/1637/1304
f 1328/1638/1306 1327/1621/1305 1329/1622/1307
f 1330/1639/1308 1328/1638/1306 1329/1622/1307
f 1330/1639/1308 1329/1622/1307 1331/1609/1309
f 1331/1609/1309 1349/1607/1327 1330/1639/1308
f 1321/1632/1299 1322/1634/1300 1332/1630/1310
f 1333/1628/1311 1332/1630/1310 1322/1634/1300
f 1322/1634/1300 1335/1627/1313 1333/1628/1311
f 1322/1634/1300 1334/1635/1312 1335/1627/1313
f 1335/1627/1313 1334/1635/1312 1336/1640/1314
f 1334/1635/1312 1347/1641/1325 1336/1640/1314
f 1337/1642/1315 1336/1640/1314 1347/1641/1325
f 1347/1641/1325 1344/1631/1322 1337/1642/1315
f 1337/1642/1315 1344/1631/1322 1338/1629/1316
f 1338/1629/1316 1335/1627/1313 1337/1642/1315
f 1336/1640/1314 1337/1642/1315 1335/1627/1313
f 1347/1641/1325 1334/1635/1312 1346/1643/1324
f 1339/1636/1317 1346/1643/1324 1334/1635/1312
f 1346/1643/1324 1339/1636/1317 1340/1644/1318
f 1326/1637/1304 1340/1644/1318 1339/1636/1317
f 1340/1644/1318 1326/1637/1304 1341/1645/1319
f 1341/1645/1319 1326/1637/1304 1328/1638/1306
f 1330/1639/1308 1341/1645/1319 1328/1638/1306
f 1330/1639/1308 1340/1644/1318 1341/1645/1319
f 1342/1646/1320 1340/1644/1318 1330/1639/1308
f 1345/1647/1323 1340/1644/1318 1342/1646/1320
f 1342/1646/1320 1350/1648/1328 1345/1647/1323
f 1343/1649/1321 1345/1647/1323 1350/1648/1328
f 1350/1648/1328 1351/1633/1329 1343/1649/1321
f 1351/1633/1329 1344/1631/1322 1343/1649/1321
f 1345/1647/1323 1343/1649/1321 1344/1631/1322
f 1344/1631/1322 1340/1644/1318 1345/1647/1323
f 1346/1643/1324 1340/1644/1318 1344/1631/1322
f 1346/1643/1324 1344/1631/1322 1347/1641/1325
f 1348/1650/1326 1330/1639/1308 1349/1607/1327
f 1330/1639/1308 1348/1650/1326 1342/1646/1320
f 1350/1648/1328 1342/1646/1320 1348/1650/1326
f 1349/1607/1327 1350/1648/1328 1348/1650/1326
f 1349/1607/1327 1351/1633/1329 1350/1648/1328
f 1352/1610/1330 1351/1633/1329 1349/1607/1327
f 1352/1610/1330 1323/1615/1301 1351/1633/1329
f 1255/1651/1245 1353/1653/1259 1354/1652/1331
f 1358/1654/1334 1354/1652/1331 1353/1653/1259
f 1354/1652/1331 1358/1654/1334 1356/1655/1332
f 1355/1549/1260 1356/1655/1332 1358/1654/1334
f 1356/1655/1332 1355/1549/1260 1254/1656/1244
f 1357/1657/1333 1254/1656/1244 1355/1549/1260
f 1254/1656/1244 1357/1657/1333 1255/1651/1245
f 1353/1653/1259 1255/1651/1245 1357/1657/1333
f 1357/1657/1333 1358/1654/1334 1353/1653/1259
f 1358/1654/1334 1357/1657/1333 1355/1549/1260
f 1363/1658/1337 1364/1660/1159 1359/1659/1335
f 1365/1661/1334 1359/1659/1335 1364/1660/1159
f 1359/1659/1335 1365/1661/1334 1360/1662/1336
f 1361/1663/1260 1360/1662/1336 1365/1661/1334
f 1360/1662/1336 1361/1663/1260 1272/1664/1255
f 1362/1665/1240 1272/1664/1255 1361/1663/1260
f 1272/1664/1255 1362/1665/1240 1363/1658/1337
f 1364/1660/1159 1363/1658/1337 1362/1665/1240
f 1362/1665/1240 1365/1661/1334 1364/1660/1159
f 1365/1661/1334 1362/1665/1240 1361/1663/1260
f 1368/1666/1340 1374/1668/1346 1375/1667/1347
f 1369/1669/1341 1367/1671/1339 1366/1670/1338
f 1369/1669/1341 1368/1666/1340 1367/1671/1339
f 1369/1669/1341 1370/1672/1342 1368/1666/1340
f 1368/1666/1340 1370/1672/1342 1374/1668/1346
f 1367/1671/1339 1368/1666/1340 1379/1673/1351
f 1291/1674/1271 1370/1672/1342 1386/1675/1358
f 1370/1672/1342 1291/1674/1271 1371/1676/1343
f 1374/1668/1346 1370/1672/1342 1371/1676/1343
f 1371/1676/1343 1372/1677/1344 1374/1668/1346
f 1373/1678/1345 1374/1668/1346 1372/1677/1344
f 1374/1668/1346 1373/1678/1345 1375/1667/1347
f 1376/1679/1348 1375/1667/1347 1373/1678/1345
f 1375/1667/1347 1376/1679/1348 1368/1666/1340
f 1377/1680/1349 1368/1666/1340 1376/1679/1348
f 1368/1666/1340 1377/1680/1349 1379/1673/1351
f 1378/1681/1350 1379/1673/1351 1377/1680/1349
f 1379/1673/1351 1378/1681/1350 1367/1671/1339
f 1290/1682/1270 1367/1671/1339 1378/1681/1350
f 1367/1671/1339 1290/1682/1270 1366/1670/1338
f 1380/1683/1352 1366/1670/1338 1290/1682/1270
f 1366/1670/1338 1380/1683/1352 1369/1669/1341
f 1381/1684/1353 1369/1669/1341 1380/1683/1352
f 1369/1669/1341 1381/1684/1353 1382/1685/1354
f 1372/1677/1344 1371/1676/1343 1291/1674/1271
f 1289/1686/1269 1382/1685/1354 1381/1684/1353
f 1382/1685/1354 1289/1686/1269 1384/1687/1356
f 1383/1688/1355 1384/1687/1356 1289/1686/1269
f 1384/1687/1356 1383/1688/1355 1385/1689/1357
f 1386/1675/1358 1385/1689/1357 1383/1688/1355
f 1385/1689/1357 1386/1675/1358 1370/1672/1342
f 1385/1689/1357 1370/1672/1342 1384/1687/1356
f 1384/1687/1356 1370/1672/1342 1369/1669/1341
f 1384/1687/1356 1369/1669/1341 1382/1685/1354
f 1388/1500/1360 1387/1690/1359 1169/1499/1160
f 1390/1502/1362 1387/1690/1359 1388/1500/1360
f 1390/1502/1362 1389/1691/1361 1387/1690/1359
f 1389/1691/1361 1390/1502/1362 1195/1692/1186
f 1390/1502/1362 1388/1500/1360 1391/1498/1363
f 1390/1502/1362 1391/1498/1363 1177/1497/1168
f 1391/1498/1363 1392/1496/1364 1177/1497/1168
f 1392/1496/1364 1391/1498/1363 1186/1495/1177
f 1401/1693/1373 1403/1695/1375 1393/1694/1365
f 1406/1696/1378 1393/1694/1365 1403/1695/1375
f 1403/1695/1375 1394/1697/1366 1406/1696/1378
f 1405/1698/1377 1406/1696/1378 1394/1697/1366
f 1432/1699/1404 1395/1701/1367 1396/1700/1368
f 1395/1701/1367 1397/1702/1369 1396/1700/1368
f 1396/1700/1368 1397/1702/1369 1398/1703/1370
f 1398/1703/1370 1397/1702/1369 1400/1704/1372
f 1398/1703/1370 1400/1704/1372 1399/1705/1371
f 1454/1706/1426 1399/1705/1371 1400/1704/1372
f 1400/1704/1372 1407/1707/1379 1454/1706/1426
f 1401/1693/1373 1454/1706/1426 1407/1707/1379
f 1407/1707/1379 1410/1708/1382 1401/1693/1373
f 1403/1695/1375 1401/1693/1373 1410/1708/1382
f 1410/1708/1382 1402/1709/1374 1403/1695/1375
f 1394/1697/1366 1403/1695/1375 1402/1709/1374
f 1404/1710/1376 1394/1697/1366 1402/1709/1374
f 1394/1697/1366 1404/1710/1376 1405/1698/1377
f 1404/1710/1376 1409/1711/1381 1405/1698/1377
f 1406/1696/1378 1405/1698/1377 1409/1711/1381
f 1409/1711/1381 1408/1712/1380 1406/1696/1378
f 1393/1694/1365 1406/1696/1378 1408/1712/1380
f 1397/1702/1369 1408/1712/1380 1400/1704/1372
f 1407/1707/1379 1400/1704/1372 1408/1712/1380
f 1408/1712/1380 1409/1711/1381 1407/1707/1379
f 1410/1708/1382 1407/1707/1379 1409/1711/1381
f 1409/1711/1381 1404/1710/1376 1410/1708/1382
f 1402/1709/1374 1410/1708/1382 1404/1710/1376
f 1411/1713/1383 1426/1715/1398 1412/1714/1384
f 1447/1716/1419 1412/1714/1384 1426/1715/1398
f 1426/1715/1398 1413/1717/1385 1447/1716/1419
f 1414/1718/1386 1447/1716/1419 1413/1717/1385
f 1413/1717/1385 1423/1719/1395 1414/1718/1386
f 1448/1720/1420 1414/1718/1386 1423/1719/1395
f 1423/1719/1395 1422/1721/1394 1448/1720/1420
f 1452/1722/1424 1448/1720/1420 1422/1721/1394
f 1422/1721/1394 1415/1723/1387 1452/1722/1424
f 1398/1703/1370 1452/1722/1424 1415/1723/1387
f 1415/1723/1387 1396/1700/1368 1398/1703/1370
f 1396/1700/1368 1415/1723/1387 1416/1724/1388
f 1416/1724/1388 1432/1699/1404 1396/1700/1368
f 1429/1725/1401 1417/1727/1389 1446/1726/1418
f 1418/1728/1390 1446/1726/1418 1417/1727/1389
f 1417/1727/1389 1419/1729/1391 1418/1728/1390
f 1442/1730/1414 1418/1728/1390 1419/1729/1391
f 1419/1729/1391 1420/1731/1392 1442/1730/1414
f 1436/1732/1408 1442/1730/1414 1420/1731/1392
f 1432/1699/1404 1436/1732/1408 1420/1731/1392
f 1436/1732/1408 1432/1699/1404 1421/1733/1393
f 1432/1699/1404 1416/1724/1388 1421/1733/1393
f 1434/1734/1406 1421/1733/1393 1416/1724/1388
f 1416/1724/1388 1415/1723/1387 1434/1734/1406
f 1434/1734/1406 1415/1723/1387 1433/1735/1405
f 1433/1735/1405 1415/1723/1387 1453/1736/1425
f 1415/1723/1387 1422/1721/1394 1453/1736/1425
f 1424/1737/1396 1453/1736/1425 1422/1721/1394
f 1422/1721/1394 1423/1719/1395 1424/1737/1396
f 1425/1717/1397 1424/1737/1396 1423/1719/1395
f 1423/1719/1395 1413/1717/1385 1425/1717/1397
f 1455/1738/1427 1425/1717/1397 1413/1717/1385
f 1413/1717/1385 1426/1715/1398 1455/1738/1427
f 1456/1739/1428 1455/1738/1427 1426/1715/1398
f 1426/1715/1398 1411/1713/1383 1456/1739/1428
f 1457/1740/1429 1456/1739/1428 1411/1713/1383
f 1411/1713/1383 1440/1741/1412 1457/1740/1429
f 1427/1742/1399 1457/1740/1429 1440/1741/1412
f 1440/1741/1412 1439/1743/1411 1427/1742/1399
f 1429/1725/1401 1427/1742/1399 1439/1743/1411
f 1439/1743/1411 1428/1744/1400 1429/1725/1401
f 1417/1727/1389 1429/1725/1401 1428/1744/1400
f 1428/1744/1400 1438/1745/1410 1417/1727/1389
f 1419/1729/1391 1417/1727/1389 1438/1745/1410
f 1438/1745/1410 1430/1746/1402 1419/1729/1391
f 1420/1731/1392 1419/1729/1391 1430/1746/1402
f 1431/1747/1403 1420/1731/1392 1430/1746/1402
f 1420/1731/1392 1431/1747/1403 1432/1699/1404
f 1395/1701/1367 1432/1699/1404 1431/1747/1403
f 1430/1746/1402 1438/1745/1410 1437/1748/1409
f 1435/1749/1407 1430/1746/1402 1437/1748/1409
f 1430/1746/1402 1435/1749/1407 1431/1747/1403
f 1435/1749/1407 1395/1701/1367 1431/1747/1403
f 1408/1712/1380 1397/1702/1369 1393/1694/1365
f 1433/1735/1405 1393/1694/1365 1397/1702/1369
f 1395/1701/1367 1433/1735/1405 1397/1702/1369
f 1433/1735/1405 1395/1701/1367 1434/1734/1406
f 1395/1701/1367 1435/1749/1407 1434/1734/1406
f 1421/1733/1393 1434/1734/1406 1435/1749/1407
f 1435/1749/1407 1436/1732/1408 1421/1733/1393
f 1436/1732/1408 1435/1749/1407 1437/1748/1409
f 1437/1748/1409 1443/1750/1415 1436/1732/1408
f 1443/1750/1415 1437/1748/1409 1438/1745/1410
f 1438/1745/1410 1428/1744/1400 1443/1750/1415
f 1444/1751/1416 1443/1750/1415 1428/1744/1400
f 1428/1744/1400 1439/1743/1411 1444/1751/1416
f 1445/1752/1417 1444/1751/1416 1439/1743/1411
f 1439/1743/1411 1440/1741/1412 1445/1752/1417
f 1441/1753/1413 1445/1752/1417 1440/1741/1412
f 1440/1741/1412 1411/1713/1383 1441/1753/1413
f 1412/1714/1384 1441/1753/1413 1411/1713/1383
f 1442/1730/1414 1436/1732/1408 1443/1750/1415
f 1443/1750/1415 1444/1751/1416 1442/1730/1414
f 1418/1728/1390 1442/1730/1414 1444/1751/1416
f 1444/1751/1416 1445/1752/1417 1418/1728/1390
f 1446/1726/1418 1418/1728/1390 1445/1752/1417
f 1445/1752/1417 1441/1753/1413 1446/1726/1418
f 1460/1754/1432 1446/1726/1418 1441/1753/1413
f 1441/1753/1413 1412/1714/1384 1460/1754/1432
f 1458/1755/1430 1460/1754/1432 1412/1714/1384
f 1412/1714/1384 1447/1716/1419 1458/1755/1430
f 1459/1756/1431 1458/1755/1430 1447/1716/1419
f 1447/1716/1419 1414/1718/1386 1459/1756/1431
f 1449/1757/1421 1459/1756/1431 1414/1718/1386
f 1414/1718/1386 1448/1720/1420 1449/1757/1421
f 1450/1738/1422 1449/1757/1421 1448/1720/1420
f 1448/1720/1420 1452/1722/1424 1450/1738/1422
f 1451/1758/1423 1450/1738/1422 1452/1722/1424
f 1452/1722/1424 1398/1703/1370 1451/1758/1423
f 1399/1705/1371 1451/1758/1423 1398/1703/1370
f 1393/1694/1365 1433/1735/1405 1401/1693/1373
f 1454/1706/1426 1401/1693/1373 1433/1735/1405
f 1433/1735/1405 1453/1736/1425 1454/1706/1426
f 1399/1705/1371 1454/1706/1426 1453/1736/1425
f 1453/1736/1425 1424/1737/1396 1399/1705/1371
f 1451/1758/1423 1399/1705/1371 1424/1737/1396
f 1424/1737/1396 1425/1717/1397 1451/1758/1423
f 1450/1738/1422 1451/1758/1423 1425/1717/1397
f 1425/1717/1397 1455/1738/1427 1450/1738/1422
f 1449/1757/1421 1450/1738/1422 1455/1738/1427
f 1455/1738/1427 1456/1739/1428 1449/1757/1421
f 1459/1756/1431 1449/1757/1421 1456/1739/1428
f 1456/1739/1428 1457/1740/1429 1459/1756/1431
f 1458/1755/1430 1459/1756/1431 1457/1740/1429
f 1457/1740/1429 1427/1742/1399 1458/1755/1430
f 1460/1754/1432 1458/1755/1430 1427/1742/1399
f 1427/1742/1399 1429/1725/1401 1460/1754/1432
f 1446/1726/1418 1460/1754/1432 1429/1725/1401
f 1469/1759/1441 1471/1760/1443 1470/1760/1442
f 1511/1761/1468 1513/1763/1469 1512/1762/1448
f 1563/1764/1511 1565/1766/1502 1564/1765/1512
f 1722/1767/1644 1724/1769/1646 1723/1768/1645
f 1919/1770/1753 1921/1772/1837 1920/1771/1750
f 1935/1773/1844 1937/1775/1740 1936/1774/1845
f 2051/1776/1940 2053/1778/1942 2052/1777/1941
f 1601/1779/1546 1712/1781/1634 1850/1780/1772
f 1712/1781/1634 1601/1779/1546 1599/1782/1544
f 1461/1783/1433 1467/1785/1439 1465/1784/1437
f 1462/1786/1434 1461/1783/1433 1463/1787/1435
f 1465/1784/1437 1463/1787/1435 1461/1783/1433
f 1463/1787/1435 1465/1784/1437 1464/1788/1436
f 1467/1785/1439 1461/1783/1433 1466/1789/1438
f 1487/1790/1459 1466/1789/1438 1461/1783/1433
f 1461/1783/1433 1462/1786/1434 1487/1790/1459
f 1489/1791/1461 1487/1790/1459 1462/1786/1434
f 1463/1787/1435 1489/1791/1461 1462/1786/1434
f 1463/1787/1435 1475/1792/1447 1489/1791/1461
f 1464/1788/1436 1475/1792/1447 1463/1787/1435
f 1464/1788/1436 1473/1793/1445 1475/1792/1447
f 1473/1793/1445 1464/1788/1436 1465/1784/1437
f 1465/1784/1437 1469/1759/1441 1473/1793/1445
f 1469/1759/1441 1465/1784/1437 1467/1785/1439
f 1467/1785/1439 1472/1759/1444 1469/1759/1441
f 1472/1759/1444 1467/1785/1439 1480/1785/1452
f 1472/1759/1444 1480/1785/1452 1471/1760/1443
f 1471/1760/1443 1480/1785/1452 1479/1794/1451
f 1471/1760/1443 1479/1794/1451 1468/1795/1440
f 1479/1794/1451 1485/1795/1457 1468/1795/1440
f 1470/1760/1442 1468/1795/1440 1485/1795/1457
f 1466/1789/1438 1480/1785/1452 1467/1785/1439
f 1468/1795/1440 1470/1760/1442 1471/1760/1443
f 1471/1760/1443 1469/1759/1441 1472/1759/1444
f 1470/1760/1442 1473/1793/1445 1469/1759/1441
f 1489/1791/1461 1475/1792/1447 1474/1796/1446
f 1485/1795/1457 1483/1797/1455 1470/1760/1442
f 1473/1793/1445 1470/1760/1442 1483/1797/1455
f 1483/1797/1455 1475/1792/1447 1473/1793/1445
f 1475/1792/1447 1483/1797/1455 1484/1798/1456
f 1474/1796/1446 1475/1792/1447 1484/1798/1456
f 1484/1798/1456 1477/1799/1449 1474/1796/1446
f 1476/1800/1448 1474/1796/1446 1477/1799/1449
f 1477/1799/1449 1478/1794/1450 1476/1800/1448
f 1491/1801/1463 1476/1800/1448 1478/1794/1450
f 1478/1794/1450 1486/1801/1458 1491/1801/1463
f 1492/1802/1464 1491/1801/1463 1486/1801/1458
f 1479/1794/1451 1492/1802/1464 1486/1801/1458
f 1479/1794/1451 1480/1785/1452 1492/1802/1464
f 1492/1802/1464 1480/1785/1452 1481/1789/1453
f 1480/1785/1452 1466/1789/1438 1481/1789/1453
f 1482/1802/1454 1481/1789/1453 1466/1789/1438
f 1466/1789/1438 1487/1790/1459 1482/1802/1454
f 1490/1803/1462 1482/1802/1454 1487/1790/1459
f 1477/1799/1449 1484/1798/1456 1483/1797/1455
f 1483/1797/1455 1485/1795/1457 1477/1799/1449
f 1478/1794/1450 1477/1799/1449 1485/1795/1457
f 1485/1795/1457 1479/1794/1451 1478/1794/1450
f 1486/1801/1458 1478/1794/1450 1479/1794/1451
f 1487/1790/1459 1489/1791/1461 1490/1803/1462
f 1488/1804/1460 1490/1803/1462 1489/1791/1461
f 1489/1791/1461 1474/1796/1446 1488/1804/1460
f 1474/1796/1446 1476/1800/1448 1488/1804/1460
f 1490/1803/1462 1488/1804/1460 1476/1800/1448
f 1476/1800/1448 1491/1801/1463 1490/1803/1462
f 1482/1802/1454 1490/1803/1462 1491/1801/1463
f 1491/1801/1463 1492/1802/1464 1482/1802/1454
f 1481/1789/1453 1482/1802/1454 1492/1802/1464
f 1502/1805/1435 1499/1807/1461 1500/1806/1467
f 1502/1805/1435 1495/1808/1447 1499/1807/1461
f 1494/1809/1436 1495/1808/1447 1502/1805/1435
f 1499/1807/1461 1497/1811/1446 1498/1810/1466
f 1499/1807/1461 1495/1808/1447 1497/1811/1446
f 1497/1811/1446 1495/1808/1447 1493/1812/1465
f 1494/1809/1436 1505/1813/1445 1495/1808/1447
f 1496/1814/1455 1495/1808/1447 1505/1813/1445
f 1495/1808/1447 1496/1814/1455 1493/1812/1465
f 1511/1761/1468 1493/1812/1465 1496/1814/1455
f 1493/1812/1465 1511/1761/1468 1497/1811/1446
f 1512/1762/1448 1497/1811/1446 1511/1761/1468
f 1497/1811/1446 1512/1762/1448 1498/1810/1466
f 1515/1815/1462 1498/1810/1466 1512/1762/1448
f 1498/1810/1466 1515/1815/1462 1499/1807/1461
f 1516/1816/1459 1499/1807/1461 1515/1815/1462
f 1499/1807/1461 1516/1816/1459 1500/1806/1467
f 1501/1817/1433 1500/1806/1467 1516/1816/1459
f 1500/1806/1467 1501/1817/1433 1502/1805/1435
f 1503/1818/1437 1502/1805/1435 1501/1817/1433
f 1502/1805/1435 1503/1818/1437 1494/1809/1436
f 1505/1813/1445 1494/1809/1436 1503/1818/1437
f 1503/1818/1437 1504/1819/1441 1505/1813/1445
f 1506/1820/1442 1505/1813/1445 1504/1819/1441
f 1505/1813/1445 1506/1820/1442 1496/1814/1455
f 1507/1821/1457 1496/1814/1455 1506/1820/1442
f 1496/1814/1455 1507/1821/1457 1511/1761/1468
f 1506/1820/1442 1508/1821/1440 1507/1821/1457
f 1504/1819/1441 1509/1820/1443 1506/1820/1442
f 1508/1821/1440 1506/1820/1442 1509/1820/1443
f 1509/1820/1443 1510/1763/1451 1508/1821/1440
f 1510/1763/1451 1507/1821/1457 1508/1821/1440
f 1507/1821/1457 1510/1763/1451 1513/1763/1469
f 1513/1763/1469 1511/1761/1468 1507/1821/1457
f 1514/1822/1463 1512/1762/1448 1513/1763/1469
f 1512/1762/1448 1514/1822/1463 1515/1815/1462
f 1521/1823/1454 1515/1815/1462 1514/1822/1463
f 1515/1815/1462 1521/1823/1454 1516/1816/1459
f 1519/1824/1471 1516/1816/1459 1521/1823/1454
f 1516/1816/1459 1519/1824/1471 1501/1817/1433
f 1517/1825/1470 1501/1817/1433 1519/1824/1471
f 1501/1817/1433 1517/1825/1470 1503/1818/1437
f 1504/1819/1441 1503/1818/1437 1517/1825/1470
f 1517/1825/1470 1518/1819/1444 1504/1819/1441
f 1509/1820/1443 1504/1819/1441 1518/1819/1444
f 1518/1819/1444 1517/1825/1470 1522/1825/1452
f 1519/1824/1471 1522/1825/1452 1517/1825/1470
f 1522/1825/1452 1519/1824/1471 1520/1824/1453
f 1521/1823/1454 1520/1824/1453 1519/1824/1471
f 1520/1824/1453 1521/1823/1454 1524/1823/1464
f 1514/1822/1463 1524/1823/1464 1521/1823/1454
f 1524/1823/1464 1522/1825/1452 1520/1824/1453
f 1518/1819/1444 1522/1825/1452 1509/1820/1443
f 1509/1820/1443 1522/1825/1452 1510/1763/1451
f 1510/1763/1451 1522/1825/1452 1524/1823/1464
f 1510/1763/1451 1524/1823/1464 1523/1822/1472
f 1524/1823/1464 1514/1822/1463 1523/1822/1472
f 1513/1763/1469 1523/1822/1472 1514/1822/1463
f 1523/1822/1472 1513/1763/1469 1510/1763/1451
f 1525/1826/1473 1541/1828/1489 1536/1827/1484
f 1541/1828/1489 1525/1826/1473 1526/1829/1474
f 1537/1830/1485 1526/1829/1474 1525/1826/1473
f 1526/1829/1474 1537/1830/1485 1527/1831/1475
f 1528/1832/1476 1527/1831/1475 1537/1830/1485
f 1527/1831/1475 1528/1832/1476 1538/1833/1486
f 1534/1834/1482 1538/1833/1486 1528/1832/1476
f 1538/1833/1486 1534/1834/1482 1540/1835/1488
f 1535/1836/1483 1540/1835/1488 1534/1834/1482
f 1540/1835/1488 1535/1836/1483 1539/1837/1487
f 1529/1838/1477 1539/1837/1487 1535/1836/1483
f 1539/1837/1487 1529/1838/1477 1530/1839/1478
f 1533/1840/1481 1530/1839/1478 1529/1838/1477
f 1530/1839/1478 1533/1840/1481 1544/1841/1492
f 1532/1842/1480 1544/1841/1492 1533/1840/1481
f 1544/1841/1492 1532/1842/1480 1543/1843/1491
f 1531/1844/1479 1543/1843/1491 1532/1842/1480
f 1543/1843/1491 1531/1844/1479 1542/1845/1490
f 1536/1846/1484 1542/1845/1490 1531/1844/1479
f 1542/1845/1490 1536/1846/1484 1541/1847/1489
f 1532/1848/1480 1536/1850/1484 1531/1849/1479
f 1529/1851/1477 1536/1850/1484 1532/1848/1480
f 1529/1851/1477 1532/1848/1480 1533/1852/1481
f 1534/1853/1482 1529/1851/1477 1535/1854/1483
f 1534/1853/1482 1536/1850/1484 1529/1851/1477
f 1537/1855/1485 1536/1850/1484 1534/1853/1482
f 1525/1856/1473 1536/1850/1484 1537/1855/1485
f 1537/1855/1485 1534/1853/1482 1528/1857/1476
f 1538/1857/1486 1526/1856/1474 1527/1855/1475
f 1539/1854/1487 1526/1856/1474 1538/1857/1486
f 1539/1854/1487 1538/1857/1486 1540/1853/1488
f 1544/1852/1492 1539/1854/1487 1530/1851/1478
f 1544/1852/1492 1526/1856/1474 1539/1854/1487
f 1542/1849/1490 1526/1856/1474 1544/1852/1492
f 1541/1850/1489 1526/1856/1474 1542/1849/1490
f 1542/1849/1490 1544/1852/1492 1543/1848/1491
f 1545/1858/1493 1625/1860/967 1555/1859/1503
f 1625/1860/967 1545/1858/1493 1568/1861/1241
f 1546/1862/1494 1547/1864/1495 1646/1863/1585
f 1547/1864/1495 1546/1862/1494 1548/1865/1496
f 1548/1866/1496 1562/1868/1510 1561/1867/1509
f 1548/1866/1496 1561/1867/1509 1549/1869/1497
f 1548/1866/1496 1549/1869/1497 1559/1870/1507
f 1548/1866/1496 1559/1870/1507 1550/1871/1498
f 1548/1866/1496 1550/1871/1498 1547/1872/1495
f 1552/1872/1500 1557/1871/1505 1551/1870/1499
f 1552/1872/1500 1551/1870/1499 1558/1869/1506
f 1552/1872/1500 1558/1869/1506 1560/1867/1508
f 1552/1872/1500 1560/1867/1508 1554/1868/1502
f 1552/1872/1500 1554/1868/1502 1553/1866/1501
f 1553/1866/1501 1555/1873/1503 1552/1872/1500
f 1555/1873/1503 1553/1866/1501 1545/1874/1493
f 1545/1875/1493 1556/1877/1504 1568/1876/1241
f 1625/1876/967 1552/1878/1500 1555/1875/1503
f 1625/1876/967 1547/1879/1495 1552/1878/1500
f 1547/1879/1495 1557/1880/1505 1552/1878/1500
f 1557/1880/1505 1547/1879/1495 1550/1881/1498
f 1550/1881/1498 1551/1882/1499 1557/1880/1505
f 1551/1882/1499 1550/1881/1498 1559/1883/1507
f 1559/1883/1507 1558/1884/1506 1551/1882/1499
f 1558/1884/1506 1559/1883/1507 1549/1885/1497
f 1549/1885/1497 1560/1882/1508 1558/1884/1506
f 1560/1882/1508 1549/1885/1497 1561/1883/1509
f 1561/1883/1509 1554/1880/1502 1560/1882/1508
f 1554/1880/1502 1561/1883/1509 1562/1881/1510
f 1562/1881/1510 1553/1878/1501 1554/1880/1502
f 1553/1878/1501 1562/1881/1510 1548/1879/1496
f 1545/1875/1493 1553/1878/1501 1548/1879/1496
f 1545/1875/1493 1548/1879/1496 1546/1886/1494
f 1545/1875/1493 1546/1886/1494 1556/1877/1504
f 1546/1886/1494 1570/1887/1515 1556/1877/1504
f 1570/1887/1515 1546/1886/1494 1565/1766/1502
f 1565/1766/1502 1563/1764/1511 1570/1887/1515
f 1564/1765/1512 1642/1888/1581 1563/1764/1511
f 1642/1888/1581 1564/1765/1512 1643/1889/1582
f 1622/1890/1563 1569/1892/1514 1566/1891/1513
f 1624/1893/1564 1569/1892/1514 1622/1890/1563
f 1624/1893/1564 1622/1890/1563 1567/1894/1498
f 1568/1895/1241 1624/1893/1564 1625/1896/967
f 1624/1893/1564 1568/1895/1241 1556/1897/1504
f 1624/1893/1564 1556/1897/1504 1570/1898/1515
f 1624/1893/1564 1570/1898/1515 1569/1892/1514
f 1569/1892/1514 1570/1898/1515 1571/1899/1516
f 1571/1899/1516 1570/1898/1515 1563/1900/1511
f 1571/1899/1516 1563/1900/1511 1642/1901/1581
f 1709/1902/1517 1704/1904/1517 1703/1903/1517
f 1709/1902/1517 1705/1905/1517 1704/1904/1517
f 1706/1906/1517 1705/1905/1517 1709/1902/1517
f 1707/1907/1517 1705/1905/1517 1706/1906/1517
f 1704/1904/1517 1705/1905/1517 1572/1908/1517
f 1706/1906/1517 1709/1902/1517 1708/1909/1517
f 1587/1910/1532 1573/1912/1518 1574/1911/1519
f 1575/1913/1520 1574/1911/1519 1573/1912/1518
f 1573/1912/1518 1582/1914/1527 1575/1913/1520
f 1582/1914/1527 1576/1915/1521 1575/1913/1520
f 1574/1911/1519 1575/1913/1520 1576/1915/1521
f 1576/1915/1521 1587/1910/1532 1574/1911/1519
f 1576/1915/1521 1588/1916/1533 1587/1910/1532
f 1573/1912/1518 1578/1917/1523 1582/1914/1527
f 1579/1918/1524 1577/1919/1522 1578/1917/1523
f 1579/1918/1524 1578/1917/1523 1595/1920/1540
f 1595/1920/1540 1594/1921/1539 1579/1918/1524
f 1577/1919/1522 1579/1918/1524 1594/1921/1539
f 1577/1919/1522 1594/1921/1539 1580/1922/1525
f 1580/1922/1525 1578/1917/1523 1577/1919/1522
f 1578/1917/1523 1580/1922/1525 1581/1923/1526
f 1582/1914/1527 1578/1917/1523 1581/1923/1526
f 1581/1923/1526 1583/1924/1528 1582/1914/1527
f 1576/1915/1521 1582/1914/1527 1583/1924/1528
f 1580/1922/1525 1576/1915/1521 1583/1924/1528
f 1580/1922/1525 1594/1921/1539 1576/1915/1521
f 1576/1915/1521 1594/1921/1539 1588/1916/1533
f 1588/1916/1533 1594/1921/1539 1593/1925/1538
f 1588/1916/1533 1593/1925/1538 1584/1926/1529
f 1593/1925/1538 1590/1927/1535 1584/1926/1529
f 1586/1928/1531 1584/1926/1529 1590/1927/1535
f 1590/1927/1535 1585/1929/1530 1586/1928/1531
f 1585/1929/1530 1588/1916/1533 1586/1928/1531
f 1584/1926/1529 1586/1928/1531 1588/1916/1533
f 1583/1924/1528 1581/1923/1526 1580/1922/1525
f 1590/1927/1535 1593/1925/1538 1591/1930/1536
f 1588/1916/1533 1585/1929/1530 1596/1931/1541
f 1587/1910/1532 1588/1916/1533 1596/1931/1541
f 1596/1931/1541 1589/1932/1534 1587/1910/1532
f 1573/1912/1518 1587/1910/1532 1589/1932/1534
f 1585/1929/1530 1573/1912/1518 1589/1932/1534
f 1590/1927/1535 1573/1912/1518 1585/1929/1530
f 1590/1927/1535 1578/1917/1523 1573/1912/1518
f 1595/1920/1540 1578/1917/1523 1590/1927/1535
f 1595/1920/1540 1590/1927/1535 1591/1930/1536
f 1591/1930/1536 1592/1933/1537 1595/1920/1540
f 1592/1933/1537 1591/1930/1536 1593/1925/1538
f 1593/1925/1538 1594/1921/1539 1592/1933/1537
f 1594/1921/1539 1595/1920/1540 1592/1933/1537
f 1589/1932/1534 1596/1931/1541 1585/1929/1530
f 1606/1934/1551 1604/1936/1549 1597/1935/1542
f 1597/1935/1542 1609/1937/1554 1606/1934/1551
f 1609/1937/1554 1597/1935/1542 1598/1938/1543
f 1598/1938/1543 1608/1939/1553 1609/1937/1554
f 1608/1939/1553 1598/1938/1543 1599/1940/1544
f 1599/1940/1544 1600/1941/1545 1608/1939/1553
f 1600/1941/1545 1599/1940/1544 1601/1942/1546
f 1601/1942/1546 1602/1943/1547 1600/1941/1545
f 1602/1943/1547 1601/1942/1546 1849/1944/1771
f 1849/1944/1771 1607/1945/1552 1602/1943/1547
f 1607/1945/1552 1849/1944/1771 1848/1946/1770
f 1848/1946/1770 1603/1947/1548 1607/1945/1552
f 1603/1947/1548 1848/1946/1770 1847/1948/1769
f 1847/1948/1769 1605/1949/1550 1603/1947/1548
f 1605/1949/1550 1847/1948/1769 1604/1936/1549
f 1604/1936/1549 1606/1934/1551 1605/1949/1550
f 1609/1937/1554 1605/1949/1550 1606/1934/1551
f 1607/1945/1552 1605/1949/1550 1609/1937/1554
f 1607/1945/1552 1609/1937/1554 1600/1941/1545
f 1607/1945/1552 1600/1941/1545 1602/1943/1547
f 1603/1947/1548 1605/1949/1550 1607/1945/1552
f 1600/1941/1545 1609/1937/1554 1608/1939/1553
f 1614/1950/1265 1617/1952/1243 1616/1951/653
f 1617/1952/1243 1614/1950/1265 1610/1953/1260
f 1611/1954/1555 1610/1956/1260 1614/1955/1265
f 1611/1954/1555 1620/1957/1561 1610/1956/1260
f 1613/1958/1557 1620/1957/1561 1611/1954/1555
f 1612/1959/1556 1620/1957/1561 1613/1958/1557
f 1611/1960/1555 1612/1959/1556 1613/1958/1557
f 1612/1959/1556 1611/1960/1555 1615/1961/1558
f 1614/1962/1265 1615/1961/1558 1611/1960/1555
f 1615/1961/1558 1614/1962/1265 1616/1963/653
f 1610/1956/1260 1620/1957/1561 1621/1964/1562
f 1616/1965/653 1612/1959/1556 1615/1966/1558
f 1616/1965/653 1617/1968/1243 1619/1967/1560
f 1616/1965/653 1619/1967/1560 1612/1959/1556
f 1612/1959/1556 1619/1967/1560 1618/1969/1559
f 1620/1957/1561 1612/1959/1556 1618/1969/1559
f 1619/1970/1560 1620/1957/1561 1618/1969/1559
f 1620/1957/1561 1619/1970/1560 1621/1971/1562
f 1619/1970/1560 1610/1972/1260 1621/1971/1562
f 1610/1972/1260 1619/1970/1560 1617/1973/1243
f 1644/1889/1583 1622/1764/1563 1566/1888/1513
f 1622/1764/1563 1644/1889/1583 1645/1765/1584
f 1645/1765/1584 1567/1887/1498 1622/1764/1563
f 1567/1887/1498 1645/1765/1584 1623/1766/1505
f 1623/1766/1505 1624/1877/1564 1567/1887/1498
f 1624/1877/1564 1623/1766/1505 1646/1886/1585
f 1625/1876/967 1624/1877/1564 1646/1886/1585
f 1625/1876/967 1646/1886/1585 1547/1879/1495
f 1631/1974/1570 1626/1976/1565 1633/1975/1572
f 1633/1975/1572 1626/1976/1565 1629/1977/1568
f 1629/1977/1568 1626/1976/1565 1639/1978/1578
f 1629/1977/1568 1639/1978/1578 1627/1979/1566
f 1639/1978/1578 1748/1980/1670 1627/1979/1566
f 1628/1981/1567 1627/1979/1566 1748/1980/1670
f 1627/1979/1566 1628/1981/1567 1629/1977/1568
f 1749/1982/1671 1629/1977/1568 1628/1981/1567
f 1629/1977/1568 1749/1982/1671 1634/1983/1573
f 1630/1984/1569 1634/1983/1573 1749/1982/1671
f 1634/1983/1573 1630/1984/1569 1633/1975/1572
f 1747/1985/1669 1633/1975/1572 1630/1984/1569
f 1633/1975/1572 1747/1985/1669 1631/1974/1570
f 1746/1986/1668 1631/1974/1570 1747/1985/1669
f 1631/1974/1570 1746/1986/1668 1626/1976/1565
f 1745/1987/1667 1626/1976/1565 1746/1986/1668
f 1626/1976/1565 1745/1987/1667 1632/1988/1571
f 1744/1989/1666 1632/1988/1571 1745/1987/1667
f 1633/1975/1572 1629/1977/1568 1634/1983/1573
f 1639/1978/1578 1635/1991/1574 1638/1990/1577
f 1639/1978/1578 1626/1976/1565 1635/1991/1574
f 1635/1991/1574 1626/1976/1565 1632/1988/1571
f 1632/1988/1571 1744/1989/1666 1635/1991/1574
f 1636/1992/1575 1635/1991/1574 1744/1989/1666
f 1635/1991/1574 1636/1992/1575 1638/1990/1577
f 1637/1993/1576 1638/1990/1577 1636/1992/1575
f 1638/1990/1577 1637/1993/1576 1639/1978/1578
f 1748/1980/1670 1639/1978/1578 1637/1993/1576
f 1566/1994/1513 1640/1996/1579 1644/1995/1583
f 1640/1996/1579 1566/1994/1513 1569/1997/1514
f 1571/1998/1516 1640/1996/1579 1569/1997/1514
f 1640/1996/1579 1571/1998/1516 1641/1999/1580
f 1571/1998/1516 1643/2000/1582 1641/1999/1580
f 1643/2000/1582 1571/1998/1516 1642/2001/1581
f 1564/1900/1512 1641/1899/1580 1643/1901/1582
f 1546/1897/1494 1564/1900/1512 1565/1898/1502
f 1546/1897/1494 1641/1899/1580 1564/1900/1512
f 1546/1897/1494 1623/1894/1505 1641/1899/1580
f 1641/1899/1580 1623/1894/1505 1640/1892/1579
f 1640/1892/1579 1623/1894/1505 1645/1890/1584
f 1640/1892/1579 1645/1890/1584 1644/1891/1583
f 1546/1897/1494 1646/1893/1585 1623/1894/1505
f 1648/2002/1587 1647/2004/1586 1654/2003/1256
f 1647/2004/1586 1648/2002/1587 1649/2005/976
f 1653/2006/1236 1649/2005/976 1648/2002/1587
f 1649/2005/976 1653/2006/1236 1651/2007/1240
f 1650/2008/1259 1654/2009/1256 1647/2009/1586
f 1649/2010/976 1650/2008/1259 1647/2009/1586
f 1650/2008/1259 1649/2010/976 1651/2011/1240
f 1651/2011/1240 1652/2008/1243 1650/2008/1259
f 1652/2008/1243 1651/2011/1240 1653/2011/1236
f 1648/2010/1587 1652/2008/1243 1653/2011/1236
f 1652/2008/1243 1648/2010/1587 1654/2009/1256
f 1654/2009/1256 1650/2008/1259 1652/2008/1243
f 1657/2012/1590 1752/2014/1674 1655/2013/1588
f 1752/2014/1674 1657/2012/1590 1656/2015/1589
f 1657/2016/1590 1750/2018/1672 1656/2017/1589
f 1750/2018/1672 1657/2016/1590 1658/2019/1591
f 1655/2020/1588 1658/2022/1591 1657/2021/1590
f 1658/2022/1591 1655/2020/1588 1755/2023/1677
f 1659/2024/1159 1661/2026/1593 1664/2025/1596
f 1661/2026/1593 1659/2024/1159 1660/2027/1592
f 1659/2024/1159 1666/2028/1598 1660/2027/1592
f 1662/2029/1594 1660/2027/1592 1666/2028/1598
f 1660/2027/1592 1662/2029/1594 1661/2026/1593
f 1663/2030/1595 1661/2026/1593 1662/2029/1594
f 1661/2026/1593 1663/2030/1595 1664/2025/1596
f 1665/2031/1597 1664/2025/1596 1663/2030/1595
f 1664/2025/1596 1665/2031/1597 1659/2024/1159
f 1666/2028/1598 1659/2024/1159 1665/2031/1597
f 1665/2031/1597 1755/2032/1677 1666/2028/1598
f 1667/2033/1599 1666/2028/1598 1755/2032/1677
f 1666/2028/1598 1667/2033/1599 1662/2029/1594
f 1750/2034/1672 1662/2029/1594 1667/2033/1599
f 1662/2029/1594 1750/2034/1672 1663/2030/1595
f 1658/2035/1591 1663/2030/1595 1750/2034/1672
f 1663/2030/1595 1658/2035/1591 1665/2031/1597
f 1755/2032/1677 1665/2031/1597 1658/2035/1591
f 1757/2036/1679 1668/2038/1587 1751/2037/1673
f 1668/2038/1587 1757/2036/1679 1756/2039/1678
f 1670/2040/976 1669/2042/1600 1753/2041/1675
f 1669/2042/1600 1670/2040/976 1754/2043/1676
f 1670/2040/976 1756/2039/1678 1754/2043/1676
f 1756/2039/1678 1670/2040/976 1668/2038/1587
f 1753/2044/1675 1668/2038/1587 1670/2040/976
f 1668/2038/1587 1753/2044/1675 1751/2045/1673
f 1671/2046/1601 1700/2048/1464 1699/2047/1629
f 1671/2046/1601 1672/2049/1602 1700/2048/1464
f 1695/2050/1625 1672/2049/1602 1671/2046/1601
f 1702/2051/1631 1672/2049/1602 1695/2050/1625
f 1700/2048/1464 1672/2049/1602 1673/2052/1603
f 1695/2050/1625 1671/2046/1601 1697/2053/1627
f 1674/2054/1604 1684/2056/1614 1675/2055/1605
f 1674/2054/1604 1677/2057/1607 1684/2056/1614
f 1687/2058/1617 1677/2057/1607 1674/2054/1604
f 1684/2056/1614 1680/2060/1610 1681/2059/1611
f 1684/2056/1614 1677/2057/1607 1680/2060/1610
f 1680/2060/1610 1677/2057/1607 1676/2061/1606
f 1687/2058/1617 1678/2062/1608 1677/2057/1607
f 1689/2063/1619 1677/2057/1607 1678/2062/1608
f 1677/2057/1607 1689/2063/1619 1676/2061/1606
f 1679/2064/1609 1676/2061/1606 1689/2063/1619
f 1676/2061/1606 1679/2064/1609 1680/2060/1610
f 1682/2065/1612 1680/2060/1610 1679/2064/1609
f 1680/2060/1610 1682/2065/1612 1681/2059/1611
f 1683/2066/1613 1681/2059/1611 1682/2065/1612
f 1681/2059/1611 1683/2066/1613 1684/2056/1614
f 1685/2067/1615 1684/2056/1614 1683/2066/1613
f 1684/2056/1614 1685/2067/1615 1675/2055/1605
f 1686/2068/1616 1675/2055/1605 1685/2067/1615
f 1675/2055/1605 1686/2068/1616 1674/2054/1604
f 1688/2069/1618 1674/2054/1604 1686/2068/1616
f 1674/2054/1604 1688/2069/1618 1687/2058/1617
f 1678/2062/1608 1687/2058/1617 1688/2069/1618
f 1688/2069/1618 1694/2070/1624 1678/2062/1608
f 1696/2071/1626 1678/2062/1608 1694/2070/1624
f 1678/2062/1608 1696/2071/1626 1689/2063/1619
f 1690/2072/1620 1689/2063/1619 1696/2071/1626
f 1689/2063/1619 1690/2072/1620 1679/2064/1609
f 1698/2073/1628 1679/2064/1609 1690/2072/1620
f 1679/2064/1609 1698/2073/1628 1682/2065/1612
f 1691/2074/1621 1682/2065/1612 1698/2073/1628
f 1682/2065/1612 1691/2074/1621 1683/2066/1613
f 1692/2075/1622 1683/2066/1613 1691/2074/1621
f 1683/2066/1613 1692/2075/1622 1685/2067/1615
f 1693/2076/1623 1685/2067/1615 1692/2075/1622
f 1685/2067/1615 1693/2076/1623 1686/2068/1616
f 1701/2077/1630 1686/2068/1616 1693/2076/1623
f 1686/2068/1616 1701/2077/1630 1688/2069/1618
f 1694/2070/1624 1688/2069/1618 1701/2077/1630
f 1694/2070/1624 1695/2071/1625 1696/2071/1626
f 1697/2072/1627 1696/2071/1626 1695/2071/1625
f 1696/2071/1626 1697/2072/1627 1690/2072/1620
f 1671/2073/1601 1690/2072/1620 1697/2072/1627
f 1690/2072/1620 1671/2073/1601 1698/2073/1628
f 1699/2074/1629 1698/2073/1628 1671/2073/1601
f 1698/2073/1628 1699/2074/1629 1691/2074/1621
f 1700/2075/1464 1691/2074/1621 1699/2074/1629
f 1691/2074/1621 1700/2075/1464 1692/2075/1622
f 1673/2076/1603 1692/2075/1622 1700/2075/1464
f 1692/2075/1622 1673/2076/1603 1693/2076/1623
f 1672/2077/1602 1693/2076/1623 1673/2076/1603
f 1693/2076/1623 1672/2077/1602 1701/2077/1630
f 1702/2070/1631 1701/2077/1630 1672/2077/1602
f 1701/2077/1630 1702/2070/1631 1694/2070/1624
f 1695/2071/1625 1694/2070/1624 1702/2070/1631
f 1771/2078/1693 1785/2080/1707 1786/2079/1708
f 1785/2080/1707 1771/2078/1693 1798/2081/1720
f 1720/1943/1642 1717/1947/1639 1716/1945/1638
f 1718/1949/1640 1852/1935/1774 1851/1936/1773
f 1852/1935/1774 1718/1949/1640 1710/1934/1632
f 1710/1934/1632 1711/1938/1633 1852/1935/1774
f 1711/1938/1633 1710/1934/1632 1721/1937/1643
f 1721/1937/1643 1712/1940/1634 1711/1938/1633
f 1712/1940/1634 1721/1937/1643 1719/1939/1641
f 1719/1939/1641 1850/1942/1772 1712/1940/1634
f 1850/1942/1772 1719/1939/1641 1713/1941/1635
f 1713/1941/1635 1714/1944/1636 1850/1942/1772
f 1714/1944/1636 1713/1941/1635 1720/1943/1642
f 1720/1943/1642 1715/1946/1637 1714/1944/1636
f 1715/1946/1637 1720/1943/1642 1716/1945/1638
f 1716/1945/1638 1758/1948/1680 1715/1946/1637
f 1758/1948/1680 1716/1945/1638 1717/1947/1639
f 1717/1947/1639 1851/1936/1773 1758/1948/1680
f 1851/1936/1773 1717/1947/1639 1718/1949/1640
f 1717/1947/1639 1710/1934/1632 1718/1949/1640
f 1720/1943/1642 1710/1934/1632 1717/1947/1639
f 1720/1943/1642 1719/1939/1641 1710/1934/1632
f 1713/1941/1635 1719/1939/1641 1720/1943/1642
f 1710/1934/1632 1719/1939/1641 1721/1937/1643
f 1722/1767/1644 1739/2082/1661 1724/1769/1646
f 1740/2083/1662 1723/1768/1645 1724/1769/1646
f 1723/1768/1645 1730/2084/1652 1722/1767/1644
f 1738/2085/1660 1732/2087/1654 1725/2086/1647
f 1725/2086/1647 1726/2088/1648 1738/2085/1660
f 1725/2086/1647 1727/2089/1649 1726/2088/1648
f 1727/2089/1649 1741/2090/1663 1726/2088/1648
f 1727/2089/1649 1737/2091/1659 1741/2090/1663
f 1728/2092/1650 1741/2090/1663 1737/2091/1659
f 1737/2091/1659 1729/2093/1651 1728/2092/1650
f 1740/2083/1662 1728/2092/1650 1729/2093/1651
f 1740/2083/1662 1729/2093/1651 1734/2094/1656
f 1740/2083/1662 1734/2094/1656 1723/1768/1645
f 1735/2095/1657 1723/1768/1645 1734/2094/1656
f 1735/2095/1657 1730/2084/1652 1723/1768/1645
f 1735/2095/1657 1733/2096/1655 1730/2084/1652
f 1733/2096/1655 1722/1767/1644 1730/2084/1652
f 1722/1767/1644 1733/2096/1655 1731/2097/1653
f 1731/2097/1653 1739/2082/1661 1722/1767/1644
f 1731/2097/1653 1732/2087/1654 1739/2082/1661
f 1732/2087/1654 1738/2085/1660 1739/2082/1661
f 1727/2089/1649 1725/2086/1647 1732/2087/1654
f 1727/2089/1649 1732/2087/1654 1731/2097/1653
f 1727/2089/1649 1731/2097/1653 1733/2096/1655
f 1733/2096/1655 1735/2095/1657 1727/2089/1649
f 1727/2089/1649 1735/2095/1657 1736/2098/1658
f 1734/2094/1656 1736/2098/1658 1735/2095/1657
f 1736/2098/1658 1734/2094/1656 1729/2093/1651
f 1729/2093/1651 1737/2091/1659 1736/2098/1658
f 1727/2089/1649 1736/2098/1658 1737/2091/1659
f 1724/1769/1646 1739/2082/1661 1738/2085/1660
f 1738/2085/1660 1743/2099/1665 1724/1769/1646
f 1740/2083/1662 1724/1769/1646 1743/2099/1665
f 1740/2083/1662 1743/2099/1665 1742/2100/1664
f 1740/2083/1662 1742/2100/1664 1728/2092/1650
f 1741/2090/1663 1728/2092/1650 1742/2100/1664
f 1742/2100/1664 1726/2088/1648 1741/2090/1663
f 1726/2088/1648 1742/2100/1664 1743/2099/1665
f 1738/2085/1660 1726/2088/1648 1743/2099/1665
f 1745/2101/1667 1636/2103/1575 1744/2102/1666
f 1636/2103/1575 1748/2105/1670 1637/2104/1576
f 1636/2103/1575 1747/2106/1669 1748/2105/1670
f 1745/2101/1667 1747/2106/1669 1636/2103/1575
f 1746/2107/1668 1747/2106/1669 1745/2101/1667
f 1749/2108/1671 1747/2106/1669 1630/2109/1569
f 1748/2105/1670 1747/2106/1669 1749/2108/1671
f 1748/2105/1670 1749/2108/1671 1628/2110/1567
f 1757/2111/1679 1751/2113/1673 1667/2112/1599
f 1667/2112/1599 1751/2113/1673 1750/2114/1672
f 1750/2114/1672 1751/2113/1673 1753/2115/1675
f 1750/2114/1672 1753/2115/1675 1656/2116/1589
f 1656/2116/1589 1753/2115/1675 1752/2117/1674
f 1752/2117/1674 1753/2115/1675 1669/2118/1600
f 1669/2119/1600 1655/2121/1588 1752/2120/1674
f 1754/2122/1676 1655/2121/1588 1669/2119/1600
f 1755/2123/1677 1655/2121/1588 1754/2122/1676
f 1755/2123/1677 1754/2122/1676 1756/2124/1678
f 1755/2123/1677 1756/2124/1678 1757/2125/1679
f 1755/2123/1677 1757/2125/1679 1667/2126/1599
f 1758/1780/1680 1604/1782/1549 1847/1779/1769
f 1604/1782/1549 1758/1780/1680 1851/1781/1773
f 1759/2127/1681 1763/2129/1685 1766/2128/1688
f 1766/2128/1688 1760/2130/1682 1759/2127/1681
f 1760/2130/1682 1766/2128/1688 1761/2131/1683
f 1761/2131/1683 1768/2132/1690 1760/2130/1682
f 1768/2132/1690 1759/2127/1681 1760/2130/1682
f 1787/2133/1709 1763/2129/1685 1762/2134/1684
f 1763/2129/1685 1787/2133/1709 1764/2135/1686
f 1764/2135/1686 1766/2128/1688 1763/2129/1685
f 1766/2128/1688 1764/2135/1686 1765/2136/1687
f 1765/2136/1687 1761/2131/1683 1766/2128/1688
f 1761/2131/1683 1765/2136/1687 1767/2137/1689
f 1768/2132/1690 1761/2131/1683 1767/2137/1689
f 1767/2137/1689 1773/2138/1695 1768/2132/1690
f 1759/2127/1681 1768/2132/1690 1773/2138/1695
f 1773/2138/1695 1769/2139/1691 1759/2127/1681
f 1763/2129/1685 1759/2127/1681 1769/2139/1691
f 1769/2139/1691 1762/2134/1684 1763/2129/1685
f 1762/2134/1684 1769/2139/1691 1775/2140/1697
f 1775/2140/1697 1786/2141/1708 1762/2134/1684
f 1786/2141/1708 1775/2140/1697 1771/2142/1693
f 1770/2143/1692 1771/2142/1693 1775/2140/1697
f 1771/2142/1693 1770/2143/1692 1772/2144/1694
f 1787/2133/1709 1772/2144/1694 1770/2143/1692
f 1773/2138/1695 1767/2137/1689 1765/2136/1687
f 1765/2136/1687 1774/2145/1696 1773/2138/1695
f 1769/2139/1691 1773/2138/1695 1774/2145/1696
f 1774/2145/1696 1775/2140/1697 1769/2139/1691
f 1775/2140/1697 1774/2145/1696 1770/2143/1692
f 1764/2135/1686 1770/2143/1692 1774/2145/1696
f 1770/2143/1692 1764/2135/1686 1787/2133/1709
f 1774/2145/1696 1765/2136/1687 1764/2135/1686
f 1781/2146/1703 1782/2148/1704 1776/2147/1698
f 1777/2149/1699 1776/2147/1698 1782/2148/1704
f 1776/2147/1698 1777/2149/1699 1778/2150/1700
f 1779/2151/1701 1778/2150/1700 1777/2149/1699
f 1778/2150/1700 1779/2151/1701 1780/2152/1702
f 1792/2153/1714 1780/2152/1702 1779/2151/1701
f 1780/2152/1702 1792/2153/1714 1781/2146/1703
f 1782/2148/1704 1781/2146/1703 1792/2153/1714
f 1792/2153/1714 1783/2154/1705 1782/2148/1704
f 1793/2155/1715 1782/2148/1704 1783/2154/1705
f 1783/2154/1705 1790/2156/1712 1793/2155/1715
f 1794/2157/1716 1793/2155/1715 1790/2156/1712
f 1790/2156/1712 1784/2158/1706 1794/2157/1716
f 1785/2159/1707 1794/2157/1716 1784/2158/1706
f 1784/2158/1706 1786/2141/1708 1785/2159/1707
f 1786/2141/1708 1784/2158/1706 1788/2160/1710
f 1788/2160/1710 1762/2134/1684 1786/2141/1708
f 1762/2134/1684 1788/2160/1710 1787/2133/1709
f 1772/2144/1694 1787/2133/1709 1788/2160/1710
f 1788/2160/1710 1789/2161/1711 1772/2144/1694
f 1789/2161/1711 1788/2160/1710 1784/2158/1706
f 1784/2158/1706 1790/2156/1712 1789/2161/1711
f 1797/2162/1719 1789/2161/1711 1790/2156/1712
f 1790/2156/1712 1783/2154/1705 1797/2162/1719
f 1791/2163/1713 1797/2162/1719 1783/2154/1705
f 1783/2154/1705 1792/2153/1714 1791/2163/1713
f 1779/2151/1701 1791/2163/1713 1792/2153/1714
f 1791/2163/1713 1779/2151/1701 1795/2164/1717
f 1777/2149/1699 1795/2164/1717 1779/2151/1701
f 1795/2164/1717 1777/2149/1699 1793/2155/1715
f 1782/2148/1704 1793/2155/1715 1777/2149/1699
f 1793/2155/1715 1794/2157/1716 1795/2164/1717
f 1796/2165/1718 1795/2164/1717 1794/2157/1716
f 1795/2164/1717 1796/2165/1718 1791/2163/1713
f 1797/2162/1719 1791/2163/1713 1796/2165/1718
f 1796/2165/1718 1798/2166/1720 1797/2162/1719
f 1789/2161/1711 1797/2162/1719 1798/2166/1720
f 1798/2166/1720 1772/2144/1694 1789/2161/1711
f 1772/2144/1694 1798/2166/1720 1771/2142/1693
f 1794/2157/1716 1785/2159/1707 1796/2165/1718
f 1798/2166/1720 1796/2165/1718 1785/2159/1707
f 1834/2167/1756 1833/2169/1755 1839/2168/1761
f 1832/2170/1754 1839/2168/1761 1833/2169/1755
f 1839/2168/1761 1832/2170/1754 1799/2171/1721
f 1817/2172/1739 1799/2171/1721 1832/2170/1754
f 1799/2171/1721 1817/2172/1739 1800/2173/1722
f 1815/2174/1737 1800/2173/1722 1817/2172/1739
f 1800/2173/1722 1815/2174/1737 1801/2175/1723
f 1816/2176/1738 1801/2175/1723 1815/2174/1737
f 1801/2175/1723 1816/2176/1738 1802/2177/1724
f 1814/2178/1736 1802/2177/1724 1816/2176/1738
f 1802/2177/1724 1814/2178/1736 1843/2179/1765
f 1811/2180/1733 1843/2179/1765 1814/2178/1736
f 1843/2179/1765 1811/2180/1733 1846/2181/1768
f 1812/2182/1734 1846/2181/1768 1811/2180/1733
f 1846/2181/1768 1812/2182/1734 1803/2183/1725
f 1804/2184/1726 1803/2183/1725 1812/2182/1734
f 1803/2183/1725 1804/2184/1726 1806/2185/1728
f 1805/2186/1727 1806/2185/1728 1804/2184/1726
f 1806/2185/1728 1805/2186/1727 1807/2187/1729
f 1826/2188/1748 1807/2187/1729 1805/2186/1727
f 1827/2189/1749 1826/2188/1748 1808/2190/1730
f 1805/2186/1727 1808/2190/1730 1826/2188/1748
f 1808/2190/1730 1805/2186/1727 1823/2191/1745
f 1804/2184/1726 1823/2191/1745 1805/2186/1727
f 1823/2191/1745 1804/2184/1726 1809/2192/1731
f 1812/2182/1734 1809/2192/1731 1804/2184/1726
f 1809/2192/1731 1812/2182/1734 1810/2193/1732
f 1811/2180/1733 1810/2193/1732 1812/2182/1734
f 1810/2193/1732 1811/2180/1733 1813/2193/1735
f 1814/2178/1736 1813/2193/1735 1811/2180/1733
f 1813/2193/1735 1814/2178/1736 1819/2194/1741
f 1816/2176/1738 1819/2194/1741 1814/2178/1736
f 1819/2194/1741 1816/2176/1738 1818/2195/1740
f 1815/2174/1737 1818/2195/1740 1816/2176/1738
f 1818/2195/1740 1815/2174/1737 1830/2174/1752
f 1817/2172/1739 1830/2174/1752 1815/2174/1737
f 1830/2174/1752 1817/2172/1739 1829/2196/1751
f 1832/2170/1754 1829/2196/1751 1817/2172/1739
f 1830/2174/1752 1844/2197/1766 1818/2195/1740
f 1845/2198/1767 1818/2195/1740 1844/2197/1766
f 1818/2195/1740 1845/2198/1767 1819/2194/1741
f 1821/2199/1743 1819/2194/1741 1845/2198/1767
f 1819/2194/1741 1821/2199/1743 1813/2193/1735
f 1820/2199/1742 1813/2193/1735 1821/2199/1743
f 1813/2193/1735 1820/2199/1742 1810/2193/1732
f 1822/2200/1744 1810/2193/1732 1820/2199/1742
f 1810/2193/1732 1822/2200/1744 1809/2192/1731
f 1836/2201/1758 1809/2192/1731 1822/2200/1744
f 1809/2192/1731 1836/2201/1758 1823/2191/1745
f 1837/2202/1759 1823/2191/1745 1836/2201/1758
f 1823/2191/1745 1837/2202/1759 1808/2190/1730
f 1838/2203/1760 1808/2190/1730 1837/2202/1759
f 1808/2190/1730 1838/2203/1760 1827/2189/1749
f 1824/2204/1746 1827/2189/1749 1838/2203/1760
f 1821/2199/1743 1803/2183/1725 1820/2199/1742
f 1806/2185/1728 1820/2199/1742 1803/2183/1725
f 1820/2199/1742 1806/2185/1728 1822/2200/1744
f 1807/2187/1729 1822/2200/1744 1806/2185/1728
f 1822/2200/1744 1807/2187/1729 1836/2201/1758
f 1825/2205/1747 1836/2201/1758 1807/2187/1729
f 1807/2187/1729 1826/2188/1748 1825/2205/1747
f 1835/2206/1757 1825/2205/1747 1826/2188/1748
f 1826/2188/1748 1827/2189/1749 1835/2206/1757
f 1828/2207/1750 1835/2206/1757 1827/2189/1749
f 1827/2189/1749 1824/2204/1746 1828/2207/1750
f 1840/2208/1762 1828/2207/1750 1824/2204/1746
f 1828/2207/1750 1840/2208/1762 1831/2209/1753
f 1841/2210/1763 1831/2209/1753 1840/2208/1762
f 1831/2209/1753 1841/2210/1763 1829/2196/1751
f 1842/2175/1764 1829/2196/1751 1841/2210/1763
f 1829/2196/1751 1842/2175/1764 1830/2174/1752
f 1844/2197/1766 1830/2174/1752 1842/2175/1764
f 1829/2196/1751 1832/2170/1754 1831/2209/1753
f 1833/2169/1755 1831/2209/1753 1832/2170/1754
f 1831/2209/1753 1833/2169/1755 1828/2207/1750
f 1835/2206/1757 1828/2207/1750 1833/2169/1755
f 1833/2169/1755 1834/2167/1756 1835/2206/1757
f 1825/2205/1747 1835/2206/1757 1834/2167/1756
f 1836/2201/1758 1825/2205/1747 1837/2202/1759
f 1834/2167/1756 1837/2202/1759 1825/2205/1747
f 1837/2202/1759 1834/2167/1756 1838/2203/1760
f 1839/2168/1761 1838/2203/1760 1834/2167/1756
f 1838/2203/1760 1839/2168/1761 1824/2204/1746
f 1799/2171/1721 1824/2204/1746 1839/2168/1761
f 1824/2204/1746 1799/2171/1721 1840/2208/1762
f 1800/2173/1722 1840/2208/1762 1799/2171/1721
f 1840/2208/1762 1800/2173/1722 1841/2210/1763
f 1801/2175/1723 1841/2210/1763 1800/2173/1722
f 1841/2210/1763 1801/2175/1723 1842/2175/1764
f 1802/2177/1724 1842/2175/1764 1801/2175/1723
f 1842/2175/1764 1802/2177/1724 1844/2197/1766
f 1843/2179/1765 1844/2197/1766 1802/2177/1724
f 1844/2197/1766 1843/2179/1765 1845/2198/1767
f 1846/2181/1768 1845/2198/1767 1843/2179/1765
f 1845/2198/1767 1846/2181/1768 1821/2199/1743
f 1803/2183/1725 1821/2199/1743 1846/2181/1768
f 1848/2211/1770 1758/2213/1680 1847/2212/1769
f 1758/2213/1680 1848/2211/1770 1715/2214/1637
f 1848/2211/1770 1714/2215/1636 1715/2214/1637
f 1714/2215/1636 1848/2211/1770 1849/2216/1771
f 1601/2217/1546 1714/2215/1636 1849/2216/1771
f 1714/2215/1636 1601/2217/1546 1850/2218/1772
f 1852/2219/1774 1604/2221/1549 1851/2220/1773
f 1604/2221/1549 1852/2219/1774 1597/2222/1542
f 1711/2223/1633 1597/2222/1542 1852/2219/1774
f 1597/2222/1542 1711/2223/1633 1598/2224/1543
f 1712/2225/1634 1598/2224/1543 1711/2223/1633
f 1598/2224/1543 1712/2225/1634 1599/2226/1544
f 1854/2227/1776 1898/2229/1820 1853/2228/1775
f 1853/2228/1775 1855/2230/1777 1854/2227/1776
f 1855/2230/1777 1853/2228/1775 1865/2231/1787
f 1865/2231/1787 1856/2232/1778 1855/2230/1777
f 1856/2232/1778 1865/2231/1787 1857/2233/1779
f 1857/2233/1779 1860/2234/1782 1856/2232/1778
f 1860/2234/1782 1857/2233/1779 1861/2235/1783
f 1905/2236/1827 1902/2238/1824 1887/2237/1809
f 1887/2237/1809 1871/2239/1793 1905/2236/1827
f 1905/2236/1827 1871/2239/1793 1866/2240/1788
f 1854/2227/1776 1866/2240/1788 1871/2239/1793
f 1854/2227/1776 1858/2241/1780 1866/2240/1788
f 1858/2241/1780 1854/2227/1776 1855/2230/1777
f 1855/2230/1777 1868/2242/1790 1858/2241/1780
f 1868/2242/1790 1855/2230/1777 1856/2232/1778
f 1856/2232/1778 1859/2243/1781 1868/2242/1790
f 1859/2243/1781 1856/2232/1778 1860/2234/1782
f 1860/2234/1782 1862/2244/1784 1859/2243/1781
f 1862/2244/1784 1860/2234/1782 1861/2235/1783
f 1861/2235/1783 1863/2245/1785 1862/2244/1784
f 1863/2245/1785 1861/2235/1783 1857/2233/1779
f 1857/2233/1779 1864/2246/1786 1863/2245/1785
f 1864/2246/1786 1857/2233/1779 1865/2231/1787
f 1865/2231/1787 1867/2247/1789 1864/2246/1786
f 1867/2247/1789 1865/2231/1787 1853/2228/1775
f 1867/2247/1789 1905/2236/1827 1866/2240/1788
f 1866/2240/1788 1864/2246/1786 1867/2247/1789
f 1864/2246/1786 1866/2240/1788 1858/2241/1780
f 1858/2241/1780 1863/2245/1785 1864/2246/1786
f 1863/2245/1785 1858/2241/1780 1868/2242/1790
f 1868/2242/1790 1862/2244/1784 1863/2245/1785
f 1862/2244/1784 1868/2242/1790 1859/2243/1781
f 1886/2248/1808 1885/2250/1807 1869/2249/1791
f 1869/2249/1791 1870/2251/1792 1886/2248/1808
f 1887/2237/1809 1886/2248/1808 1870/2251/1792
f 1870/2251/1792 1871/2239/1793 1887/2237/1809
f 1871/2239/1793 1870/2251/1792 1872/2252/1794
f 1872/2252/1794 1880/2253/1802 1871/2239/1793
f 1873/2254/1795 1871/2239/1793 1880/2253/1802
f 1880/2253/1802 1874/2255/1796 1873/2254/1795
f 1875/2256/1797 1873/2254/1795 1874/2255/1796
f 1874/2255/1796 1882/2257/1804 1875/2256/1797
f 1897/2258/1819 1875/2256/1797 1882/2257/1804
f 1882/2257/1804 1876/2259/1798 1897/2258/1819
f 1878/2260/1800 1897/2258/1819 1876/2259/1798
f 1876/2259/1798 1877/2261/1799 1878/2260/1800
f 1896/2262/1818 1878/2260/1800 1877/2261/1799
f 1877/2261/1799 1879/2263/1801 1896/2262/1818
f 1899/2264/1821 1896/2262/1818 1879/2263/1801
f 1879/2263/1801 1900/2265/1822 1899/2264/1821
f 1880/2253/1802 1872/2252/1794 1888/2266/1810
f 1888/2266/1810 1881/2267/1803 1880/2253/1802
f 1874/2255/1796 1880/2253/1802 1881/2267/1803
f 1881/2267/1803 1891/2268/1813 1874/2255/1796
f 1882/2257/1804 1874/2255/1796 1891/2268/1813
f 1891/2268/1813 1895/2269/1817 1882/2257/1804
f 1876/2259/1798 1882/2257/1804 1895/2269/1817
f 1895/2269/1817 1894/2270/1816 1876/2259/1798
f 1877/2261/1799 1876/2259/1798 1894/2270/1816
f 1894/2270/1816 1883/2271/1805 1877/2261/1799
f 1879/2263/1801 1877/2261/1799 1883/2271/1805
f 1883/2271/1805 1884/2272/1806 1879/2263/1801
f 1900/2265/1822 1879/2263/1801 1884/2272/1806
f 1884/2272/1806 1885/2250/1807 1900/2265/1822
f 1901/2273/1823 1900/2265/1822 1885/2250/1807
f 1885/2250/1807 1886/2248/1808 1901/2273/1823
f 1902/2238/1824 1901/2273/1823 1886/2248/1808
f 1886/2248/1808 1887/2237/1809 1902/2238/1824
f 1853/2228/1775 1872/2252/1794 1867/2247/1789
f 1898/2229/1820 1872/2252/1794 1853/2228/1775
f 1888/2266/1810 1872/2252/1794 1898/2229/1820
f 1898/2229/1820 1889/2274/1811 1888/2266/1810
f 1881/2267/1803 1888/2266/1810 1889/2274/1811
f 1889/2274/1811 1890/2275/1812 1881/2267/1803
f 1891/2268/1813 1881/2267/1803 1890/2275/1812
f 1890/2275/1812 1892/2276/1814 1891/2268/1813
f 1895/2269/1817 1891/2268/1813 1892/2276/1814
f 1892/2276/1814 1893/2277/1815 1895/2269/1817
f 1894/2270/1816 1895/2269/1817 1893/2277/1815
f 1893/2277/1815 1910/2278/1832 1894/2270/1816
f 1883/2271/1805 1894/2270/1816 1910/2278/1832
f 1910/2278/1832 1908/2279/1830 1883/2271/1805
f 1884/2272/1806 1883/2271/1805 1908/2279/1830
f 1908/2279/1830 1906/2280/1828 1884/2272/1806
f 1885/2250/1807 1884/2272/1806 1906/2280/1828
f 1906/2280/1828 1869/2249/1791 1885/2250/1807
f 1910/2278/1832 1893/2277/1815 1899/2264/1821
f 1896/2262/1818 1899/2264/1821 1893/2277/1815
f 1893/2277/1815 1892/2276/1814 1896/2262/1818
f 1878/2260/1800 1896/2262/1818 1892/2276/1814
f 1892/2276/1814 1890/2275/1812 1878/2260/1800
f 1897/2258/1819 1878/2260/1800 1890/2275/1812
f 1890/2275/1812 1889/2274/1811 1897/2258/1819
f 1875/2256/1797 1897/2258/1819 1889/2274/1811
f 1889/2274/1811 1898/2229/1820 1875/2256/1797
f 1873/2254/1795 1875/2256/1797 1898/2229/1820
f 1898/2229/1820 1854/2227/1776 1873/2254/1795
f 1873/2254/1795 1854/2227/1776 1871/2239/1793
f 1909/2281/1831 1899/2264/1821 1900/2265/1822
f 1900/2265/1822 1901/2273/1823 1909/2281/1831
f 1907/2282/1829 1909/2281/1831 1901/2273/1823
f 1901/2273/1823 1902/2238/1824 1907/2282/1829
f 1903/2283/1825 1907/2282/1829 1902/2238/1824
f 1902/2238/1824 1905/2236/1827 1903/2283/1825
f 1904/2284/1826 1903/2283/1825 1905/2236/1827
f 1905/2236/1827 1867/2247/1789 1904/2284/1826
f 1904/2284/1826 1867/2247/1789 1872/2252/1794
f 1904/2284/1826 1872/2252/1794 1870/2251/1792
f 1870/2251/1792 1869/2249/1791 1904/2284/1826
f 1903/2283/1825 1904/2284/1826 1869/2249/1791
f 1869/2249/1791 1906/2280/1828 1903/2283/1825
f 1907/2282/1829 1903/2283/1825 1906/2280/1828
f 1906/2280/1828 1908/2279/1830 1907/2282/1829
f 1909/2281/1831 1907/2282/1829 1908/2279/1830
f 1908/2279/1830 1910/2278/1832 1909/2281/1831
f 1899/2264/1821 1909/2281/1831 1910/2278/1832
f 1954/2285/1727 1956/2287/1728 1940/2286/1726
f 1911/2288/1833 1940/2286/1726 1956/2287/1728
f 1940/2286/1726 1911/2288/1833 1912/2289/1734
f 1957/2290/1768 1912/2289/1734 1911/2288/1833
f 1912/2289/1734 1957/2290/1768 1941/2291/1733
f 1958/2292/1765 1941/2291/1733 1957/2290/1768
f 1941/2291/1733 1958/2292/1765 1944/2293/1736
f 1913/2294/1834 1944/2293/1736 1958/2292/1765
f 1944/2293/1736 1913/2294/1834 1914/2295/1738
f 1924/2296/1838 1914/2295/1738 1913/2294/1834
f 1914/2295/1738 1924/2296/1838 1916/2297/1835
f 1915/2298/1722 1916/2297/1835 1924/2296/1838
f 1916/2297/1835 1915/2298/1722 1945/2299/1739
f 1917/2300/1721 1945/2299/1739 1915/2298/1722
f 1945/2299/1739 1917/2300/1721 1948/2301/1754
f 1926/2302/1761 1948/2301/1754 1917/2300/1721
f 1948/2301/1754 1926/2302/1761 1921/1772/1837
f 1918/2303/1836 1921/1772/1837 1926/2302/1761
f 1921/1772/1837 1918/2303/1836 1922/2304/1757
f 1923/2305/1747 1922/2304/1757 1918/2303/1836
f 1922/2304/1757 1920/1771/1750 1921/1772/1837
f 1920/1771/1750 1922/2304/1757 1951/2306/1749
f 1952/2307/1748 1951/2306/1749 1922/2304/1757
f 1922/2304/1757 1923/2305/1747 1952/2307/1748
f 1955/2308/1729 1952/2307/1748 1923/2305/1747
f 1958/2292/1765 1936/1774/1845 1913/2294/1834
f 1938/2296/1764 1913/2294/1834 1936/1774/1845
f 1913/2294/1834 1938/2296/1764 1924/2296/1838
f 1949/2309/1763 1924/2296/1838 1938/2296/1764
f 1924/2296/1838 1949/2309/1763 1915/2298/1722
f 1925/2310/1762 1915/2298/1722 1949/2309/1763
f 1915/2298/1722 1925/2310/1762 1917/2300/1721
f 1950/2311/1847 1917/2300/1721 1925/2310/1762
f 1917/2300/1721 1950/2311/1847 1926/2302/1761
f 1927/2312/1839 1926/2302/1761 1950/2311/1847
f 1926/2302/1761 1927/2312/1839 1918/2303/1836
f 1929/2313/1759 1918/2303/1836 1927/2312/1839
f 1918/2303/1836 1929/2313/1759 1923/2305/1747
f 1928/2314/1840 1923/2305/1747 1929/2313/1759
f 1923/2305/1747 1928/2314/1840 1955/2308/1729
f 1931/2315/1744 1955/2308/1729 1928/2314/1840
f 1927/2312/1839 1953/2316/1730 1929/2313/1759
f 1939/2317/1745 1929/2313/1759 1953/2316/1730
f 1929/2313/1759 1939/2317/1745 1928/2314/1840
f 1930/2318/1731 1928/2314/1840 1939/2317/1745
f 1928/2314/1840 1930/2318/1731 1931/2315/1744
f 1933/2319/1842 1931/2315/1744 1930/2318/1731
f 1931/2315/1744 1933/2319/1842 1932/2320/1841
f 1942/2319/1846 1932/2320/1841 1933/2319/1842
f 1932/2320/1841 1942/2319/1846 1934/2320/1843
f 1943/2321/1741 1934/2320/1843 1942/2319/1846
f 1934/2320/1843 1943/2321/1741 1935/1773/1844
f 1937/1775/1740 1935/1773/1844 1943/2321/1741
f 1946/2297/1752 1936/1774/1845 1937/1775/1740
f 1936/1774/1845 1946/2297/1752 1938/2296/1764
f 1947/2322/1751 1938/2296/1764 1946/2297/1752
f 1938/2296/1764 1947/2322/1751 1949/2309/1763
f 1919/1770/1753 1949/2309/1763 1947/2322/1751
f 1953/2316/1730 1954/2285/1727 1939/2317/1745
f 1940/2286/1726 1939/2317/1745 1954/2285/1727
f 1939/2317/1745 1940/2286/1726 1930/2318/1731
f 1912/2289/1734 1930/2318/1731 1940/2286/1726
f 1930/2318/1731 1912/2289/1734 1933/2319/1842
f 1941/2291/1733 1933/2319/1842 1912/2289/1734
f 1933/2319/1842 1941/2291/1733 1942/2319/1846
f 1944/2293/1736 1942/2319/1846 1941/2291/1733
f 1942/2319/1846 1944/2293/1736 1943/2321/1741
f 1914/2295/1738 1943/2321/1741 1944/2293/1736
f 1943/2321/1741 1914/2295/1738 1937/1775/1740
f 1916/2297/1835 1937/1775/1740 1914/2295/1738
f 1937/1775/1740 1916/2297/1835 1946/2297/1752
f 1945/2299/1739 1946/2297/1752 1916/2297/1835
f 1946/2297/1752 1945/2299/1739 1947/2322/1751
f 1948/2301/1754 1947/2322/1751 1945/2299/1739
f 1947/2322/1751 1948/2301/1754 1919/1770/1753
f 1921/1772/1837 1919/1770/1753 1948/2301/1754
f 1949/2309/1763 1919/1770/1753 1925/2310/1762
f 1920/1771/1750 1925/2310/1762 1919/1770/1753
f 1925/2310/1762 1920/1771/1750 1950/2311/1847
f 1951/2306/1749 1950/2311/1847 1920/1771/1750
f 1950/2311/1847 1951/2306/1749 1927/2312/1839
f 1953/2316/1730 1927/2312/1839 1951/2306/1749
f 1951/2306/1749 1952/2307/1748 1953/2316/1730
f 1954/2285/1727 1953/2316/1730 1952/2307/1748
f 1952/2307/1748 1955/2308/1729 1954/2285/1727
f 1956/2287/1728 1954/2285/1727 1955/2308/1729
f 1955/2308/1729 1931/2315/1744 1956/2287/1728
f 1932/2320/1841 1956/2287/1728 1931/2315/1744
f 1956/2287/1728 1932/2320/1841 1911/2288/1833
f 1934/2320/1843 1911/2288/1833 1932/2320/1841
f 1911/2288/1833 1934/2320/1843 1957/2290/1768
f 1935/1773/1844 1957/2290/1768 1934/2320/1843
f 1957/2290/1768 1935/1773/1844 1958/2292/1765
f 1936/1774/1845 1958/2292/1765 1935/1773/1844
f 1967/2323/1856 1965/2325/1854 1966/2324/1855
f 1966/2324/1855 1959/2326/1848 1967/2323/1856
f 1960/2327/1849 1967/2323/1856 1959/2326/1848
f 1959/2326/1848 1991/2328/1880 1960/2327/1849
f 1969/2329/1858 1960/2327/1849 1991/2328/1880
f 1991/2328/1880 1961/2330/1850 1969/2329/1858
f 1971/2331/1860 1969/2329/1858 1961/2330/1850
f 1961/2330/1850 1962/2332/1851 1971/2331/1860
f 1972/2333/1861 1971/2331/1860 1962/2332/1851
f 1962/2332/1851 1963/2334/1852 1972/2333/1861
f 1973/2335/1862 1972/2333/1861 1963/2334/1852
f 1963/2334/1852 1988/2336/1877 1973/2335/1862
f 1974/2337/1863 1973/2335/1862 1988/2336/1877
f 1988/2336/1877 1986/2338/1875 1974/2337/1863
f 1964/2339/1853 1974/2337/1863 1986/2338/1875
f 1994/2340/1883 1966/2324/1855 1965/2325/1854
f 1975/2341/1864 1994/2340/1883 1965/2325/1854
f 1965/2325/1854 1967/2323/1856 1975/2341/1864
f 1968/2342/1857 1975/2341/1864 1967/2323/1856
f 1967/2323/1856 1960/2327/1849 1968/2342/1857
f 1970/2343/1859 1968/2342/1857 1960/2327/1849
f 1960/2327/1849 1969/2329/1858 1970/2343/1859
f 1978/2344/1867 1970/2343/1859 1969/2329/1858
f 1969/2329/1858 1971/2331/1860 1978/2344/1867
f 1979/2345/1868 1978/2344/1867 1971/2331/1860
f 1971/2331/1860 1972/2333/1861 1979/2345/1868
f 1981/2346/1870 1979/2345/1868 1972/2333/1861
f 1972/2333/1861 1973/2335/1862 1981/2346/1870
f 1982/2347/1871 1981/2346/1870 1973/2335/1862
f 1973/2335/1862 1974/2337/1863 1982/2347/1871
f 1983/2348/1872 1982/2347/1871 1974/2337/1863
f 1974/2337/1863 1964/2339/1853 1983/2348/1872
f 1985/2349/1874 1983/2348/1872 1964/2339/1853
f 1994/2340/1883 1975/2341/1864 1993/2350/1882
f 1975/2341/1864 1968/2342/1857 1993/2350/1882
f 1977/2351/1866 1993/2350/1882 1968/2342/1857
f 1968/2342/1857 1970/2343/1859 1977/2351/1866
f 1976/2352/1865 1977/2351/1866 1970/2343/1859
f 1970/2343/1859 1978/2344/1867 1976/2352/1865
f 1992/2353/1881 1976/2352/1865 1978/2344/1867
f 1978/2344/1867 1979/2345/1868 1992/2353/1881
f 1980/2354/1869 1992/2353/1881 1979/2345/1868
f 1979/2345/1868 1981/2346/1870 1980/2354/1869
f 1990/2355/1879 1980/2354/1869 1981/2346/1870
f 1981/2346/1870 1982/2347/1871 1990/2355/1879
f 1989/2356/1878 1990/2355/1879 1982/2347/1871
f 1982/2347/1871 1983/2348/1872 1989/2356/1878
f 1984/2357/1873 1989/2356/1878 1983/2348/1872
f 1983/2348/1872 1985/2349/1874 1984/2357/1873
f 1987/2358/1876 1984/2357/1873 1985/2349/1874
f 1986/2338/1875 1985/2349/1874 1964/2339/1853
f 1985/2349/1874 1986/2338/1875 1987/2358/1876
f 1986/2338/1875 1988/2336/1877 1987/2358/1876
f 1984/2357/1873 1987/2358/1876 1988/2336/1877
f 1988/2336/1877 1963/2334/1852 1984/2357/1873
f 1989/2356/1878 1984/2357/1873 1963/2334/1852
f 1963/2334/1852 1962/2332/1851 1989/2356/1878
f 1990/2355/1879 1989/2356/1878 1962/2332/1851
f 1962/2332/1851 1961/2330/1850 1990/2355/1879
f 1980/2354/1869 1990/2355/1879 1961/2330/1850
f 1961/2330/1850 1991/2328/1880 1980/2354/1869
f 1992/2353/1881 1980/2354/1869 1991/2328/1880
f 1991/2328/1880 1959/2326/1848 1992/2353/1881
f 1976/2352/1865 1992/2353/1881 1959/2326/1848
f 1959/2326/1848 1966/2324/1855 1976/2352/1865
f 1977/2351/1866 1976/2352/1865 1966/2324/1855
f 1966/2324/1855 1994/2340/1883 1977/2351/1866
f 1993/2350/1882 1977/2351/1866 1994/2340/1883
f 2038/2359/1927 2037/2361/1926 2030/2360/1919
f 2030/2360/1919 2003/2362/1892 2038/2359/1927
f 2003/2362/1892 2030/2360/1919 2044/2363/1933
f 2044/2363/1933 1996/2364/1885 2003/2362/1892
f 1995/2365/1884 2003/2362/1892 1996/2364/1885
f 1996/2364/1885 2047/2366/1936 1995/2365/1884
f 1997/2367/1886 1995/2365/1884 2047/2366/1936
f 2047/2366/1936 2048/2367/1937 1997/2367/1886
f 1998/2368/1887 1997/2367/1886 2048/2367/1937
f 2048/2367/1937 1999/2369/1888 1998/2368/1887
f 2004/2370/1893 1998/2368/1887 1999/2369/1888
f 1999/2369/1888 2050/2371/1939 2004/2370/1893
f 2000/2372/1889 2004/2370/1893 2050/2371/1939
f 2050/2371/1939 2001/2373/1890 2000/2372/1889
f 2006/2374/1895 2000/2372/1889 2001/2373/1890
f 2001/2373/1890 2020/2375/1909 2006/2374/1895
f 2007/2376/1896 2006/2374/1895 2020/2375/1909
f 2020/2375/1909 2023/2377/1912 2007/2376/1896
f 2002/2378/1891 2038/2359/1927 2003/2362/1892
f 2003/2362/1892 1995/2365/1884 2002/2378/1891
f 2012/2379/1901 2002/2378/1891 1995/2365/1884
f 1995/2365/1884 1997/2367/1886 2012/2379/1901
f 2013/2380/1902 2012/2379/1901 1997/2367/1886
f 1997/2367/1886 1998/2368/1887 2013/2380/1902
f 2014/2381/1903 2013/2380/1902 1998/2368/1887
f 1998/2368/1887 2004/2370/1893 2014/2381/1903
f 2015/2382/1904 2014/2381/1903 2004/2370/1893
f 2004/2370/1893 2000/2372/1889 2015/2382/1904
f 2016/2383/1905 2015/2382/1904 2000/2372/1889
f 2000/2372/1889 2006/2374/1895 2016/2383/1905
f 2005/2381/1894 2016/2383/1905 2006/2374/1895
f 2006/2374/1895 2007/2376/1896 2005/2381/1894
f 2008/2384/1897 2005/2381/1894 2007/2376/1896
f 2007/2376/1896 2010/2385/1899 2008/2384/1897
f 2009/2386/1898 2008/2384/1897 2010/2385/1899
f 2010/2385/1899 2031/2387/1920 2009/2386/1898
f 2049/2388/1938 2011/2379/1900 2012/2379/1901
f 2012/2379/1901 2013/2380/1902 2049/2388/1938
f 2019/2389/1908 2049/2388/1938 2013/2380/1902
f 2013/2380/1902 2014/2381/1903 2019/2389/1908
f 2021/2390/1910 2019/2389/1908 2014/2381/1903
f 2014/2381/1903 2015/2382/1904 2021/2390/1910
f 2022/2391/1911 2021/2390/1910 2015/2382/1904
f 2015/2382/1904 2016/2383/1905 2022/2391/1911
f 2024/2392/1913 2022/2391/1911 2016/2383/1905
f 2016/2383/1905 2005/2381/1894 2024/2392/1913
f 2018/2393/1907 2024/2392/1913 2005/2381/1894
f 2005/2381/1894 2008/2384/1897 2018/2393/1907
f 2017/2394/1906 2018/2393/1907 2008/2384/1897
f 2008/2384/1897 2009/2386/1898 2017/2394/1906
f 2025/2395/1914 2017/2394/1906 2009/2386/1898
f 2009/2386/1898 2040/2396/1929 2025/2395/1914
f 2027/2397/1916 2025/2395/1914 2040/2396/1929
f 2040/2396/1929 2042/2398/1931 2027/2397/1916
f 2001/2373/1890 2050/2371/1939 2019/2389/1908
f 2019/2389/1908 2021/2390/1910 2001/2373/1890
f 2020/2375/1909 2001/2373/1890 2021/2390/1910
f 2021/2390/1910 2022/2391/1911 2020/2375/1909
f 2023/2377/1912 2020/2375/1909 2022/2391/1911
f 2022/2391/1911 2024/2392/1913 2023/2377/1912
f 2032/2399/1921 2023/2377/1912 2024/2392/1913
f 2024/2392/1913 2018/2393/1907 2032/2399/1921
f 2033/2400/1922 2032/2399/1921 2018/2393/1907
f 2018/2393/1907 2017/2394/1906 2033/2400/1922
f 2034/2401/1923 2033/2400/1922 2017/2394/1906
f 2017/2394/1906 2025/2395/1914 2034/2401/1923
f 2026/2402/1915 2034/2401/1923 2025/2395/1914
f 2025/2395/1914 2027/2397/1916 2026/2402/1915
f 2036/2403/1925 2026/2402/1915 2027/2397/1916
f 2027/2397/1916 2028/2404/1917 2036/2403/1925
f 2037/2361/1926 2036/2403/1925 2028/2404/1917
f 2028/2404/1917 2030/2360/1919 2037/2361/1926
f 2028/2404/1917 2027/2397/1916 2042/2398/1931
f 2042/2398/1931 2029/2405/1918 2028/2404/1917
f 2030/2360/1919 2028/2404/1917 2029/2405/1918
f 2029/2405/1918 2044/2363/1933 2030/2360/1919
f 2010/2385/1899 2007/2376/1896 2023/2377/1912
f 2023/2377/1912 2032/2399/1921 2010/2385/1899
f 2031/2387/1920 2010/2385/1899 2032/2399/1921
f 2032/2399/1921 2033/2400/1922 2031/2387/1920
f 2041/2406/1930 2031/2387/1920 2033/2400/1922
f 2033/2400/1922 2034/2401/1923 2041/2406/1930
f 2043/2407/1932 2041/2406/1930 2034/2401/1923
f 2034/2401/1923 2026/2402/1915 2043/2407/1932
f 2035/2408/1924 2043/2407/1932 2026/2402/1915
f 2026/2402/1915 2036/2403/1925 2035/2408/1924
f 2045/2409/1934 2035/2408/1924 2036/2403/1925
f 2036/2403/1925 2037/2361/1926 2045/2409/1934
f 2046/2410/1935 2045/2409/1934 2037/2361/1926
f 2037/2361/1926 2038/2359/1927 2046/2410/1935
f 2039/2411/1928 2046/2410/1935 2038/2359/1927
f 2038/2359/1927 2002/2378/1891 2039/2411/1928
f 2011/2379/1900 2039/2411/1928 2002/2378/1891
f 2002/2378/1891 2012/2379/1901 2011/2379/1900
f 2040/2396/1929 2009/2386/1898 2031/2387/1920
f 2031/2387/1920 2041/2406/1930 2040/2396/1929
f 2042/2398/1931 2040/2396/1929 2041/2406/1930
f 2041/2406/1930 2043/2407/1932 2042/2398/1931
f 2029/2405/1918 2042/2398/1931 2043/2407/1932
f 2043/2407/1932 2035/2408/1924 2029/2405/1918
f 2044/2363/1933 2029/2405/1918 2035/2408/1924
f 2035/2408/1924 2045/2409/1934 2044/2363/1933
f 1996/2364/1885 2044/2363/1933 2045/2409/1934
f 2045/2409/1934 2046/2410/1935 1996/2364/1885
f 2047/2366/1936 1996/2364/1885 2046/2410/1935
f 2046/2410/1935 2039/2411/1928 2047/2366/1936
f 2048/2367/1937 2047/2366/1936 2039/2411/1928
f 2039/2411/1928 2011/2379/1900 2048/2367/1937
f 1999/2369/1888 2048/2367/1937 2011/2379/1900
f 2011/2379/1900 2049/2388/1938 1999/2369/1888
f 2050/2371/1939 1999/2369/1888 2049/2388/1938
f 2049/2388/1938 2019/2389/1908 2050/2371/1939
f 2061/2412/1950 2052/1777/1941 2053/1778/1942
f 2052/1777/1941 2061/2412/1950 2054/2413/1943
f 2062/2414/1951 2054/2413/1943 2061/2412/1950
f 2054/2413/1943 2062/2414/1951 2087/2415/1976
f 2063/2416/1952 2087/2415/1976 2062/2414/1951
f 2087/2415/1976 2063/2416/1952 2089/2417/1978
f 2055/2418/1944 2089/2417/1978 2063/2416/1952
f 2089/2417/1978 2055/2418/1944 2091/2419/1980
f 2064/2420/1953 2091/2419/1980 2055/2418/1944
f 2091/2419/1980 2064/2420/1953 2090/2421/1979
f 2056/2422/1945 2090/2421/1979 2064/2420/1953
f 2090/2421/1979 2056/2422/1945 2092/2423/1981
f 2057/2424/1946 2092/2423/1981 2056/2422/1945
f 2092/2423/1981 2057/2424/1946 2059/2425/1948
f 2058/2426/1947 2059/2425/1948 2057/2424/1946
f 2059/2425/1948 2058/2426/1947 2095/2427/1984
f 2081/2428/1970 2095/2427/1984 2058/2426/1947
f 2053/1778/1942 2077/2429/1966 2061/2412/1950
f 2060/2430/1949 2061/2412/1950 2077/2429/1966
f 2061/2412/1950 2060/2430/1949 2062/2414/1951
f 2076/2431/1965 2062/2414/1951 2060/2430/1949
f 2062/2414/1951 2076/2431/1965 2063/2416/1952
f 2073/2432/1962 2063/2416/1952 2076/2431/1965
f 2063/2416/1952 2073/2432/1962 2055/2418/1944
f 2072/2433/1961 2055/2418/1944 2073/2432/1962
f 2055/2418/1944 2072/2433/1961 2064/2420/1953
f 2071/2434/1960 2064/2420/1953 2072/2433/1961
f 2064/2420/1953 2071/2434/1960 2056/2422/1945
f 2070/2435/1959 2056/2422/1945 2071/2434/1960
f 2056/2422/1945 2070/2435/1959 2057/2424/1946
f 2069/2436/1958 2057/2424/1946 2070/2435/1959
f 2057/2424/1946 2069/2436/1958 2058/2426/1947
f 2067/2437/1956 2058/2426/1947 2069/2436/1958
f 2058/2426/1947 2067/2437/1956 2081/2428/1970
f 2065/2438/1954 2081/2428/1970 2067/2437/1956
f 2098/2439/1987 2079/2441/1968 2097/2440/1986
f 2065/2438/1954 2097/2440/1986 2079/2441/1968
f 2097/2440/1986 2065/2438/1954 2066/2442/1955
f 2067/2437/1956 2066/2442/1955 2065/2438/1954
f 2066/2442/1955 2067/2437/1956 2096/2443/1985
f 2069/2436/1958 2096/2443/1985 2067/2437/1956
f 2096/2443/1985 2069/2436/1958 2068/2444/1957
f 2070/2435/1959 2068/2444/1957 2069/2436/1958
f 2068/2444/1957 2070/2435/1959 2094/2445/1983
f 2071/2434/1960 2094/2445/1983 2070/2435/1959
f 2094/2445/1983 2071/2434/1960 2093/2446/1982
f 2072/2433/1961 2093/2446/1982 2071/2434/1960
f 2093/2446/1982 2072/2433/1961 2074/2447/1963
f 2073/2432/1962 2074/2447/1963 2072/2433/1961
f 2074/2447/1963 2073/2432/1962 2075/2448/1964
f 2076/2431/1965 2075/2448/1964 2073/2432/1962
f 2075/2448/1964 2076/2431/1965 2088/2449/1977
f 2060/2430/1949 2088/2449/1977 2076/2431/1965
f 2088/2449/1977 2060/2430/1949 2086/2450/1975
f 2077/2429/1966 2086/2450/1975 2060/2430/1949
f 2081/2428/1970 2065/2438/1954 2078/2451/1967
f 2079/2441/1968 2078/2451/1967 2065/2438/1954
f 2078/2451/1967 2079/2441/1968 2084/2452/1973
f 2085/2453/1974 2084/2452/1973 2079/2441/1968
f 2079/2441/1968 2098/2439/1987 2085/2453/1974
f 2080/2454/1969 2085/2453/1974 2098/2439/1987
f 2095/2427/1984 2081/2428/1970 2082/2455/1971
f 2078/2451/1967 2082/2455/1971 2081/2428/1970
f 2082/2455/1971 2078/2451/1967 2083/2456/1972
f 2084/2452/1973 2083/2456/1972 2078/2451/1967
f 2083/2456/1972 2084/2452/1973 2051/1776/1940
f 2053/1778/1942 2051/1776/1940 2084/2452/1973
f 2084/2452/1973 2085/2453/1974 2053/1778/1942
f 2077/2429/1966 2053/1778/1942 2085/2453/1974
f 2085/2453/1974 2080/2454/1969 2077/2429/1966
f 2086/2450/1975 2077/2429/1966 2080/2454/1969
f 2080/2454/1969 2087/2415/1976 2086/2450/1975
f 2089/2417/1978 2086/2450/1975 2087/2415/1976
f 2086/2450/1975 2089/2417/1978 2088/2449/1977
f 2091/2419/1980 2088/2449/1977 2089/2417/1978
f 2088/2449/1977 2091/2419/1980 2075/2448/1964
f 2090/2421/1979 2075/2448/1964 2091/2419/1980
f 2075/2448/1964 2090/2421/1979 2074/2447/1963
f 2092/2423/1981 2074/2447/1963 2090/2421/1979
f 2074/2447/1963 2092/2423/1981 2093/2446/1982
f 2059/2425/1948 2093/2446/1982 2092/2423/1981
f 2093/2446/1982 2059/2425/1948 2094/2445/1983
f 2095/2427/1984 2094/2445/1983 2059/2425/1948
f 2094/2445/1983 2095/2427/1984 2068/2444/1957
f 2082/2455/1971 2068/2444/1957 2095/2427/1984
f 2068/2444/1957 2082/2455/1971 2096/2443/1985
f 2083/2456/1972 2096/2443/1985 2082/2455/1971
f 2096/2443/1985 2083/2456/1972 2066/2442/1955
f 2051/1776/1940 2066/2442/1955 2083/2456/1972
f 2066/2442/1955 2051/1776/1940 2097/2440/1986
f 2052/1777/1941 2097/2440/1986 2051/1776/1940
f 2097/2440/1986 2052/1777/1941 2098/2439/1987
f 2054/2413/1943 2098/2439/1987 2052/1777/1941
f 2098/2439/1987 2054/2413/1943 2080/2454/1969
f 2087/2415/1976 2080/2454/1969 2054/2413/1943
f 2137/2457/2026 2122/2459/2011 2139/2458/2028
f 2099/2460/1988 2139/2458/2028 2122/2459/2011
f 2139/2458/2028 2099/2460/1988 2100/2461/1989
f 2101/2462/1990 2100/2461/1989 2099/2460/1988
f 2100/2461/1989 2101/2462/1990 2102/2463/1991
f 2103/2464/1992 2102/2463/1991 2101/2462/1990
f 2102/2463/1991 2103/2464/1992 2141/2465/2030
f 2104/2466/1993 2141/2465/2030 2103/2464/1992
f 2141/2465/2030 2104/2466/1993 2142/2467/2031
f 2118/2468/2007 2142/2467/2031 2104/2466/1993
f 2142/2467/2031 2118/2468/2007 2143/2469/2032
f 2117/2470/2006 2143/2469/2032 2118/2468/2007
f 2143/2469/2032 2117/2470/2006 2105/2471/1994
f 2115/2472/2004 2105/2471/1994 2117/2470/2006
f 2105/2471/1994 2115/2472/2004 2106/2473/1995
f 2108/2474/1997 2106/2473/1995 2115/2472/2004
f 2106/2473/1995 2108/2474/1997 2107/2475/1996
f 2109/2476/1998 2107/2475/1996 2108/2474/1997
f 2107/2475/1996 2109/2476/1998 2111/2477/2000
f 2114/2478/2003 2111/2477/2000 2109/2476/1998
f 2110/2479/1999 2107/2475/1996 2126/2480/2015
f 2111/2477/2000 2126/2480/2015 2107/2475/1996
f 2126/2480/2015 2111/2477/2000 2124/2481/2013
f 2112/2482/2001 2124/2481/2013 2111/2477/2000
f 2111/2477/2000 2114/2478/2003 2112/2482/2001
f 2113/2483/2002 2112/2482/2001 2114/2478/2003
f 2121/2484/2010 2113/2483/2002 2135/2485/2024
f 2114/2478/2003 2135/2485/2024 2113/2483/2002
f 2135/2485/2024 2114/2478/2003 2136/2486/2025
f 2109/2476/1998 2136/2486/2025 2114/2478/2003
f 2136/2486/2025 2109/2476/1998 2125/2487/2014
f 2108/2474/1997 2125/2487/2014 2109/2476/1998
f 2125/2487/2014 2108/2474/1997 2116/2488/2005
f 2115/2472/2004 2116/2488/2005 2108/2474/1997
f 2116/2488/2005 2115/2472/2004 2127/2489/2016
f 2117/2470/2006 2127/2489/2016 2115/2472/2004
f 2127/2489/2016 2117/2470/2006 2128/2490/2017
f 2118/2468/2007 2128/2490/2017 2117/2470/2006
f 2128/2490/2017 2118/2468/2007 2129/2491/2018
f 2104/2466/1993 2129/2491/2018 2118/2468/2007
f 2129/2491/2018 2104/2466/1993 2119/2492/2008
f 2103/2464/1992 2119/2492/2008 2104/2466/1993
f 2119/2492/2008 2103/2464/1992 2120/2493/2009
f 2101/2462/1990 2120/2493/2009 2103/2464/1992
f 2120/2493/2009 2101/2462/1990 2131/2494/2020
f 2099/2460/1988 2131/2494/2020 2101/2462/1990
f 2131/2494/2020 2099/2460/1988 2132/2495/2021
f 2122/2459/2011 2132/2495/2021 2099/2460/1988
f 2132/2495/2021 2122/2459/2011 2121/2484/2010
f 2113/2483/2002 2121/2484/2010 2122/2459/2011
f 2122/2459/2011 2137/2457/2026 2113/2483/2002
f 2112/2482/2001 2113/2483/2002 2137/2457/2026
f 2137/2457/2026 2123/2496/2012 2112/2482/2001
f 2124/2481/2013 2112/2482/2001 2123/2496/2012
f 2123/2496/2012 2125/2487/2014 2124/2481/2013
f 2116/2488/2005 2124/2481/2013 2125/2487/2014
f 2124/2481/2013 2116/2488/2005 2126/2480/2015
f 2127/2489/2016 2126/2480/2015 2116/2488/2005
f 2126/2480/2015 2127/2489/2016 2110/2479/1999
f 2128/2490/2017 2110/2479/1999 2127/2489/2016
f 2110/2479/1999 2128/2490/2017 2146/2497/2035
f 2129/2491/2018 2146/2497/2035 2128/2490/2017
f 2146/2497/2035 2129/2491/2018 2145/2498/2034
f 2119/2492/2008 2145/2498/2034 2129/2491/2018
f 2145/2498/2034 2119/2492/2008 2144/2499/2033
f 2120/2493/2009 2144/2499/2033 2119/2492/2008
f 2144/2499/2033 2120/2493/2009 2130/2500/2019
f 2131/2494/2020 2130/2500/2019 2120/2493/2009
f 2130/2500/2019 2131/2494/2020 2140/2501/2029
f 2132/2495/2021 2140/2501/2029 2131/2494/2020
f 2140/2501/2029 2132/2495/2021 2133/2502/2022
f 2121/2484/2010 2133/2502/2022 2132/2495/2021
f 2133/2502/2022 2121/2484/2010 2134/2503/2023
f 2135/2485/2024 2134/2503/2023 2121/2484/2010
f 2134/2503/2023 2135/2485/2024 2138/2504/2027
f 2136/2486/2025 2138/2504/2027 2135/2485/2024
f 2138/2504/2027 2136/2486/2025 2123/2496/2012
f 2125/2487/2014 2123/2496/2012 2136/2486/2025
f 2123/2496/2012 2137/2457/2026 2138/2504/2027
f 2139/2458/2028 2138/2504/2027 2137/2457/2026
f 2138/2504/2027 2139/2458/2028 2134/2503/2023
f 2100/2461/1989 2134/2503/2023 2139/2458/2028
f 2134/2503/2023 2100/2461/1989 2133/2502/2022
f 2102/2463/1991 2133/2502/2022 2100/2461/1989
f 2133/2502/2022 2102/2463/1991 2140/2501/2029
f 2141/2465/2030 2140/2501/2029 2102/2463/1991
f 2140/2501/2029 2141/2465/2030 2130/2500/2019
f 2142/2467/2031 2130/2500/2019 2141/2465/2030
f 2130/2500/2019 2142/2467/2031 2144/2499/2033
f 2143/2469/2032 2144/2499/2033 2142/2467/2031
f 2144/2499/2033 2143/2469/2032 2145/2498/2034
f 2105/2471/1994 2145/2498/2034 2143/2469/2032
f 2145/2498/2034 2105/2471/1994 2146/2497/2035
f 2106/2473/1995 2146/2497/2035 2105/2471/1994
f 2146/2497/2035 2106/2473/1995 2110/2479/1999
f 2107/2475/1996 2110/2479/1999 2106/2473/1995
